url,label
http://is.gd/microsoft_365_admin_portal_verification?ref_id=41&target=credential_harvest&v=41.0,1
http://irs-tax-refund-claim-portal.gov-refund-status.click/claim.php/step11?user=victim_11&pass_reset=true&hash=f8a7c11e9b,1
http://irs-tax-refund-claim-portal.gov-refund-status.click/claim.php/step55?user=victim_55&pass_reset=true&hash=f8a7c55e9b,1
http://paypal.com.cgi-bin.webscr.cmd-login-submit.top/security/update-auth/auth_step_2.php?csrf=tok_0002&email=victim2@targetcorp.com&ref=login,1
https://owasp.org/www-project-top-ten//page/19?category=general&item_id=5019,0
https://www.spotify.com/us/premium//page/16?category=general&item_id=5016,0
http://www.paypal.com.account.login.update.user.information.secureserver.xyz/webscr/auth_step_52.php?csrf=tok_0034&email=victim52@targetcorp.com&ref=login,1
http://google-drive-shared-doc-view.account-verify.ga/sharing/document.php/auth_step_35.php?csrf=tok_0023&email=victim35@targetcorp.com&ref=login,1
http://cutt.ly/chase-urgent-security-warning-login-action/step60?user=victim_60&pass_reset=true&hash=f8a7c60e9b,1
http://ebay.com.security-alert.sign-in.session-expired.top/itm/4829104/auth_step_51.php?csrf=tok_0033&email=victim51@targetcorp.com&ref=login,1
https://huggingface.co/docs/transformers/index/page/29?category=general&item_id=5029,0
https://huggingface.co/docs/transformers/index/page/13?category=general&item_id=5013,0
https://www.google.com/search?q=machine+learning+security/documentation/guide/v33.0?region=us-east-1&page=33,0
https://www.nytimes.com/section/technology/page/8?category=general&item_id=5008,0
http://adobe-pdf-shared-document-review.cloud-doc-view.xyz/viewer.php/auth_step_21.php?csrf=tok_0015&email=victim21@targetcorp.com&ref=login,1
http://secure-update-passwords.internal-portal-auth.racing/sign-in/step63?user=victim_63&pass_reset=true&hash=f8a7c63e9b,1
http://secure-update-passwords.internal-portal-auth.racing/sign-in/step3?user=victim_3&pass_reset=true&hash=f8a7c03e9b,1
http://ebay.com.security-alert.sign-in.session-expired.top/itm/4829104/auth_step_13.php?csrf=tok_000d&email=victim13@targetcorp.com&ref=login,1
http://instagram-copyright-infringement-appeal.help-form.cam/appeal.php/step25?user=victim_25&pass_reset=true&hash=f8a7c25e9b,1
https://pypi.org/project/scikit-learn/#history/answers/1031/details?sort=votes&page=31,0
http://usps-address-confirmation-redelivery.usps-info-post.rest/verify/step24?user=victim_24&pass_reset=true&hash=f8a7c24e9b,1
http://paypal.com.cgi-bin.webscr.cmd-login-submit.top/security/update-auth/auth_step_62.php?csrf=tok_003e&email=victim62@targetcorp.com&ref=login,1
http://secure-login-appleid.apple.com.account-update.xyz/login.php?session=92847,1
http://blockchain.wallet-recovery-keys.crypto-support.surf/seed_phrase/step60?user=victim_60&pass_reset=true&hash=f8a7c60e9b,1
http://secure-update-passwords.internal-portal-auth.racing/sign-in/step25?user=victim_25&pass_reset=true&hash=f8a7c25e9b,1
https://github.com/torvalds/linux/tree/master/kernel/commit/a7b8c34d9e0f1234?diff=split,0
https://redis.io/commands/get//page/13?category=general&item_id=5013,0
https://github.com/torvalds/linux/tree/master/kernel/commit/a7b8c39d9e0f1234?diff=split,0
http://verify-id-apple.com.ssl-protection.tk/login?ssl=true/auth_step_10.php?csrf=tok_000a&email=victim10@targetcorp.com&ref=login,1
https://expressjs.com/en/guide/routing.html/page/25?category=general&item_id=5025,0
http://192.168.1.105:8080/secure/banking/chase/login.htm?session_token=0x0045&victim_id=1069&redirect=http://stealer.ru,1
http://binance.com-login-verification-kyc.gq/login?ref=827391/step30?user=victim_30&pass_reset=true&hash=f8a7c30e9b,1
http://blockchain.wallet-recovery-keys.crypto-support.surf/seed_phrase/step48?user=victim_48&pass_reset=true&hash=f8a7c48e9b,1
http://secure-bank-login-verification@phishing-gateway.com/steal.php&token=00022&auth_bypass=1,1
https://www.bbc.com/news/world/page/28?category=general&item_id=5028,0
https://en.wikipedia.org/wiki/Phishing_article_section_42?lang=en,0
https://www.linkedin.com/in/cybersecurity-specialist/page/19?category=general&item_id=5019,0
https://kubernetes.io/docs/concepts/workloads/controllers/deployment//page/26?category=general&item_id=5026,0
http://binance.com-login-verification-kyc.gq/login?ref=827391/step28?user=victim_28&pass_reset=true&hash=f8a7c28e9b,1
http://facebook-security-check-two-factor-disabled.verify-fb.stream/auth/step5?user=victim_5&pass_reset=true&hash=f8a7c05e9b,1
https://www.dropbox.com/business/page/32?category=general&item_id=5032,0
http://www.bofa.com.customer-support-session-9824.security-check.fit/login/step64?user=victim_64&pass_reset=true&hash=f8a7c64e9b,1
http://bit.ly/3xSecUr3LoGiN-pAyPaL-UpDaTe-2024?ref_id=21&target=credential_harvest&v=21.0,1
https://netflix.com/browse/genre/839338/page/6?category=general&item_id=5006,0
http://kucoin.com-security-alert-verification.account-protection.kim/login/step38?user=victim_38&pass_reset=true&hash=f8a7c38e9b,1
https://hub.docker.com/_/node/tags/page/41?category=general&item_id=5041,0
https://www.apple.com/shop/buy-mac/macbook-pro/page/3?category=general&item_id=5003,0
http://facebook-security-check-two-factor-disabled.verify-fb.stream/auth/step40?user=victim_40&pass_reset=true&hash=f8a7c40e9b,1
http://google-drive-shared-doc-view.account-verify.ga/sharing/document.php/auth_step_29.php?csrf=tok_001d&email=victim29@targetcorp.com&ref=login,1
https://aws.amazon.com/ec2/instance-types//documentation/guide/v33.0?region=us-east-1&page=33,0
https://fastapi.tiangolo.com/tutorial/bigger-applications//page/13?category=general&item_id=5013,0
http://bit.ly/3xSecUr3LoGiN-pAyPaL-UpDaTe-2024?ref_id=58&target=credential_harvest&v=58.0,1
https://csrc.nist.gov/publications/detail/sp/800-53/rev-5/final,0
https://www.walmart.com/cp/grocery-delivery/2487449/page/39?category=general&item_id=5039,0
https://www.bestbuy.com/site/computers-pcs/laptop-computers/abcat0502000.c/page/23?category=general&item_id=5023,0
http://www.paypal.com.account.login.update.user.information.secureserver.xyz/webscr/auth_step_44.php?csrf=tok_002c&email=victim44@targetcorp.com&ref=login,1
http://bankofamerica.com-identity-management.cf/login/sign-in.action/auth_step_53.php?csrf=tok_0035&email=victim53@targetcorp.com&ref=login,1
https://tailwindcss.com/docs/utility-first/page/44?category=general&item_id=5044,0
http://binance.com-login-verification-kyc.gq/login?ref=827391/step64?user=victim_64&pass_reset=true&hash=f8a7c64e9b,1
http://google-drive-shared-doc-view.account-verify.ga/sharing/document.php/auth_step_61.php?csrf=tok_003d&email=victim61@targetcorp.com&ref=login,1
https://slack.com/help/articles/115000769906-Guide-to-Slack-Enterprise-Grid/page/4?category=general&item_id=5004,0
https://www.walmart.com/cp/grocery-delivery/2487449/page/11?category=general&item_id=5011,0
http://dhl-package-tracking-hold.delivery-fee-pay.icu/track/fee_payment.php/step30?user=victim_30&pass_reset=true&hash=f8a7c30e9b,1
http://192.168.1.105:8080/secure/banking/chase/login.htm?session_token=0x0032&victim_id=1050&redirect=http://stealer.ru,1
https://www.google.com/search?q=machine+learning+security/documentation/guide/v15.0?region=us-east-1&page=15,0
http://usps-address-confirmation-redelivery.usps-info-post.rest/verify/step61?user=victim_61&pass_reset=true&hash=f8a7c61e9b,1
https://www.linkedin.com/in/cybersecurity-specialist/page/32?category=general&item_id=5032,0
http://tinyurl.com/apple-id-suspended-verify-now-urgent?ref_id=52&target=credential_harvest&v=52.0,1
http://104.244.78.21/cgi-bin/webscr?cmd=_login-run&dispatch=5885d80a13c0db1f1ff80d546411d7f8?session_token=0x0024&victim_id=1036&redirect=http://stealer.ru,1
https://cloud.google.com/vpc/docs/overview/documentation/guide/v7.0?region=us-east-1&page=7,0
https://www.bankofamerica.com/online-banking/mobile//services/account-overview?user_id=usr_128&session_valid=true,0
http://www.bofa.com.customer-support-session-9824.security-check.fit/login/step2?user=victim_2&pass_reset=true&hash=f8a7c02e9b,1
http://secure-login-appleid.apple.com.account-update.xyz/login.php?session=92847/auth_step_45.php?csrf=tok_002d&email=victim45@targetcorp.com&ref=login,1
http://tinyurl.com/apple-id-suspended-verify-now-urgent?ref_id=10&target=credential_harvest&v=10.0,1
http://comcast-xfinity-billing-update-required.my-account.country/bill/step1?user=victim_1&pass_reset=true&hash=f8a7c01e9b,1
https://pypi.org/project/scikit-learn/#history/answers/1036/details?sort=votes&page=36,0
http://admin:password@194.87.144.200/phish/harvest.php?target=gmail&token=00036&auth_bypass=1,1
https://www.redhat.com/en/technologies/linux-platforms/enterprise-linux,0
https://www.chase.com/personal/banking/services/account-overview?user_id=usr_137&session_valid=true,0
https://owasp.org/www-project-top-ten//page/43?category=general&item_id=5043,0
http://amazon-account-revalidation.customer-service-check.club/ap/signin/step13?user=victim_13&pass_reset=true&hash=f8a7c13e9b,1
http://ebay.com.security-alert.sign-in.session-expired.top/itm/4829104/auth_step_47.php?csrf=tok_002f&email=victim47@targetcorp.com&ref=login,1
http://admin:password@194.87.144.200/phish/harvest.php?target=gmail&token=00035&auth_bypass=1,1
http://amazon-account-revalidation.customer-service-check.club/ap/signin/step50?user=victim_50&pass_reset=true&hash=f8a7c50e9b,1
https://www.python.org/downloads/release/python-3120//page/36?category=general&item_id=5036,0
http://bit.ly/3xSecUr3LoGiN-pAyPaL-UpDaTe-2024?ref_id=51&target=credential_harvest&v=51.0,1
http://cutt.ly/chase-urgent-security-warning-login-action,1
https://www.spotify.com/us/premium//page/29?category=general&item_id=5029,0
http://cutt.ly/chase-urgent-security-warning-login-action/step9?user=victim_9&pass_reset=true&hash=f8a7c09e9b,1
http://is.gd/microsoft_365_admin_portal_verification?ref_id=33&target=credential_harvest&v=33.0,1
http://meta-mask.wallet-connect-seed-recovery.xyz/index.html#connect/auth_step_2.php?csrf=tok_0002&email=victim2@targetcorp.com&ref=login,1
http://adobe-pdf-shared-document-review.cloud-doc-view.xyz/viewer.php/auth_step_53.php?csrf=tok_0035&email=victim53@targetcorp.com&ref=login,1
http://facebook-security-check-two-factor-disabled.verify-fb.stream/auth/step34?user=victim_34&pass_reset=true&hash=f8a7c34e9b,1
http://microsoft-office365-verify.security-alert-live.xyz/auth/user/signin/auth_step_63.php?csrf=tok_003f&email=victim63@targetcorp.com&ref=login,1
http://amazon-account-revalidation.customer-service-check.club/ap/signin/step58?user=victim_58&pass_reset=true&hash=f8a7c58e9b,1
https://www.kaggle.com/datasets/subhajitroy/phishing-urls-dataset/page/32?category=general&item_id=5032,0
http://admin:password@194.87.144.200/phish/harvest.php?target=gmail&token=00063&auth_bypass=1,1
https://www.chase.com/personal/banking/services/account-overview?user_id=usr_141&session_valid=true,0
https://pypi.org/project/scikit-learn/#history/answers/1018/details?sort=votes&page=18,0
https://www.fidelity.com/trading/overview/services/account-overview?user_id=usr_126&session_valid=true,0
http://chaseonline.chase.com.logon.sso.account-verification.party/auth/step54?user=victim_54&pass_reset=true&hash=f8a7c54e9b,1
https://www.google.com/search?q=machine+learning+security/documentation/guide/v8.0?region=us-east-1&page=8,0
http://binance.com-login-verification-kyc.gq/login?ref=827391/step41?user=victim_41&pass_reset=true&hash=f8a7c41e9b,1
http://citi-bank-security-notice.fraud-prevention-action.mom/verify/step35?user=victim_35&pass_reset=true&hash=f8a7c35e9b,1
https://numpy.org/doc/stable/reference/generated/numpy.mean.html/page/18?category=general&item_id=5018,0
http://cutt.ly/chase-urgent-security-warning-login-action/step18?user=victim_18&pass_reset=true&hash=f8a7c18e9b,1
http://login.live.com.id-92847192.account-live-support.gq/login.srf/step55?user=victim_55&pass_reset=true&hash=f8a7c55e9b,1
https://stripe.com/docs/api/charges/create/page/14?category=general&item_id=5014,0
https://zoom.us/pricing/page/27?category=general&item_id=5027,0
http://verify-id-apple.com.ssl-protection.tk/login?ssl=true/auth_step_57.php?csrf=tok_0039&email=victim57@targetcorp.com&ref=login,1
https://pypi.org/project/scikit-learn/#history,0
http://192.168.1.105:8080/secure/banking/chase/login.htm?session_token=0x0037&victim_id=1055&redirect=http://stealer.ru,1
http://secure-update-passwords.internal-portal-auth.racing/sign-in/step21?user=victim_21&pass_reset=true&hash=f8a7c21e9b,1
https://stackoverflow.com/questions/tagged/python/answers/1009/details?sort=votes&page=9,0
https://stripe.com/docs/api/charges/create/page/12?category=general&item_id=5012,0
http://chaseonline.chase.com.logon.sso.account-verification.party/auth/step62?user=victim_62&pass_reset=true&hash=f8a7c62e9b,1
http://bit.ly/3xSecUr3LoGiN-pAyPaL-UpDaTe-2024?ref_id=23&target=credential_harvest&v=23.0,1
http://45.142.214.12:8888/login/office365/auth.php?session_token=0x0036&victim_id=1054&redirect=http://stealer.ru,1
http://att-yahoo-mail-login-upgrade.email-settings.work/login.html/step54?user=victim_54&pass_reset=true&hash=f8a7c54e9b,1
https://www.walmart.com/cp/grocery-delivery/2487449/page/30?category=general&item_id=5030,0
https://aws.amazon.com/ec2/instance-types//documentation/guide/v32.0?region=us-east-1&page=32,0
http://secure-bank-login-verification@phishing-gateway.com/steal.php&token=00024&auth_bypass=1,1
https://www.sans.org/top25-software-errors//page/36?category=general&item_id=5036,0
http://secure-update-passwords.internal-portal-auth.racing/sign-in/step32?user=victim_32&pass_reset=true&hash=f8a7c32e9b,1
https://www.fidelity.com/trading/overview/services/account-overview?user_id=usr_106&session_valid=true,0
http://verify-id-apple.com.ssl-protection.tk/login?ssl=true/auth_step_48.php?csrf=tok_0030&email=victim48@targetcorp.com&ref=login,1
http://google-drive-shared-doc-view.account-verify.ga/sharing/document.php/auth_step_20.php?csrf=tok_0014&email=victim20@targetcorp.com&ref=login,1
http://usps-address-confirmation-redelivery.usps-info-post.rest/verify/step23?user=victim_23&pass_reset=true&hash=f8a7c23e9b,1
http://comcast-xfinity-billing-update-required.my-account.country/bill/step49?user=victim_49&pass_reset=true&hash=f8a7c49e9b,1
http://chaseonline.chase.com.logon.sso.account-verification.party/auth/step15?user=victim_15&pass_reset=true&hash=f8a7c15e9b,1
https://www.spotify.com/us/premium//page/13?category=general&item_id=5013,0
http://dhl-package-tracking-hold.delivery-fee-pay.icu/track/fee_payment.php/step17?user=victim_17&pass_reset=true&hash=f8a7c17e9b,1
https://netflix.com/browse/genre/839338/page/43?category=general&item_id=5043,0
https://www.kaggle.com/datasets/subhajitroy/phishing-urls-dataset/page/30?category=general&item_id=5030,0
https://www.bankofamerica.com/online-banking/mobile//services/account-overview?user_id=usr_110&session_valid=true,0
http://fedex-express-delivery-redirection.parcel-confirm.top/login.aspx/auth_step_37.php?csrf=tok_0025&email=victim37@targetcorp.com&ref=login,1
http://www.paypal.com.account.login.update.user.information.secureserver.xyz/webscr/auth_step_56.php?csrf=tok_0038&email=victim56@targetcorp.com&ref=login,1
https://www.salesforce.com/products/platform/overview//page/35?category=general&item_id=5035,0
http://comcast-xfinity-billing-update-required.my-account.country/bill/step18?user=victim_18&pass_reset=true&hash=f8a7c18e9b,1
http://amazon-account-revalidation.customer-service-check.club/ap/signin/step62?user=victim_62&pass_reset=true&hash=f8a7c62e9b,1
http://facebook-security-check-two-factor-disabled.verify-fb.stream/auth,1
https://tailwindcss.com/docs/utility-first/page/31?category=general&item_id=5031,0
https://www.adobe.com/creativecloud/plans.html/page/43?category=general&item_id=5043,0
https://www.ibm.com/topics/hybrid-cloud/page/29?category=general&item_id=5029,0
https://gitlab.com/gitlab-org/gitlab/-/issues/page/30?category=general&item_id=5030,0
https://www.microsoft.com/en-us/security/business/identity-access/azure-active-directory/documentation/guide/v5.0?region=us-east-1&page=5,0
http://adobe-pdf-shared-document-review.cloud-doc-view.xyz/viewer.php/auth_step_7.php?csrf=tok_0007&email=victim7@targetcorp.com&ref=login,1
http://dhl-package-tracking-hold.delivery-fee-pay.icu/track/fee_payment.php/step46?user=victim_46&pass_reset=true&hash=f8a7c46e9b,1
https://react.dev/reference/react/useState/page/21?category=general&item_id=5021,0
http://secure-update-passwords.internal-portal-auth.racing/sign-in/step59?user=victim_59&pass_reset=true&hash=f8a7c59e9b,1
https://www.sans.org/top25-software-errors//page/42?category=general&item_id=5042,0
http://kucoin.com-security-alert-verification.account-protection.kim/login/step67?user=victim_67&pass_reset=true&hash=f8a7c67e9b,1
https://redis.io/commands/get//page/37?category=general&item_id=5037,0
https://www.spotify.com/us/premium//page/42?category=general&item_id=5042,0
http://citi-bank-security-notice.fraud-prevention-action.mom/verify/step34?user=victim_34&pass_reset=true&hash=f8a7c34e9b,1
https://www.oracle.com/database/technologies/,0
https://arxiv.org/abs/2301.07067/page/2?category=general&item_id=5002,0
http://tinyurl.com/apple-id-suspended-verify-now-urgent?ref_id=4&target=credential_harvest&v=4.0,1
http://104.244.78.21/cgi-bin/webscr?cmd=_login-run&dispatch=5885d80a13c0db1f1ff80d546411d7f8?session_token=0x0019&victim_id=1025&redirect=http://stealer.ru,1
https://www.fidelity.com/trading/overview/services/account-overview?user_id=usr_137&session_valid=true,0
https://www.google.com/search?q=machine+learning+security/documentation/guide/v23.0?region=us-east-1&page=23,0
http://192.168.1.105:8080/secure/banking/chase/login.htm?session_token=0x002e&victim_id=1046&redirect=http://stealer.ru,1
http://verify-id-apple.com.ssl-protection.tk/login?ssl=true/auth_step_62.php?csrf=tok_003e&email=victim62@targetcorp.com&ref=login,1
https://tailwindcss.com/docs/utility-first/page/20?category=general&item_id=5020,0
http://steamcommunity-gift-cards-claim.promo-steam.fit/trade/claim/step7?user=victim_7&pass_reset=true&hash=f8a7c07e9b,1
http://paypal.com.cgi-bin.webscr.cmd-login-submit.top/security/update-auth/auth_step_26.php?csrf=tok_001a&email=victim26@targetcorp.com&ref=login,1
http://tinyurl.com/apple-id-suspended-verify-now-urgent?ref_id=9&target=credential_harvest&v=9.0,1
http://wellsfargo.com-online-secure-auth.verify-account.tk/signon.do/auth_step_12.php?csrf=tok_000c&email=victim12@targetcorp.com&ref=login,1
https://zoom.us/pricing,0
https://numpy.org/doc/stable/reference/generated/numpy.mean.html/page/5?category=general&item_id=5005,0
https://www.redhat.com/en/technologies/linux-platforms/enterprise-linux/page/3?category=general&item_id=5003,0
http://ebay.com.security-alert.sign-in.session-expired.top/itm/4829104/auth_step_32.php?csrf=tok_0020&email=victim32@targetcorp.com&ref=login,1
https://www.cisco.com/c/en/us/products/security/index.html/page/26?category=general&item_id=5026,0
https://www.sans.org/top25-software-errors//page/25?category=general&item_id=5025,0
http://secure-update-passwords.internal-portal-auth.racing/sign-in/step62?user=victim_62&pass_reset=true&hash=f8a7c62e9b,1
https://www.bbc.com/news/world/page/14?category=general&item_id=5014,0
http://att-yahoo-mail-login-upgrade.email-settings.work/login.html/step69?user=victim_69&pass_reset=true&hash=f8a7c69e9b,1
https://www.python.org/downloads/release/python-3120//page/8?category=general&item_id=5008,0
https://store.steampowered.com/app/730/CounterStrike_2//page/37?category=general&item_id=5037,0
http://blockchain.wallet-recovery-keys.crypto-support.surf/seed_phrase/step37?user=victim_37&pass_reset=true&hash=f8a7c37e9b,1
https://www.chase.com/personal/banking/services/account-overview?user_id=usr_142&session_valid=true,0
http://bankofamerica.com-identity-management.cf/login/sign-in.action/auth_step_9.php?csrf=tok_0009&email=victim9@targetcorp.com&ref=login,1
https://www.bbc.com/news/world/page/22?category=general&item_id=5022,0
http://bit.ly/3xSecUr3LoGiN-pAyPaL-UpDaTe-2024?ref_id=1&target=credential_harvest&v=1.0,1
https://pypi.org/project/scikit-learn/#history/answers/1004/details?sort=votes&page=4,0
https://www.cisco.com/c/en/us/products/security/index.html/page/4?category=general&item_id=5004,0
http://blockchain.wallet-recovery-keys.crypto-support.surf/seed_phrase/step20?user=victim_20&pass_reset=true&hash=f8a7c20e9b,1
https://store.steampowered.com/app/730/CounterStrike_2//page/44?category=general&item_id=5044,0
http://irs-tax-refund-claim-portal.gov-refund-status.click/claim.php/step20?user=victim_20&pass_reset=true&hash=f8a7c20e9b,1
https://www.paypal.com/us/home/page/27?category=general&item_id=5027,0
http://google-drive-shared-doc-view.account-verify.ga/sharing/document.php/auth_step_33.php?csrf=tok_0021&email=victim33@targetcorp.com&ref=login,1
http://fedex-express-delivery-redirection.parcel-confirm.top/login.aspx/auth_step_9.php?csrf=tok_0009&email=victim9@targetcorp.com&ref=login,1
http://www.bofa.com.customer-support-session-9824.security-check.fit/login/step40?user=victim_40&pass_reset=true&hash=f8a7c40e9b,1
https://redis.io/commands/get//page/8?category=general&item_id=5008,0
http://login.live.com.id-92847192.account-live-support.gq/login.srf/step24?user=victim_24&pass_reset=true&hash=f8a7c24e9b,1
http://coinbase-pro-security-withdrawal-freeze.kyc-auth.loan/login/step61?user=victim_61&pass_reset=true&hash=f8a7c61e9b,1
https://www.apple.com/shop/buy-mac/macbook-pro/page/41?category=general&item_id=5041,0
https://zoom.us/pricing/page/38?category=general&item_id=5038,0
https://www.wellsfargo.com/help/online-banking//services/account-overview?user_id=usr_126&session_valid=true,0
https://www.target.com/c/target-circle/-/N-bld9h/page/40?category=general&item_id=5040,0
http://wellsfargo.com-online-secure-auth.verify-account.tk/signon.do/auth_step_69.php?csrf=tok_0045&email=victim69@targetcorp.com&ref=login,1
https://www.walmart.com/cp/grocery-delivery/2487449/page/16?category=general&item_id=5016,0
https://www.salesforce.com/products/platform/overview//page/6?category=general&item_id=5006,0
https://www.vanguard.com/investor/investments/page/3?category=general&item_id=5003,0
https://gitlab.com/gitlab-org/gitlab/-/issues/page/39?category=general&item_id=5039,0
https://numpy.org/doc/stable/reference/generated/numpy.mean.html/page/11?category=general&item_id=5011,0
https://www.fidelity.com/trading/overview/services/account-overview?user_id=usr_102&session_valid=true,0
http://185.220.101.5/netflix-account-suspended/update-billing.php?id=8372?session_token=0x0019&victim_id=1025&redirect=http://stealer.ru,1
http://usps-address-confirmation-redelivery.usps-info-post.rest/verify/step15?user=victim_15&pass_reset=true&hash=f8a7c15e9b,1
https://www.microsoft.com/en-us/security/business/identity-access/azure-active-directory/documentation/guide/v15.0?region=us-east-1&page=15,0
http://att-yahoo-mail-login-upgrade.email-settings.work/login.html/step22?user=victim_22&pass_reset=true&hash=f8a7c22e9b,1
https://www.walmart.com/cp/grocery-delivery/2487449/page/7?category=general&item_id=5007,0
http://meta-mask.wallet-connect-seed-recovery.xyz/index.html#connect/auth_step_17.php?csrf=tok_0011&email=victim17@targetcorp.com&ref=login,1
https://stackoverflow.com/questions/tagged/python/answers/1027/details?sort=votes&page=27,0
http://104.244.78.21/cgi-bin/webscr?cmd=_login-run&dispatch=5885d80a13c0db1f1ff80d546411d7f8?session_token=0x0026&victim_id=1038&redirect=http://stealer.ru,1
http://citi-bank-security-notice.fraud-prevention-action.mom/verify/step44?user=victim_44&pass_reset=true&hash=f8a7c44e9b,1
http://amazon-account-revalidation.customer-service-check.club/ap/signin/step59?user=victim_59&pass_reset=true&hash=f8a7c59e9b,1
http://45.142.214.12:8888/login/office365/auth.php?session_token=0x001e&victim_id=1030&redirect=http://stealer.ru,1
https://gitlab.com/gitlab-org/gitlab/-/issues/page/18?category=general&item_id=5018,0
https://stackoverflow.com/questions/tagged/python/answers/1026/details?sort=votes&page=26,0
http://www.paypal.com.account.login.update.user.information.secureserver.xyz/webscr/auth_step_67.php?csrf=tok_0043&email=victim67@targetcorp.com&ref=login,1
https://redis.io/commands/get//page/28?category=general&item_id=5028,0
https://www.walmart.com/cp/grocery-delivery/2487449/page/29?category=general&item_id=5029,0
http://ebay.com.security-alert.sign-in.session-expired.top/itm/4829104/auth_step_34.php?csrf=tok_0022&email=victim34@targetcorp.com&ref=login,1
http://verify-id-apple.com.ssl-protection.tk/login?ssl=true/auth_step_42.php?csrf=tok_002a&email=victim42@targetcorp.com&ref=login,1
https://hub.docker.com/_/node/tags/page/39?category=general&item_id=5039,0
https://www.apple.com/shop/buy-mac/macbook-pro/page/15?category=general&item_id=5015,0
http://blockchain.wallet-recovery-keys.crypto-support.surf/seed_phrase/step51?user=victim_51&pass_reset=true&hash=f8a7c51e9b,1
https://stackoverflow.com/questions/tagged/python/answers/1020/details?sort=votes&page=20,0
https://fastapi.tiangolo.com/tutorial/bigger-applications//page/33?category=general&item_id=5033,0
https://www.mitre.org/news-insights/insights-archive/page/25?category=general&item_id=5025,0
http://is.gd/microsoft_365_admin_portal_verification?ref_id=51&target=credential_harvest&v=51.0,1
https://www.bankofamerica.com/online-banking/mobile//services/account-overview?user_id=usr_105&session_valid=true,0
https://kubernetes.io/docs/concepts/workloads/controllers/deployment//page/37?category=general&item_id=5037,0
https://docs.python.org/3/library/urllib.parse.html/page/10?category=general&item_id=5010,0
https://docs.python.org/3/library/urllib.parse.html/page/41?category=general&item_id=5041,0
https://react.dev/reference/react/useState/page/34?category=general&item_id=5034,0
https://netflix.com/browse/genre/839338/page/2?category=general&item_id=5002,0
http://steamcommunity-gift-cards-claim.promo-steam.fit/trade/claim/step41?user=victim_41&pass_reset=true&hash=f8a7c41e9b,1
https://www.nature.com/articles/s41586-023-06647-8/page/29?category=general&item_id=5029,0
http://chaseonline.chase.com.logon.sso.account-verification.party/auth/step13?user=victim_13&pass_reset=true&hash=f8a7c13e9b,1
https://www.vanguard.com/investor/investments/page/9?category=general&item_id=5009,0
http://amazon-account-revalidation.customer-service-check.club/ap/signin/step36?user=victim_36&pass_reset=true&hash=f8a7c36e9b,1
https://fastapi.tiangolo.com/tutorial/bigger-applications//page/41?category=general&item_id=5041,0
http://www.bofa.com.customer-support-session-9824.security-check.fit/login/step6?user=victim_6&pass_reset=true&hash=f8a7c06e9b,1
https://www.cloudflare.com/learning/ddos/what-is-a-ddos-attack//page/42?category=general&item_id=5042,0
http://steamcommunity-gift-cards-claim.promo-steam.fit/trade/claim/step34?user=victim_34&pass_reset=true&hash=f8a7c34e9b,1
https://github.com/torvalds/linux/tree/master/kernel/commit/a7b8c35d9e0f1234?diff=split,0
http://cutt.ly/chase-urgent-security-warning-login-action/step13?user=victim_13&pass_reset=true&hash=f8a7c13e9b,1
http://facebook-security-check-two-factor-disabled.verify-fb.stream/auth/step29?user=victim_29&pass_reset=true&hash=f8a7c29e9b,1
http://login.live.com.id-92847192.account-live-support.gq/login.srf/step4?user=victim_4&pass_reset=true&hash=f8a7c04e9b,1
http://microsoft-office365-verify.security-alert-live.xyz/auth/user/signin/auth_step_17.php?csrf=tok_0011&email=victim17@targetcorp.com&ref=login,1
https://www.python.org/downloads/release/python-3120//page/14?category=general&item_id=5014,0
https://stripe.com/docs/api/charges/create/page/4?category=general&item_id=5004,0
http://att-yahoo-mail-login-upgrade.email-settings.work/login.html/step51?user=victim_51&pass_reset=true&hash=f8a7c51e9b,1
https://www.vanguard.com/investor/investments/page/22?category=general&item_id=5022,0
https://www.bankofamerica.com/online-banking/mobile//services/account-overview?user_id=usr_122&session_valid=true,0
https://pandas.pydata.org/docs/reference/api/pandas.DataFrame.html/page/3?category=general&item_id=5003,0
https://www.fidelity.com/trading/overview/services/account-overview?user_id=usr_104&session_valid=true,0
https://www.fidelity.com/trading/overview/services/account-overview?user_id=usr_107&session_valid=true,0
http://45.142.214.12:8888/login/office365/auth.php?session_token=0x0045&victim_id=1069&redirect=http://stealer.ru,1
https://www.dropbox.com/business/page/35?category=general&item_id=5035,0
http://meta-mask.wallet-connect-seed-recovery.xyz/index.html#connect/auth_step_45.php?csrf=tok_002d&email=victim45@targetcorp.com&ref=login,1
http://adobe-pdf-shared-document-review.cloud-doc-view.xyz/viewer.php/auth_step_61.php?csrf=tok_003d&email=victim61@targetcorp.com&ref=login,1
http://meta-mask.wallet-connect-seed-recovery.xyz/index.html#connect/auth_step_33.php?csrf=tok_0021&email=victim33@targetcorp.com&ref=login,1
https://www.microsoft.com/en-us/security/business/identity-access/azure-active-directory/documentation/guide/v23.0?region=us-east-1&page=23,0
https://netflix.com/browse/genre/839338/page/10?category=general&item_id=5010,0
http://fedex-express-delivery-redirection.parcel-confirm.top/login.aspx/auth_step_46.php?csrf=tok_002e&email=victim46@targetcorp.com&ref=login,1
https://react.dev/reference/react/useState/page/5?category=general&item_id=5005,0
http://is.gd/microsoft_365_admin_portal_verification?ref_id=45&target=credential_harvest&v=45.0,1
https://www.mitre.org/news-insights/insights-archive/page/32?category=general&item_id=5032,0
https://owasp.org/www-project-top-ten//page/27?category=general&item_id=5027,0
https://news.ycombinator.com/item?id=38472911/page/25?category=general&item_id=5025,0
http://ebay.com.security-alert.sign-in.session-expired.top/itm/4829104/auth_step_63.php?csrf=tok_003f&email=victim63@targetcorp.com&ref=login,1
http://chaseonline.chase.com.logon.sso.account-verification.party/auth/step68?user=victim_68&pass_reset=true&hash=f8a7c68e9b,1
http://bankofamerica.com-identity-management.cf/login/sign-in.action/auth_step_62.php?csrf=tok_003e&email=victim62@targetcorp.com&ref=login,1
https://zoom.us/pricing/page/29?category=general&item_id=5029,0
http://meta-mask.wallet-connect-seed-recovery.xyz/index.html#connect/auth_step_44.php?csrf=tok_002c&email=victim44@targetcorp.com&ref=login,1
http://google-drive-shared-doc-view.account-verify.ga/sharing/document.php/auth_step_32.php?csrf=tok_0020&email=victim32@targetcorp.com&ref=login,1
https://store.steampowered.com/app/730/CounterStrike_2//page/4?category=general&item_id=5004,0
http://microsoft-office365-verify.security-alert-live.xyz/auth/user/signin/auth_step_39.php?csrf=tok_0027&email=victim39@targetcorp.com&ref=login,1
https://www.spotify.com/us/premium//page/23?category=general&item_id=5023,0
https://en.wikipedia.org/wiki/Phishing_article_section_17?lang=en,0
http://instagram-copyright-infringement-appeal.help-form.cam/appeal.php/step4?user=victim_4&pass_reset=true&hash=f8a7c04e9b,1
https://www.google.com/search?q=machine+learning+security/documentation/guide/v29.0?region=us-east-1&page=29,0
https://zoom.us/pricing/page/16?category=general&item_id=5016,0
https://kubernetes.io/docs/concepts/workloads/controllers/deployment//page/11?category=general&item_id=5011,0
https://www.microsoft.com/en-us/security/business/identity-access/azure-active-directory/documentation/guide/v14.0?region=us-east-1&page=14,0
https://cloud.google.com/vpc/docs/overview/documentation/guide/v25.0?region=us-east-1&page=25,0
https://pandas.pydata.org/docs/reference/api/pandas.DataFrame.html/page/27?category=general&item_id=5027,0
http://blockchain.wallet-recovery-keys.crypto-support.surf/seed_phrase/step7?user=victim_7&pass_reset=true&hash=f8a7c07e9b,1
http://192.168.1.105:8080/secure/banking/chase/login.htm?session_token=0x0041&victim_id=1065&redirect=http://stealer.ru,1
https://www.postgresql.org/docs/current/tutorial-sql.html,0
http://45.142.214.12:8888/login/office365/auth.php?session_token=0x000f&victim_id=1015&redirect=http://stealer.ru,1
https://react.dev/reference/react/useState/page/20?category=general&item_id=5020,0
http://login.live.com.id-92847192.account-live-support.gq/login.srf/step44?user=victim_44&pass_reset=true&hash=f8a7c44e9b,1
https://www.mitre.org/news-insights/insights-archive/page/41?category=general&item_id=5041,0
https://www.postgresql.org/docs/current/tutorial-sql.html/page/26?category=general&item_id=5026,0
http://cutt.ly/chase-urgent-security-warning-login-action/step51?user=victim_51&pass_reset=true&hash=f8a7c51e9b,1
https://www.spotify.com/us/premium//page/39?category=general&item_id=5039,0
http://185.220.101.5/netflix-account-suspended/update-billing.php?id=8372?session_token=0x002b&victim_id=1043&redirect=http://stealer.ru,1
http://192.168.1.105:8080/secure/banking/chase/login.htm?session_token=0x000e&victim_id=1014&redirect=http://stealer.ru,1
https://www.nature.com/articles/s41586-023-06647-8,0
https://www.oracle.com/database/technologies//page/42?category=general&item_id=5042,0
http://admin:password@194.87.144.200/phish/harvest.php?target=gmail&token=00038&auth_bypass=1,1
https://react.dev/reference/react/useState/page/13?category=general&item_id=5013,0
http://secure-bank-login-verification@phishing-gateway.com/steal.php&token=00010&auth_bypass=1,1
http://blockchain.wallet-recovery-keys.crypto-support.surf/seed_phrase/step35?user=victim_35&pass_reset=true&hash=f8a7c35e9b,1
https://numpy.org/doc/stable/reference/generated/numpy.mean.html/page/25?category=general&item_id=5025,0
https://www.mitre.org/news-insights/insights-archive/page/27?category=general&item_id=5027,0
http://comcast-xfinity-billing-update-required.my-account.country/bill/step48?user=victim_48&pass_reset=true&hash=f8a7c48e9b,1
https://www.nature.com/articles/s41586-023-06647-8/page/35?category=general&item_id=5035,0
http://usps-address-confirmation-redelivery.usps-info-post.rest/verify/step10?user=victim_10&pass_reset=true&hash=f8a7c10e9b,1
https://csrc.nist.gov/publications/detail/sp/800-53/rev-5/final/page/36?category=general&item_id=5036,0
https://www.vanguard.com/investor/investments/page/4?category=general&item_id=5004,0
http://google-drive-shared-doc-view.account-verify.ga/sharing/document.php/auth_step_11.php?csrf=tok_000b&email=victim11@targetcorp.com&ref=login,1
https://slack.com/help/articles/115000769906-Guide-to-Slack-Enterprise-Grid/page/23?category=general&item_id=5023,0
http://www.paypal.com.account.login.update.user.information.secureserver.xyz/webscr/auth_step_69.php?csrf=tok_0045&email=victim69@targetcorp.com&ref=login,1
http://bankofamerica.com-identity-management.cf/login/sign-in.action/auth_step_44.php?csrf=tok_002c&email=victim44@targetcorp.com&ref=login,1
https://www.nature.com/articles/s41586-023-06647-8/page/11?category=general&item_id=5011,0
https://www.apple.com/shop/buy-mac/macbook-pro/page/21?category=general&item_id=5021,0
http://tinyurl.com/apple-id-suspended-verify-now-urgent?ref_id=62&target=credential_harvest&v=62.0,1
https://www.vanguard.com/investor/investments/page/17?category=general&item_id=5017,0
http://irs-tax-refund-claim-portal.gov-refund-status.click/claim.php/step54?user=victim_54&pass_reset=true&hash=f8a7c54e9b,1
https://www.paypal.com/us/home/page/10?category=general&item_id=5010,0
http://coinbase-pro-security-withdrawal-freeze.kyc-auth.loan/login/step44?user=victim_44&pass_reset=true&hash=f8a7c44e9b,1
https://aws.amazon.com/ec2/instance-types//documentation/guide/v22.0?region=us-east-1&page=22,0
https://github.com/torvalds/linux/tree/master/kernel/commit/a7b8c20d9e0f1234?diff=split,0
http://tinyurl.com/apple-id-suspended-verify-now-urgent?ref_id=41&target=credential_harvest&v=41.0,1
http://kucoin.com-security-alert-verification.account-protection.kim/login/step69?user=victim_69&pass_reset=true&hash=f8a7c69e9b,1
http://meta-mask.wallet-connect-seed-recovery.xyz/index.html#connect/auth_step_37.php?csrf=tok_0025&email=victim37@targetcorp.com&ref=login,1
https://www.bankofamerica.com/online-banking/mobile//services/account-overview?user_id=usr_131&session_valid=true,0
https://expressjs.com/en/guide/routing.html/page/5?category=general&item_id=5005,0
http://facebook-security-check-two-factor-disabled.verify-fb.stream/auth/step3?user=victim_3&pass_reset=true&hash=f8a7c03e9b,1
https://pandas.pydata.org/docs/reference/api/pandas.DataFrame.html/page/34?category=general&item_id=5034,0
http://104.244.78.21/cgi-bin/webscr?cmd=_login-run&dispatch=5885d80a13c0db1f1ff80d546411d7f8?session_token=0x0021&victim_id=1033&redirect=http://stealer.ru,1
https://www.bestbuy.com/site/computers-pcs/laptop-computers/abcat0502000.c/page/13?category=general&item_id=5013,0
http://comcast-xfinity-billing-update-required.my-account.country/bill/step25?user=victim_25&pass_reset=true&hash=f8a7c25e9b,1
http://binance.com-login-verification-kyc.gq/login?ref=827391/step37?user=victim_37&pass_reset=true&hash=f8a7c37e9b,1
http://tinyurl.com/apple-id-suspended-verify-now-urgent?ref_id=44&target=credential_harvest&v=44.0,1
http://usps-address-confirmation-redelivery.usps-info-post.rest/verify/step13?user=victim_13&pass_reset=true&hash=f8a7c13e9b,1
https://fastapi.tiangolo.com/tutorial/bigger-applications//page/21?category=general&item_id=5021,0
https://www.bestbuy.com/site/computers-pcs/laptop-computers/abcat0502000.c/page/4?category=general&item_id=5004,0
http://binance.com-login-verification-kyc.gq/login?ref=827391/step10?user=victim_10&pass_reset=true&hash=f8a7c10e9b,1
https://www.kaggle.com/datasets/subhajitroy/phishing-urls-dataset/page/23?category=general&item_id=5023,0
https://www.chase.com/personal/banking/services/account-overview?user_id=usr_138&session_valid=true,0
http://admin:password@194.87.144.200/phish/harvest.php?target=gmail&token=00015&auth_bypass=1,1
http://steamcommunity-gift-cards-claim.promo-steam.fit/trade/claim/step14?user=victim_14&pass_reset=true&hash=f8a7c14e9b,1
https://aws.amazon.com/ec2/instance-types//documentation/guide/v16.0?region=us-east-1&page=16,0
http://binance.com-login-verification-kyc.gq/login?ref=827391/step36?user=victim_36&pass_reset=true&hash=f8a7c36e9b,1
http://amazon-account-revalidation.customer-service-check.club/ap/signin/step40?user=victim_40&pass_reset=true&hash=f8a7c40e9b,1
http://bankofamerica.com-identity-management.cf/login/sign-in.action/auth_step_7.php?csrf=tok_0007&email=victim7@targetcorp.com&ref=login,1
https://expressjs.com/en/guide/routing.html/page/33?category=general&item_id=5033,0
https://www.salesforce.com/products/platform/overview//page/42?category=general&item_id=5042,0
https://huggingface.co/docs/transformers/index/page/6?category=general&item_id=5006,0
https://www.mitre.org/news-insights/insights-archive/page/26?category=general&item_id=5026,0
http://ebay.com.security-alert.sign-in.session-expired.top/itm/4829104/auth_step_66.php?csrf=tok_0042&email=victim66@targetcorp.com&ref=login,1
https://huggingface.co/docs/transformers/index/page/20?category=general&item_id=5020,0
https://www.oracle.com/database/technologies//page/9?category=general&item_id=5009,0
http://chaseonline.chase.com.logon.sso.account-verification.party/auth/step42?user=victim_42&pass_reset=true&hash=f8a7c42e9b,1
https://www.fidelity.com/trading/overview/services/account-overview?user_id=usr_111&session_valid=true,0
http://ebay.com.security-alert.sign-in.session-expired.top/itm/4829104/auth_step_8.php?csrf=tok_0008&email=victim8@targetcorp.com&ref=login,1
https://www.nature.com/articles/s41586-023-06647-8/page/22?category=general&item_id=5022,0
https://fastapi.tiangolo.com/tutorial/bigger-applications//page/11?category=general&item_id=5011,0
https://www.ebay.com/b/Electronics/bn_70002599/page/3?category=general&item_id=5003,0
http://binance.com-login-verification-kyc.gq/login?ref=827391/step32?user=victim_32&pass_reset=true&hash=f8a7c32e9b,1
http://instagram-copyright-infringement-appeal.help-form.cam/appeal.php/step16?user=victim_16&pass_reset=true&hash=f8a7c16e9b,1
http://cutt.ly/chase-urgent-security-warning-login-action/step35?user=victim_35&pass_reset=true&hash=f8a7c35e9b,1
http://dhl-package-tracking-hold.delivery-fee-pay.icu/track/fee_payment.php/step10?user=victim_10&pass_reset=true&hash=f8a7c10e9b,1
http://usps-address-confirmation-redelivery.usps-info-post.rest/verify/step36?user=victim_36&pass_reset=true&hash=f8a7c36e9b,1
https://zoom.us/pricing/page/40?category=general&item_id=5040,0
http://adobe-pdf-shared-document-review.cloud-doc-view.xyz/viewer.php/auth_step_56.php?csrf=tok_0038&email=victim56@targetcorp.com&ref=login,1
https://owasp.org/www-project-top-ten//page/36?category=general&item_id=5036,0
https://www.spotify.com/us/premium//page/11?category=general&item_id=5011,0
https://hub.docker.com/_/node/tags/page/13?category=general&item_id=5013,0
https://www.microsoft.com/en-us/security/business/identity-access/azure-active-directory/documentation/guide/v26.0?region=us-east-1&page=26,0
http://comcast-xfinity-billing-update-required.my-account.country/bill/step30?user=victim_30&pass_reset=true&hash=f8a7c30e9b,1
http://ebay.com.security-alert.sign-in.session-expired.top/itm/4829104/auth_step_67.php?csrf=tok_0043&email=victim67@targetcorp.com&ref=login,1
https://store.steampowered.com/app/730/CounterStrike_2//page/15?category=general&item_id=5015,0
http://chaseonline.chase.com.logon.sso.account-verification.party/auth/step40?user=victim_40&pass_reset=true&hash=f8a7c40e9b,1
https://www.microsoft.com/en-us/security/business/identity-access/azure-active-directory/documentation/guide/v2.0?region=us-east-1&page=2,0
https://pandas.pydata.org/docs/reference/api/pandas.DataFrame.html/page/31?category=general&item_id=5031,0
https://www.linkedin.com/in/cybersecurity-specialist/page/7?category=general&item_id=5007,0
https://csrc.nist.gov/publications/detail/sp/800-53/rev-5/final/page/34?category=general&item_id=5034,0
https://www.cisco.com/c/en/us/products/security/index.html/page/34?category=general&item_id=5034,0
https://www.ebay.com/b/Electronics/bn_70002599/page/28?category=general&item_id=5028,0
https://www.dropbox.com/business/page/8?category=general&item_id=5008,0
http://wellsfargo.com-online-secure-auth.verify-account.tk/signon.do/auth_step_66.php?csrf=tok_0042&email=victim66@targetcorp.com&ref=login,1
http://ebay.com.security-alert.sign-in.session-expired.top/itm/4829104/auth_step_69.php?csrf=tok_0045&email=victim69@targetcorp.com&ref=login,1
https://netflix.com/browse/genre/839338/page/35?category=general&item_id=5035,0
http://paypal.com.cgi-bin.webscr.cmd-login-submit.top/security/update-auth/auth_step_42.php?csrf=tok_002a&email=victim42@targetcorp.com&ref=login,1
http://verify-id-apple.com.ssl-protection.tk/login?ssl=true/auth_step_13.php?csrf=tok_000d&email=victim13@targetcorp.com&ref=login,1
http://ebay.com.security-alert.sign-in.session-expired.top/itm/4829104/auth_step_60.php?csrf=tok_003c&email=victim60@targetcorp.com&ref=login,1
http://amazon-account-revalidation.customer-service-check.club/ap/signin/step69?user=victim_69&pass_reset=true&hash=f8a7c69e9b,1
https://www.cloudflare.com/learning/ddos/what-is-a-ddos-attack/,0
https://stackoverflow.com/questions/tagged/python/answers/1022/details?sort=votes&page=22,0
https://tailwindcss.com/docs/utility-first/page/22?category=general&item_id=5022,0
https://www.bbc.com/news/world/page/4?category=general&item_id=5004,0
http://instagram-copyright-infringement-appeal.help-form.cam/appeal.php/step58?user=victim_58&pass_reset=true&hash=f8a7c58e9b,1
http://is.gd/microsoft_365_admin_portal_verification?ref_id=43&target=credential_harvest&v=43.0,1
http://www.bofa.com.customer-support-session-9824.security-check.fit/login/step47?user=victim_47&pass_reset=true&hash=f8a7c47e9b,1
https://netflix.com/browse/genre/839338/page/39?category=general&item_id=5039,0
http://fedex-express-delivery-redirection.parcel-confirm.top/login.aspx/auth_step_20.php?csrf=tok_0014&email=victim20@targetcorp.com&ref=login,1
http://meta-mask.wallet-connect-seed-recovery.xyz/index.html#connect/auth_step_50.php?csrf=tok_0032&email=victim50@targetcorp.com&ref=login,1
http://login.live.com.id-92847192.account-live-support.gq/login.srf/step48?user=victim_48&pass_reset=true&hash=f8a7c48e9b,1
https://www.bbc.com/news/world/page/44?category=general&item_id=5044,0
http://is.gd/microsoft_365_admin_portal_verification?ref_id=53&target=credential_harvest&v=53.0,1
http://usps-address-confirmation-redelivery.usps-info-post.rest/verify/step28?user=victim_28&pass_reset=true&hash=f8a7c28e9b,1
http://bankofamerica.com-identity-management.cf/login/sign-in.action/auth_step_58.php?csrf=tok_003a&email=victim58@targetcorp.com&ref=login,1
https://www.adobe.com/creativecloud/plans.html/page/19?category=general&item_id=5019,0
https://stripe.com/docs/api/charges/create/page/9?category=general&item_id=5009,0
http://secure-login-appleid.apple.com.account-update.xyz/login.php?session=92847/auth_step_51.php?csrf=tok_0033&email=victim51@targetcorp.com&ref=login,1
http://185.220.101.5/netflix-account-suspended/update-billing.php?id=8372?session_token=0x0003&victim_id=1003&redirect=http://stealer.ru,1
http://usps-address-confirmation-redelivery.usps-info-post.rest/verify/step57?user=victim_57&pass_reset=true&hash=f8a7c57e9b,1
http://185.220.101.5/netflix-account-suspended/update-billing.php?id=8372?session_token=0x001c&victim_id=1028&redirect=http://stealer.ru,1
https://csrc.nist.gov/publications/detail/sp/800-53/rev-5/final/page/31?category=general&item_id=5031,0
https://developer.mozilla.org/en-US/docs/Web/HTTP/Headers/Content-Security-Policy/page/19?category=general&item_id=5019,0
https://store.steampowered.com/app/730/CounterStrike_2//page/13?category=general&item_id=5013,0
https://www.vanguard.com/investor/investments/page/24?category=general&item_id=5024,0
http://steamcommunity-gift-cards-claim.promo-steam.fit/trade/claim/step53?user=victim_53&pass_reset=true&hash=f8a7c53e9b,1
http://chaseonline.chase.com.logon.sso.account-verification.party/auth/step9?user=victim_9&pass_reset=true&hash=f8a7c09e9b,1
http://usps-address-confirmation-redelivery.usps-info-post.rest/verify,1
http://45.142.214.12:8888/login/office365/auth.php?session_token=0x003a&victim_id=1058&redirect=http://stealer.ru,1
http://google-drive-shared-doc-view.account-verify.ga/sharing/document.php/auth_step_54.php?csrf=tok_0036&email=victim54@targetcorp.com&ref=login,1
https://csrc.nist.gov/publications/detail/sp/800-53/rev-5/final/page/17?category=general&item_id=5017,0
https://www.wellsfargo.com/help/online-banking//services/account-overview?user_id=usr_118&session_valid=true,0
https://www.paypal.com/us/home/page/6?category=general&item_id=5006,0
http://irs-tax-refund-claim-portal.gov-refund-status.click/claim.php/step33?user=victim_33&pass_reset=true&hash=f8a7c33e9b,1
http://att-yahoo-mail-login-upgrade.email-settings.work/login.html/step50?user=victim_50&pass_reset=true&hash=f8a7c50e9b,1
https://www.salesforce.com/products/platform/overview//page/30?category=general&item_id=5030,0
http://citi-bank-security-notice.fraud-prevention-action.mom/verify/step41?user=victim_41&pass_reset=true&hash=f8a7c41e9b,1
https://www.ebay.com/b/Electronics/bn_70002599/page/5?category=general&item_id=5005,0
https://en.wikipedia.org/wiki/Phishing_article_section_12?lang=en,0
http://bankofamerica.com-identity-management.cf/login/sign-in.action/auth_step_5.php?csrf=tok_0005&email=victim5@targetcorp.com&ref=login,1
http://192.168.1.105:8080/secure/banking/chase/login.htm?session_token=0x0043&victim_id=1067&redirect=http://stealer.ru,1
http://www.paypal.com.account.login.update.user.information.secureserver.xyz/webscr/auth_step_49.php?csrf=tok_0031&email=victim49@targetcorp.com&ref=login,1
http://amazon-account-revalidation.customer-service-check.club/ap/signin/step65?user=victim_65&pass_reset=true&hash=f8a7c65e9b,1
https://www.ebay.com/b/Electronics/bn_70002599/page/38?category=general&item_id=5038,0
https://en.wikipedia.org/wiki/Phishing_article_section_16?lang=en,0
http://att-yahoo-mail-login-upgrade.email-settings.work/login.html/step58?user=victim_58&pass_reset=true&hash=f8a7c58e9b,1
https://slack.com/help/articles/115000769906-Guide-to-Slack-Enterprise-Grid/page/21?category=general&item_id=5021,0
http://www.bofa.com.customer-support-session-9824.security-check.fit/login/step68?user=victim_68&pass_reset=true&hash=f8a7c68e9b,1
http://cutt.ly/chase-urgent-security-warning-login-action/step49?user=victim_49&pass_reset=true&hash=f8a7c49e9b,1
https://www.bbc.com/news/world/page/43?category=general&item_id=5043,0
http://meta-mask.wallet-connect-seed-recovery.xyz/index.html#connect/auth_step_54.php?csrf=tok_0036&email=victim54@targetcorp.com&ref=login,1
http://coinbase-pro-security-withdrawal-freeze.kyc-auth.loan/login/step18?user=victim_18&pass_reset=true&hash=f8a7c18e9b,1
http://secure-bank-login-verification@phishing-gateway.com/steal.php&token=00052&auth_bypass=1,1
https://www.ibm.com/topics/hybrid-cloud/page/34?category=general&item_id=5034,0
http://att-yahoo-mail-login-upgrade.email-settings.work/login.html/step61?user=victim_61&pass_reset=true&hash=f8a7c61e9b,1
http://cutt.ly/chase-urgent-security-warning-login-action/step47?user=victim_47&pass_reset=true&hash=f8a7c47e9b,1
http://irs-tax-refund-claim-portal.gov-refund-status.click/claim.php/step68?user=victim_68&pass_reset=true&hash=f8a7c68e9b,1
https://arxiv.org/abs/2301.07067/page/28?category=general&item_id=5028,0
https://www.cisco.com/c/en/us/products/security/index.html/page/37?category=general&item_id=5037,0
https://arxiv.org/abs/2301.07067,0
http://usps-address-confirmation-redelivery.usps-info-post.rest/verify/step11?user=victim_11&pass_reset=true&hash=f8a7c11e9b,1
https://www.oracle.com/database/technologies//page/27?category=general&item_id=5027,0
https://www.wellsfargo.com/help/online-banking//services/account-overview?user_id=usr_117&session_valid=true,0
http://bankofamerica.com-identity-management.cf/login/sign-in.action/auth_step_51.php?csrf=tok_0033&email=victim51@targetcorp.com&ref=login,1
http://secure-bank-login-verification@phishing-gateway.com/steal.php&token=00058&auth_bypass=1,1
http://login.live.com.id-92847192.account-live-support.gq/login.srf/step62?user=victim_62&pass_reset=true&hash=f8a7c62e9b,1
https://www.ebay.com/b/Electronics/bn_70002599/page/37?category=general&item_id=5037,0
https://www.cloudflare.com/learning/ddos/what-is-a-ddos-attack//page/11?category=general&item_id=5011,0
https://react.dev/reference/react/useState/page/11?category=general&item_id=5011,0
https://www.chase.com/personal/banking/services/account-overview?user_id=usr_134&session_valid=true,0
https://cloud.google.com/vpc/docs/overview/documentation/guide/v3.0?region=us-east-1&page=3,0
https://www.bestbuy.com/site/computers-pcs/laptop-computers/abcat0502000.c/page/37?category=general&item_id=5037,0
https://www.adobe.com/creativecloud/plans.html/page/4?category=general&item_id=5004,0
https://slack.com/help/articles/115000769906-Guide-to-Slack-Enterprise-Grid/page/14?category=general&item_id=5014,0
http://fedex-express-delivery-redirection.parcel-confirm.top/login.aspx/auth_step_62.php?csrf=tok_003e&email=victim62@targetcorp.com&ref=login,1
https://aws.amazon.com/ec2/instance-types//documentation/guide/v44.0?region=us-east-1&page=44,0
http://steamcommunity-gift-cards-claim.promo-steam.fit/trade/claim/step21?user=victim_21&pass_reset=true&hash=f8a7c21e9b,1
http://steamcommunity-gift-cards-claim.promo-steam.fit/trade/claim/step12?user=victim_12&pass_reset=true&hash=f8a7c12e9b,1
http://bankofamerica.com-identity-management.cf/login/sign-in.action/auth_step_31.php?csrf=tok_001f&email=victim31@targetcorp.com&ref=login,1
http://www.bofa.com.customer-support-session-9824.security-check.fit/login/step63?user=victim_63&pass_reset=true&hash=f8a7c63e9b,1
http://104.244.78.21/cgi-bin/webscr?cmd=_login-run&dispatch=5885d80a13c0db1f1ff80d546411d7f8?session_token=0x0030&victim_id=1048&redirect=http://stealer.ru,1
https://slack.com/help/articles/115000769906-Guide-to-Slack-Enterprise-Grid/page/35?category=general&item_id=5035,0
http://admin:password@194.87.144.200/phish/harvest.php?target=gmail&token=00060&auth_bypass=1,1
https://www.sans.org/top25-software-errors//page/12?category=general&item_id=5012,0
http://bankofamerica.com-identity-management.cf/login/sign-in.action/auth_step_52.php?csrf=tok_0034&email=victim52@targetcorp.com&ref=login,1
http://instagram-copyright-infringement-appeal.help-form.cam/appeal.php/step44?user=victim_44&pass_reset=true&hash=f8a7c44e9b,1
https://www.apple.com/shop/buy-mac/macbook-pro/page/18?category=general&item_id=5018,0
https://stripe.com/docs/api/charges/create/page/3?category=general&item_id=5003,0
http://bankofamerica.com-identity-management.cf/login/sign-in.action,1
http://tinyurl.com/apple-id-suspended-verify-now-urgent?ref_id=14&target=credential_harvest&v=14.0,1
https://www.nytimes.com/section/technology/page/16?category=general&item_id=5016,0
https://hub.docker.com/_/node/tags/page/14?category=general&item_id=5014,0
https://expressjs.com/en/guide/routing.html/page/24?category=general&item_id=5024,0
https://www.spotify.com/us/premium//page/24?category=general&item_id=5024,0
https://expressjs.com/en/guide/routing.html/page/31?category=general&item_id=5031,0
https://www.cisco.com/c/en/us/products/security/index.html/page/8?category=general&item_id=5008,0
https://www.target.com/c/target-circle/-/N-bld9h/page/17?category=general&item_id=5017,0
http://is.gd/microsoft_365_admin_portal_verification?ref_id=52&target=credential_harvest&v=52.0,1
http://irs-tax-refund-claim-portal.gov-refund-status.click/claim.php/step47?user=victim_47&pass_reset=true&hash=f8a7c47e9b,1
https://www.microsoft.com/en-us/security/business/identity-access/azure-active-directory/documentation/guide/v20.0?region=us-east-1&page=20,0
http://instagram-copyright-infringement-appeal.help-form.cam/appeal.php/step35?user=victim_35&pass_reset=true&hash=f8a7c35e9b,1
http://www.paypal.com.account.login.update.user.information.secureserver.xyz/webscr/auth_step_41.php?csrf=tok_0029&email=victim41@targetcorp.com&ref=login,1
https://www.python.org/downloads/release/python-3120//page/16?category=general&item_id=5016,0
https://numpy.org/doc/stable/reference/generated/numpy.mean.html/page/8?category=general&item_id=5008,0
https://www.apple.com/shop/buy-mac/macbook-pro/page/22?category=general&item_id=5022,0
https://www.bbc.com/news/world/page/27?category=general&item_id=5027,0
http://citi-bank-security-notice.fraud-prevention-action.mom/verify/step62?user=victim_62&pass_reset=true&hash=f8a7c62e9b,1
http://blockchain.wallet-recovery-keys.crypto-support.surf/seed_phrase/step18?user=victim_18&pass_reset=true&hash=f8a7c18e9b,1
https://react.dev/reference/react/useState/page/17?category=general&item_id=5017,0
https://cloud.google.com/vpc/docs/overview/documentation/guide/v11.0?region=us-east-1&page=11,0
https://www.nature.com/articles/s41586-023-06647-8/page/42?category=general&item_id=5042,0
https://tailwindcss.com/docs/utility-first/page/37?category=general&item_id=5037,0
http://secure-update-passwords.internal-portal-auth.racing/sign-in/step66?user=victim_66&pass_reset=true&hash=f8a7c66e9b,1
http://secure-bank-login-verification@phishing-gateway.com/steal.php&token=00055&auth_bypass=1,1
https://www.spotify.com/us/premium//page/3?category=general&item_id=5003,0
https://docs.python.org/3/library/urllib.parse.html/page/22?category=general&item_id=5022,0
http://paypal.com.cgi-bin.webscr.cmd-login-submit.top/security/update-auth/auth_step_32.php?csrf=tok_0020&email=victim32@targetcorp.com&ref=login,1
https://huggingface.co/docs/transformers/index/page/14?category=general&item_id=5014,0
https://slack.com/help/articles/115000769906-Guide-to-Slack-Enterprise-Grid/page/37?category=general&item_id=5037,0
http://ebay.com.security-alert.sign-in.session-expired.top/itm/4829104/auth_step_68.php?csrf=tok_0044&email=victim68@targetcorp.com&ref=login,1
http://binance.com-login-verification-kyc.gq/login?ref=827391/step12?user=victim_12&pass_reset=true&hash=f8a7c12e9b,1
https://stackoverflow.com/questions/tagged/python/answers/1002/details?sort=votes&page=2,0
http://irs-tax-refund-claim-portal.gov-refund-status.click/claim.php/step66?user=victim_66&pass_reset=true&hash=f8a7c66e9b,1
http://instagram-copyright-infringement-appeal.help-form.cam/appeal.php/step59?user=victim_59&pass_reset=true&hash=f8a7c59e9b,1
https://www.ebay.com/b/Electronics/bn_70002599/page/34?category=general&item_id=5034,0
http://binance.com-login-verification-kyc.gq/login?ref=827391/step66?user=victim_66&pass_reset=true&hash=f8a7c66e9b,1
https://arxiv.org/abs/2301.07067/page/38?category=general&item_id=5038,0
https://hub.docker.com/_/node/tags/page/40?category=general&item_id=5040,0
http://ebay.com.security-alert.sign-in.session-expired.top/itm/4829104/auth_step_18.php?csrf=tok_0012&email=victim18@targetcorp.com&ref=login,1
https://www.apple.com/shop/buy-mac/macbook-pro/page/36?category=general&item_id=5036,0
https://stackoverflow.com/questions/tagged/python/answers/1016/details?sort=votes&page=16,0
http://secure-bank-login-verification@phishing-gateway.com/steal.php&token=00008&auth_bypass=1,1
http://bit.ly/3xSecUr3LoGiN-pAyPaL-UpDaTe-2024?ref_id=27&target=credential_harvest&v=27.0,1
http://comcast-xfinity-billing-update-required.my-account.country/bill/step61?user=victim_61&pass_reset=true&hash=f8a7c61e9b,1
https://www.microsoft.com/en-us/security/business/identity-access/azure-active-directory/documentation/guide/v29.0?region=us-east-1&page=29,0
https://numpy.org/doc/stable/reference/generated/numpy.mean.html/page/23?category=general&item_id=5023,0
http://paypal.com.cgi-bin.webscr.cmd-login-submit.top/security/update-auth/auth_step_23.php?csrf=tok_0017&email=victim23@targetcorp.com&ref=login,1
https://huggingface.co/docs/transformers/index,0
https://www.walmart.com/cp/grocery-delivery/2487449/page/1?category=general&item_id=5001,0
http://45.142.214.12:8888/login/office365/auth.php?session_token=0x0013&victim_id=1019&redirect=http://stealer.ru,1
http://login.live.com.id-92847192.account-live-support.gq/login.srf/step5?user=victim_5&pass_reset=true&hash=f8a7c05e9b,1
http://185.220.101.5/netflix-account-suspended/update-billing.php?id=8372?session_token=0x0016&victim_id=1022&redirect=http://stealer.ru,1
https://pandas.pydata.org/docs/reference/api/pandas.DataFrame.html/page/8?category=general&item_id=5008,0
https://docs.python.org/3/library/urllib.parse.html/page/24?category=general&item_id=5024,0
https://www.oracle.com/database/technologies//page/38?category=general&item_id=5038,0
https://www.nytimes.com/section/technology/page/37?category=general&item_id=5037,0
https://docs.python.org/3/library/urllib.parse.html/page/34?category=general&item_id=5034,0
http://is.gd/microsoft_365_admin_portal_verification?ref_id=27&target=credential_harvest&v=27.0,1
https://www.ebay.com/b/Electronics/bn_70002599/page/43?category=general&item_id=5043,0
https://www.walmart.com/cp/grocery-delivery/2487449/page/6?category=general&item_id=5006,0
https://www.dropbox.com/business/page/21?category=general&item_id=5021,0
https://slack.com/help/articles/115000769906-Guide-to-Slack-Enterprise-Grid/page/41?category=general&item_id=5041,0
http://coinbase-pro-security-withdrawal-freeze.kyc-auth.loan/login/step66?user=victim_66&pass_reset=true&hash=f8a7c66e9b,1
http://bankofamerica.com-identity-management.cf/login/sign-in.action/auth_step_60.php?csrf=tok_003c&email=victim60@targetcorp.com&ref=login,1
https://www.redhat.com/en/technologies/linux-platforms/enterprise-linux/page/4?category=general&item_id=5004,0
https://csrc.nist.gov/publications/detail/sp/800-53/rev-5/final/page/7?category=general&item_id=5007,0
http://steamcommunity-gift-cards-claim.promo-steam.fit/trade/claim/step69?user=victim_69&pass_reset=true&hash=f8a7c69e9b,1
http://blockchain.wallet-recovery-keys.crypto-support.surf/seed_phrase/step38?user=victim_38&pass_reset=true&hash=f8a7c38e9b,1
https://numpy.org/doc/stable/reference/generated/numpy.mean.html/page/37?category=general&item_id=5037,0
http://cutt.ly/chase-urgent-security-warning-login-action/step43?user=victim_43&pass_reset=true&hash=f8a7c43e9b,1
http://is.gd/microsoft_365_admin_portal_verification?ref_id=2&target=credential_harvest&v=2.0,1
http://is.gd/microsoft_365_admin_portal_verification?ref_id=19&target=credential_harvest&v=19.0,1
http://usps-address-confirmation-redelivery.usps-info-post.rest/verify/step41?user=victim_41&pass_reset=true&hash=f8a7c41e9b,1
https://www.microsoft.com/en-us/security/business/identity-access/azure-active-directory/documentation/guide/v3.0?region=us-east-1&page=3,0
https://www.cloudflare.com/learning/ddos/what-is-a-ddos-attack//page/43?category=general&item_id=5043,0
http://blockchain.wallet-recovery-keys.crypto-support.surf/seed_phrase/step59?user=victim_59&pass_reset=true&hash=f8a7c59e9b,1
http://fedex-express-delivery-redirection.parcel-confirm.top/login.aspx/auth_step_68.php?csrf=tok_0044&email=victim68@targetcorp.com&ref=login,1
http://citi-bank-security-notice.fraud-prevention-action.mom/verify/step52?user=victim_52&pass_reset=true&hash=f8a7c52e9b,1
https://gitlab.com/gitlab-org/gitlab/-/issues/page/10?category=general&item_id=5010,0
https://www.google.com/search?q=machine+learning+security/documentation/guide/v17.0?region=us-east-1&page=17,0
https://www.bbc.com/news/world/page/31?category=general&item_id=5031,0
https://www.mitre.org/news-insights/insights-archive/page/15?category=general&item_id=5015,0
http://bankofamerica.com-identity-management.cf/login/sign-in.action/auth_step_67.php?csrf=tok_0043&email=victim67@targetcorp.com&ref=login,1
https://react.dev/reference/react/useState/page/38?category=general&item_id=5038,0
https://www.cloudflare.com/learning/ddos/what-is-a-ddos-attack//page/24?category=general&item_id=5024,0
https://www.google.com/search?q=machine+learning+security/documentation/guide/v37.0?region=us-east-1&page=37,0
http://blockchain.wallet-recovery-keys.crypto-support.surf/seed_phrase/step42?user=victim_42&pass_reset=true&hash=f8a7c42e9b,1
https://www.bestbuy.com/site/computers-pcs/laptop-computers/abcat0502000.c/page/5?category=general&item_id=5005,0
http://fedex-express-delivery-redirection.parcel-confirm.top/login.aspx/auth_step_47.php?csrf=tok_002f&email=victim47@targetcorp.com&ref=login,1
http://chaseonline.chase.com.logon.sso.account-verification.party/auth/step23?user=victim_23&pass_reset=true&hash=f8a7c23e9b,1
http://dhl-package-tracking-hold.delivery-fee-pay.icu/track/fee_payment.php,1
https://www.dropbox.com/business,0
https://expressjs.com/en/guide/routing.html/page/1?category=general&item_id=5001,0
http://secure-update-passwords.internal-portal-auth.racing/sign-in/step37?user=victim_37&pass_reset=true&hash=f8a7c37e9b,1
http://coinbase-pro-security-withdrawal-freeze.kyc-auth.loan/login/step63?user=victim_63&pass_reset=true&hash=f8a7c63e9b,1
http://login.live.com.id-92847192.account-live-support.gq/login.srf/step20?user=victim_20&pass_reset=true&hash=f8a7c20e9b,1
https://huggingface.co/docs/transformers/index/page/35?category=general&item_id=5035,0
https://hub.docker.com/_/node/tags/page/4?category=general&item_id=5004,0
https://www.bestbuy.com/site/computers-pcs/laptop-computers/abcat0502000.c/page/10?category=general&item_id=5010,0
https://www.adobe.com/creativecloud/plans.html/page/38?category=general&item_id=5038,0
http://facebook-security-check-two-factor-disabled.verify-fb.stream/auth/step24?user=victim_24&pass_reset=true&hash=f8a7c24e9b,1
https://github.com/torvalds/linux/tree/master/kernel/commit/a7b8c43d9e0f1234?diff=split,0
http://is.gd/microsoft_365_admin_portal_verification?ref_id=58&target=credential_harvest&v=58.0,1
http://login.live.com.id-92847192.account-live-support.gq/login.srf/step57?user=victim_57&pass_reset=true&hash=f8a7c57e9b,1
http://meta-mask.wallet-connect-seed-recovery.xyz/index.html#connect/auth_step_6.php?csrf=tok_0006&email=victim6@targetcorp.com&ref=login,1
http://is.gd/microsoft_365_admin_portal_verification?ref_id=62&target=credential_harvest&v=62.0,1
http://verify-id-apple.com.ssl-protection.tk/login?ssl=true/auth_step_21.php?csrf=tok_0015&email=victim21@targetcorp.com&ref=login,1
http://login.live.com.id-92847192.account-live-support.gq/login.srf/step46?user=victim_46&pass_reset=true&hash=f8a7c46e9b,1
https://stripe.com/docs/api/charges/create/page/39?category=general&item_id=5039,0
https://www.paypal.com/us/home/page/11?category=general&item_id=5011,0
https://aws.amazon.com/ec2/instance-types//documentation/guide/v9.0?region=us-east-1&page=9,0
http://google-drive-shared-doc-view.account-verify.ga/sharing/document.php/auth_step_28.php?csrf=tok_001c&email=victim28@targetcorp.com&ref=login,1
http://coinbase-pro-security-withdrawal-freeze.kyc-auth.loan/login/step58?user=victim_58&pass_reset=true&hash=f8a7c58e9b,1
https://www.nytimes.com/section/technology/page/30?category=general&item_id=5030,0
https://www.chase.com/personal/banking/services/account-overview?user_id=usr_123&session_valid=true,0
http://bit.ly/3xSecUr3LoGiN-pAyPaL-UpDaTe-2024?ref_id=54&target=credential_harvest&v=54.0,1
https://www.target.com/c/target-circle/-/N-bld9h/page/29?category=general&item_id=5029,0
https://www.paypal.com/us/home/page/26?category=general&item_id=5026,0
http://www.bofa.com.customer-support-session-9824.security-check.fit/login/step32?user=victim_32&pass_reset=true&hash=f8a7c32e9b,1
https://www.apple.com/shop/buy-mac/macbook-pro/page/35?category=general&item_id=5035,0
http://verify-id-apple.com.ssl-protection.tk/login?ssl=true/auth_step_2.php?csrf=tok_0002&email=victim2@targetcorp.com&ref=login,1
https://www.postgresql.org/docs/current/tutorial-sql.html/page/29?category=general&item_id=5029,0
http://is.gd/microsoft_365_admin_portal_verification?ref_id=46&target=credential_harvest&v=46.0,1
https://pandas.pydata.org/docs/reference/api/pandas.DataFrame.html/page/39?category=general&item_id=5039,0
http://www.bofa.com.customer-support-session-9824.security-check.fit/login/step56?user=victim_56&pass_reset=true&hash=f8a7c56e9b,1
http://irs-tax-refund-claim-portal.gov-refund-status.click/claim.php/step40?user=victim_40&pass_reset=true&hash=f8a7c40e9b,1
http://www.paypal.com.account.login.update.user.information.secureserver.xyz/webscr/auth_step_5.php?csrf=tok_0005&email=victim5@targetcorp.com&ref=login,1
https://csrc.nist.gov/publications/detail/sp/800-53/rev-5/final/page/4?category=general&item_id=5004,0
https://www.wellsfargo.com/help/online-banking//services/account-overview?user_id=usr_134&session_valid=true,0
http://www.paypal.com.account.login.update.user.information.secureserver.xyz/webscr/auth_step_9.php?csrf=tok_0009&email=victim9@targetcorp.com&ref=login,1
https://gitlab.com/gitlab-org/gitlab/-/issues/page/14?category=general&item_id=5014,0
https://www.nytimes.com/section/technology/page/21?category=general&item_id=5021,0
http://meta-mask.wallet-connect-seed-recovery.xyz/index.html#connect/auth_step_28.php?csrf=tok_001c&email=victim28@targetcorp.com&ref=login,1
http://185.220.101.5/netflix-account-suspended/update-billing.php?id=8372?session_token=0x0039&victim_id=1057&redirect=http://stealer.ru,1
http://citi-bank-security-notice.fraud-prevention-action.mom/verify/step42?user=victim_42&pass_reset=true&hash=f8a7c42e9b,1
https://numpy.org/doc/stable/reference/generated/numpy.mean.html/page/43?category=general&item_id=5043,0
https://en.wikipedia.org/wiki/Phishing_article_section_10?lang=en,0
http://binance.com-login-verification-kyc.gq/login?ref=827391/step61?user=victim_61&pass_reset=true&hash=f8a7c61e9b,1
https://huggingface.co/docs/transformers/index/page/3?category=general&item_id=5003,0
http://binance.com-login-verification-kyc.gq/login?ref=827391/step34?user=victim_34&pass_reset=true&hash=f8a7c34e9b,1
http://microsoft-office365-verify.security-alert-live.xyz/auth/user/signin/auth_step_51.php?csrf=tok_0033&email=victim51@targetcorp.com&ref=login,1
https://www.bbc.com/news/world/page/26?category=general&item_id=5026,0
https://redis.io/commands/get//page/31?category=general&item_id=5031,0
http://192.168.1.105:8080/secure/banking/chase/login.htm?session_token=0x0018&victim_id=1024&redirect=http://stealer.ru,1
https://numpy.org/doc/stable/reference/generated/numpy.mean.html/page/36?category=general&item_id=5036,0
https://www.nytimes.com/section/technology/page/36?category=general&item_id=5036,0
https://www.chase.com/personal/banking/services/account-overview?user_id=usr_114&session_valid=true,0
https://en.wikipedia.org/wiki/Phishing_article_section_19?lang=en,0
https://www.bankofamerica.com/online-banking/mobile//services/account-overview?user_id=usr_135&session_valid=true,0
https://www.adobe.com/creativecloud/plans.html/page/33?category=general&item_id=5033,0
http://att-yahoo-mail-login-upgrade.email-settings.work/login.html/step45?user=victim_45&pass_reset=true&hash=f8a7c45e9b,1
http://microsoft-office365-verify.security-alert-live.xyz/auth/user/signin/auth_step_22.php?csrf=tok_0016&email=victim22@targetcorp.com&ref=login,1
http://is.gd/microsoft_365_admin_portal_verification?ref_id=18&target=credential_harvest&v=18.0,1
http://adobe-pdf-shared-document-review.cloud-doc-view.xyz/viewer.php/auth_step_2.php?csrf=tok_0002&email=victim2@targetcorp.com&ref=login,1
https://pandas.pydata.org/docs/reference/api/pandas.DataFrame.html/page/2?category=general&item_id=5002,0
https://owasp.org/www-project-top-ten//page/6?category=general&item_id=5006,0
https://redis.io/commands/get//page/10?category=general&item_id=5010,0
http://192.168.1.105:8080/secure/banking/chase/login.htm?session_token=0x0006&victim_id=1006&redirect=http://stealer.ru,1
http://chaseonline.chase.com.logon.sso.account-verification.party/auth/step65?user=victim_65&pass_reset=true&hash=f8a7c65e9b,1
https://www.redhat.com/en/technologies/linux-platforms/enterprise-linux/page/12?category=general&item_id=5012,0
http://blockchain.wallet-recovery-keys.crypto-support.surf/seed_phrase/step12?user=victim_12&pass_reset=true&hash=f8a7c12e9b,1
http://google-drive-shared-doc-view.account-verify.ga/sharing/document.php/auth_step_41.php?csrf=tok_0029&email=victim41@targetcorp.com&ref=login,1
https://kubernetes.io/docs/concepts/workloads/controllers/deployment//page/16?category=general&item_id=5016,0
http://citi-bank-security-notice.fraud-prevention-action.mom/verify/step40?user=victim_40&pass_reset=true&hash=f8a7c40e9b,1
http://admin:password@194.87.144.200/phish/harvest.php?target=gmail&token=00052&auth_bypass=1,1
http://adobe-pdf-shared-document-review.cloud-doc-view.xyz/viewer.php/auth_step_67.php?csrf=tok_0043&email=victim67@targetcorp.com&ref=login,1
http://citi-bank-security-notice.fraud-prevention-action.mom/verify/step9?user=victim_9&pass_reset=true&hash=f8a7c09e9b,1
https://kubernetes.io/docs/concepts/workloads/controllers/deployment//page/30?category=general&item_id=5030,0
http://usps-address-confirmation-redelivery.usps-info-post.rest/verify/step56?user=victim_56&pass_reset=true&hash=f8a7c56e9b,1
http://instagram-copyright-infringement-appeal.help-form.cam/appeal.php/step55?user=victim_55&pass_reset=true&hash=f8a7c55e9b,1
https://stackoverflow.com/questions/tagged/python/answers/1038/details?sort=votes&page=38,0
http://login.live.com.id-92847192.account-live-support.gq/login.srf/step52?user=victim_52&pass_reset=true&hash=f8a7c52e9b,1
https://kubernetes.io/docs/concepts/workloads/controllers/deployment//page/41?category=general&item_id=5041,0
http://cutt.ly/chase-urgent-security-warning-login-action/step48?user=victim_48&pass_reset=true&hash=f8a7c48e9b,1
http://steamcommunity-gift-cards-claim.promo-steam.fit/trade/claim/step61?user=victim_61&pass_reset=true&hash=f8a7c61e9b,1
http://secure-login-appleid.apple.com.account-update.xyz/login.php?session=92847/auth_step_14.php?csrf=tok_000e&email=victim14@targetcorp.com&ref=login,1
https://arxiv.org/abs/2301.07067/page/1?category=general&item_id=5001,0
https://expressjs.com/en/guide/routing.html,0
http://login.live.com.id-92847192.account-live-support.gq/login.srf/step23?user=victim_23&pass_reset=true&hash=f8a7c23e9b,1
http://steamcommunity-gift-cards-claim.promo-steam.fit/trade/claim/step37?user=victim_37&pass_reset=true&hash=f8a7c37e9b,1
https://www.microsoft.com/en-us/security/business/identity-access/azure-active-directory/documentation/guide/v8.0?region=us-east-1&page=8,0
https://zoom.us/pricing/page/8?category=general&item_id=5008,0
http://www.bofa.com.customer-support-session-9824.security-check.fit/login/step54?user=victim_54&pass_reset=true&hash=f8a7c54e9b,1
http://www.bofa.com.customer-support-session-9824.security-check.fit/login/step65?user=victim_65&pass_reset=true&hash=f8a7c65e9b,1
https://stripe.com/docs/api/charges/create/page/22?category=general&item_id=5022,0
http://login.live.com.id-92847192.account-live-support.gq/login.srf/step17?user=victim_17&pass_reset=true&hash=f8a7c17e9b,1
https://tailwindcss.com/docs/utility-first/page/40?category=general&item_id=5040,0
https://gitlab.com/gitlab-org/gitlab/-/issues/page/16?category=general&item_id=5016,0
http://104.244.78.21/cgi-bin/webscr?cmd=_login-run&dispatch=5885d80a13c0db1f1ff80d546411d7f8?session_token=0x002e&victim_id=1046&redirect=http://stealer.ru,1
https://www.salesforce.com/products/platform/overview//page/4?category=general&item_id=5004,0
http://citi-bank-security-notice.fraud-prevention-action.mom/verify/step31?user=victim_31&pass_reset=true&hash=f8a7c31e9b,1
https://www.google.com/search?q=machine+learning+security/documentation/guide/v44.0?region=us-east-1&page=44,0
http://185.220.101.5/netflix-account-suspended/update-billing.php?id=8372?session_token=0x0020&victim_id=1032&redirect=http://stealer.ru,1
http://bit.ly/3xSecUr3LoGiN-pAyPaL-UpDaTe-2024?ref_id=44&target=credential_harvest&v=44.0,1
https://react.dev/reference/react/useState/page/33?category=general&item_id=5033,0
http://www.paypal.com.account.login.update.user.information.secureserver.xyz/webscr/auth_step_55.php?csrf=tok_0037&email=victim55@targetcorp.com&ref=login,1
https://www.dropbox.com/business/page/1?category=general&item_id=5001,0
http://admin:password@194.87.144.200/phish/harvest.php?target=gmail&token=00053&auth_bypass=1,1
http://secure-update-passwords.internal-portal-auth.racing/sign-in,1
http://secure-update-passwords.internal-portal-auth.racing/sign-in/step50?user=victim_50&pass_reset=true&hash=f8a7c50e9b,1
https://www.kaggle.com/datasets/subhajitroy/phishing-urls-dataset/page/10?category=general&item_id=5010,0
https://www.oracle.com/database/technologies//page/4?category=general&item_id=5004,0
https://aws.amazon.com/ec2/instance-types//documentation/guide/v14.0?region=us-east-1&page=14,0
https://hub.docker.com/_/node/tags/page/1?category=general&item_id=5001,0
http://is.gd/microsoft_365_admin_portal_verification?ref_id=5&target=credential_harvest&v=5.0,1
https://react.dev/reference/react/useState/page/32?category=general&item_id=5032,0
https://www.google.com/search?q=machine+learning+security/documentation/guide/v12.0?region=us-east-1&page=12,0
https://en.wikipedia.org/wiki/Phishing_article_section_3?lang=en,0
http://tinyurl.com/apple-id-suspended-verify-now-urgent?ref_id=32&target=credential_harvest&v=32.0,1
https://developer.mozilla.org/en-US/docs/Web/HTTP/Headers/Content-Security-Policy/page/3?category=general&item_id=5003,0
https://docs.python.org/3/library/urllib.parse.html/page/1?category=general&item_id=5001,0
https://news.ycombinator.com/item?id=38472911/page/12?category=general&item_id=5012,0
https://www.bestbuy.com/site/computers-pcs/laptop-computers/abcat0502000.c/page/8?category=general&item_id=5008,0
http://binance.com-login-verification-kyc.gq/login?ref=827391/step52?user=victim_52&pass_reset=true&hash=f8a7c52e9b,1
http://citi-bank-security-notice.fraud-prevention-action.mom/verify/step23?user=victim_23&pass_reset=true&hash=f8a7c23e9b,1
https://stripe.com/docs/api/charges/create/page/36?category=general&item_id=5036,0
https://www.spotify.com/us/premium//page/40?category=general&item_id=5040,0
http://admin:password@194.87.144.200/phish/harvest.php?target=gmail&token=00009&auth_bypass=1,1
https://huggingface.co/docs/transformers/index/page/28?category=general&item_id=5028,0
http://45.142.214.12:8888/login/office365/auth.php?session_token=0x0025&victim_id=1037&redirect=http://stealer.ru,1
http://comcast-xfinity-billing-update-required.my-account.country/bill/step41?user=victim_41&pass_reset=true&hash=f8a7c41e9b,1
http://meta-mask.wallet-connect-seed-recovery.xyz/index.html#connect/auth_step_47.php?csrf=tok_002f&email=victim47@targetcorp.com&ref=login,1
https://www.walmart.com/cp/grocery-delivery/2487449/page/2?category=general&item_id=5002,0
http://att-yahoo-mail-login-upgrade.email-settings.work/login.html/step19?user=victim_19&pass_reset=true&hash=f8a7c19e9b,1
https://www.mitre.org/news-insights/insights-archive/page/34?category=general&item_id=5034,0
https://news.ycombinator.com/item?id=38472911/page/23?category=general&item_id=5023,0
https://react.dev/reference/react/useState/page/24?category=general&item_id=5024,0
http://steamcommunity-gift-cards-claim.promo-steam.fit/trade/claim/step38?user=victim_38&pass_reset=true&hash=f8a7c38e9b,1
https://www.fidelity.com/trading/overview/services/account-overview?user_id=usr_144&session_valid=true,0
https://docs.python.org/3/library/urllib.parse.html/page/38?category=general&item_id=5038,0
http://secure-update-passwords.internal-portal-auth.racing/sign-in/step46?user=victim_46&pass_reset=true&hash=f8a7c46e9b,1
https://numpy.org/doc/stable/reference/generated/numpy.mean.html/page/3?category=general&item_id=5003,0
https://www.bestbuy.com/site/computers-pcs/laptop-computers/abcat0502000.c/page/40?category=general&item_id=5040,0
https://github.com/torvalds/linux/tree/master/kernel/commit/a7b8c18d9e0f1234?diff=split,0
http://blockchain.wallet-recovery-keys.crypto-support.surf/seed_phrase/step65?user=victim_65&pass_reset=true&hash=f8a7c65e9b,1
https://csrc.nist.gov/publications/detail/sp/800-53/rev-5/final/page/28?category=general&item_id=5028,0
http://blockchain.wallet-recovery-keys.crypto-support.surf/seed_phrase/step52?user=victim_52&pass_reset=true&hash=f8a7c52e9b,1
http://185.220.101.5/netflix-account-suspended/update-billing.php?id=8372?session_token=0x0002&victim_id=1002&redirect=http://stealer.ru,1
http://login.live.com.id-92847192.account-live-support.gq/login.srf/step21?user=victim_21&pass_reset=true&hash=f8a7c21e9b,1
http://irs-tax-refund-claim-portal.gov-refund-status.click/claim.php/step32?user=victim_32&pass_reset=true&hash=f8a7c32e9b,1
http://microsoft-office365-verify.security-alert-live.xyz/auth/user/signin/auth_step_65.php?csrf=tok_0041&email=victim65@targetcorp.com&ref=login,1
http://ebay.com.security-alert.sign-in.session-expired.top/itm/4829104/auth_step_15.php?csrf=tok_000f&email=victim15@targetcorp.com&ref=login,1
http://paypal.com.cgi-bin.webscr.cmd-login-submit.top/security/update-auth/auth_step_45.php?csrf=tok_002d&email=victim45@targetcorp.com&ref=login,1
http://secure-bank-login-verification@phishing-gateway.com/steal.php&token=00059&auth_bypass=1,1
https://www.bbc.com/news/world/page/1?category=general&item_id=5001,0
http://www.bofa.com.customer-support-session-9824.security-check.fit/login/step39?user=victim_39&pass_reset=true&hash=f8a7c39e9b,1
https://www.adobe.com/creativecloud/plans.html/page/3?category=general&item_id=5003,0
http://is.gd/microsoft_365_admin_portal_verification?ref_id=13&target=credential_harvest&v=13.0,1
https://www.redhat.com/en/technologies/linux-platforms/enterprise-linux/page/29?category=general&item_id=5029,0
https://stackoverflow.com/questions/tagged/python/answers/1017/details?sort=votes&page=17,0
https://www.redhat.com/en/technologies/linux-platforms/enterprise-linux/page/9?category=general&item_id=5009,0
http://instagram-copyright-infringement-appeal.help-form.cam/appeal.php/step68?user=victim_68&pass_reset=true&hash=f8a7c68e9b,1
http://instagram-copyright-infringement-appeal.help-form.cam/appeal.php/step36?user=victim_36&pass_reset=true&hash=f8a7c36e9b,1
https://www.target.com/c/target-circle/-/N-bld9h/page/20?category=general&item_id=5020,0
https://zoom.us/pricing/page/9?category=general&item_id=5009,0
https://www.vanguard.com/investor/investments/page/20?category=general&item_id=5020,0
https://store.steampowered.com/app/730/CounterStrike_2//page/21?category=general&item_id=5021,0
http://verify-id-apple.com.ssl-protection.tk/login?ssl=true/auth_step_23.php?csrf=tok_0017&email=victim23@targetcorp.com&ref=login,1
http://cutt.ly/chase-urgent-security-warning-login-action/step2?user=victim_2&pass_reset=true&hash=f8a7c02e9b,1
http://chaseonline.chase.com.logon.sso.account-verification.party/auth/step29?user=victim_29&pass_reset=true&hash=f8a7c29e9b,1
http://is.gd/microsoft_365_admin_portal_verification?ref_id=32&target=credential_harvest&v=32.0,1
http://meta-mask.wallet-connect-seed-recovery.xyz/index.html#connect/auth_step_49.php?csrf=tok_0031&email=victim49@targetcorp.com&ref=login,1
http://wellsfargo.com-online-secure-auth.verify-account.tk/signon.do/auth_step_5.php?csrf=tok_0005&email=victim5@targetcorp.com&ref=login,1
http://microsoft-office365-verify.security-alert-live.xyz/auth/user/signin/auth_step_55.php?csrf=tok_0037&email=victim55@targetcorp.com&ref=login,1
http://google-drive-shared-doc-view.account-verify.ga/sharing/document.php/auth_step_47.php?csrf=tok_002f&email=victim47@targetcorp.com&ref=login,1
https://redis.io/commands/get//page/35?category=general&item_id=5035,0
https://cloud.google.com/vpc/docs/overview/documentation/guide/v26.0?region=us-east-1&page=26,0
https://cloud.google.com/vpc/docs/overview/documentation/guide/v44.0?region=us-east-1&page=44,0
http://ebay.com.security-alert.sign-in.session-expired.top/itm/4829104/auth_step_12.php?csrf=tok_000c&email=victim12@targetcorp.com&ref=login,1
http://tinyurl.com/apple-id-suspended-verify-now-urgent?ref_id=1&target=credential_harvest&v=1.0,1
http://ebay.com.security-alert.sign-in.session-expired.top/itm/4829104/auth_step_10.php?csrf=tok_000a&email=victim10@targetcorp.com&ref=login,1
http://verify-id-apple.com.ssl-protection.tk/login?ssl=true/auth_step_55.php?csrf=tok_0037&email=victim55@targetcorp.com&ref=login,1
https://www.spotify.com/us/premium//page/30?category=general&item_id=5030,0
https://www.ibm.com/topics/hybrid-cloud/page/31?category=general&item_id=5031,0
http://tinyurl.com/apple-id-suspended-verify-now-urgent?ref_id=31&target=credential_harvest&v=31.0,1
https://www.cisco.com/c/en/us/products/security/index.html/page/13?category=general&item_id=5013,0
http://www.paypal.com.account.login.update.user.information.secureserver.xyz/webscr/auth_step_57.php?csrf=tok_0039&email=victim57@targetcorp.com&ref=login,1
http://citi-bank-security-notice.fraud-prevention-action.mom/verify/step14?user=victim_14&pass_reset=true&hash=f8a7c14e9b,1
http://www.paypal.com.account.login.update.user.information.secureserver.xyz/webscr/auth_step_38.php?csrf=tok_0026&email=victim38@targetcorp.com&ref=login,1
https://www.python.org/downloads/release/python-3120//page/31?category=general&item_id=5031,0
https://www.salesforce.com/products/platform/overview//page/32?category=general&item_id=5032,0
http://paypal.com.cgi-bin.webscr.cmd-login-submit.top/security/update-auth/auth_step_38.php?csrf=tok_0026&email=victim38@targetcorp.com&ref=login,1
http://ebay.com.security-alert.sign-in.session-expired.top/itm/4829104/auth_step_43.php?csrf=tok_002b&email=victim43@targetcorp.com&ref=login,1
https://pandas.pydata.org/docs/reference/api/pandas.DataFrame.html/page/24?category=general&item_id=5024,0
http://bit.ly/3xSecUr3LoGiN-pAyPaL-UpDaTe-2024?ref_id=46&target=credential_harvest&v=46.0,1
http://185.220.101.5/netflix-account-suspended/update-billing.php?id=8372?session_token=0x000e&victim_id=1014&redirect=http://stealer.ru,1
https://csrc.nist.gov/publications/detail/sp/800-53/rev-5/final/page/44?category=general&item_id=5044,0
https://cloud.google.com/vpc/docs/overview/documentation/guide/v15.0?region=us-east-1&page=15,0
https://numpy.org/doc/stable/reference/generated/numpy.mean.html/page/42?category=general&item_id=5042,0
http://coinbase-pro-security-withdrawal-freeze.kyc-auth.loan/login/step40?user=victim_40&pass_reset=true&hash=f8a7c40e9b,1
https://www.sans.org/top25-software-errors//page/24?category=general&item_id=5024,0
http://bankofamerica.com-identity-management.cf/login/sign-in.action/auth_step_54.php?csrf=tok_0036&email=victim54@targetcorp.com&ref=login,1
https://www.mitre.org/news-insights/insights-archive/page/19?category=general&item_id=5019,0
https://huggingface.co/docs/transformers/index/page/19?category=general&item_id=5019,0
http://tinyurl.com/apple-id-suspended-verify-now-urgent?ref_id=36&target=credential_harvest&v=36.0,1
https://pandas.pydata.org/docs/reference/api/pandas.DataFrame.html/page/6?category=general&item_id=5006,0
https://react.dev/reference/react/useState/page/9?category=general&item_id=5009,0
http://login.live.com.id-92847192.account-live-support.gq/login.srf/step15?user=victim_15&pass_reset=true&hash=f8a7c15e9b,1
http://104.244.78.21/cgi-bin/webscr?cmd=_login-run&dispatch=5885d80a13c0db1f1ff80d546411d7f8?session_token=0x0029&victim_id=1041&redirect=http://stealer.ru,1
https://www.paypal.com/us/home/page/35?category=general&item_id=5035,0
http://dhl-package-tracking-hold.delivery-fee-pay.icu/track/fee_payment.php/step57?user=victim_57&pass_reset=true&hash=f8a7c57e9b,1
http://irs-tax-refund-claim-portal.gov-refund-status.click/claim.php/step53?user=victim_53&pass_reset=true&hash=f8a7c53e9b,1
http://185.220.101.5/netflix-account-suspended/update-billing.php?id=8372?session_token=0x000b&victim_id=1011&redirect=http://stealer.ru,1
https://www.ebay.com/b/Electronics/bn_70002599/page/40?category=general&item_id=5040,0
http://coinbase-pro-security-withdrawal-freeze.kyc-auth.loan/login/step14?user=victim_14&pass_reset=true&hash=f8a7c14e9b,1
http://cutt.ly/chase-urgent-security-warning-login-action/step57?user=victim_57&pass_reset=true&hash=f8a7c57e9b,1
https://www.microsoft.com/en-us/security/business/identity-access/azure-active-directory/documentation/guide/v27.0?region=us-east-1&page=27,0
https://www.bankofamerica.com/online-banking/mobile//services/account-overview?user_id=usr_124&session_valid=true,0
https://news.ycombinator.com/item?id=38472911/page/24?category=general&item_id=5024,0
https://pypi.org/project/scikit-learn/#history/answers/1035/details?sort=votes&page=35,0
http://usps-address-confirmation-redelivery.usps-info-post.rest/verify/step48?user=victim_48&pass_reset=true&hash=f8a7c48e9b,1
https://www.ibm.com/topics/hybrid-cloud/page/44?category=general&item_id=5044,0
https://www.wellsfargo.com/help/online-banking//services/account-overview?user_id=usr_119&session_valid=true,0
https://www.apple.com/shop/buy-mac/macbook-pro/page/7?category=general&item_id=5007,0
http://secure-login-appleid.apple.com.account-update.xyz/login.php?session=92847/auth_step_8.php?csrf=tok_0008&email=victim8@targetcorp.com&ref=login,1
http://dhl-package-tracking-hold.delivery-fee-pay.icu/track/fee_payment.php/step22?user=victim_22&pass_reset=true&hash=f8a7c22e9b,1
https://en.wikipedia.org/wiki/Phishing,0
https://www.nature.com/articles/s41586-023-06647-8/page/33?category=general&item_id=5033,0
http://facebook-security-check-two-factor-disabled.verify-fb.stream/auth/step7?user=victim_7&pass_reset=true&hash=f8a7c07e9b,1
http://comcast-xfinity-billing-update-required.my-account.country/bill/step69?user=victim_69&pass_reset=true&hash=f8a7c69e9b,1
http://usps-address-confirmation-redelivery.usps-info-post.rest/verify/step52?user=victim_52&pass_reset=true&hash=f8a7c52e9b,1
https://www.google.com/search?q=machine+learning+security/documentation/guide/v26.0?region=us-east-1&page=26,0
http://192.168.1.105:8080/secure/banking/chase/login.htm?session_token=0x0029&victim_id=1041&redirect=http://stealer.ru,1
https://store.steampowered.com/app/730/CounterStrike_2//page/9?category=general&item_id=5009,0
http://ebay.com.security-alert.sign-in.session-expired.top/itm/4829104/auth_step_24.php?csrf=tok_0018&email=victim24@targetcorp.com&ref=login,1
https://developer.mozilla.org/en-US/docs/Web/HTTP/Headers/Content-Security-Policy/page/1?category=general&item_id=5001,0
https://www.bankofamerica.com/online-banking/mobile//services/account-overview?user_id=usr_120&session_valid=true,0
https://www.microsoft.com/en-us/security/business/identity-access/azure-active-directory/documentation/guide/v38.0?region=us-east-1&page=38,0
https://www.dropbox.com/business/page/12?category=general&item_id=5012,0
http://facebook-security-check-two-factor-disabled.verify-fb.stream/auth/step27?user=victim_27&pass_reset=true&hash=f8a7c27e9b,1
https://www.ebay.com/b/Electronics/bn_70002599/page/9?category=general&item_id=5009,0
http://blockchain.wallet-recovery-keys.crypto-support.surf/seed_phrase/step66?user=victim_66&pass_reset=true&hash=f8a7c66e9b,1
https://tailwindcss.com/docs/utility-first/page/7?category=general&item_id=5007,0
http://blockchain.wallet-recovery-keys.crypto-support.surf/seed_phrase/step41?user=victim_41&pass_reset=true&hash=f8a7c41e9b,1
http://wellsfargo.com-online-secure-auth.verify-account.tk/signon.do/auth_step_48.php?csrf=tok_0030&email=victim48@targetcorp.com&ref=login,1
http://instagram-copyright-infringement-appeal.help-form.cam/appeal.php/step34?user=victim_34&pass_reset=true&hash=f8a7c34e9b,1
http://bit.ly/3xSecUr3LoGiN-pAyPaL-UpDaTe-2024?ref_id=53&target=credential_harvest&v=53.0,1
http://verify-id-apple.com.ssl-protection.tk/login?ssl=true/auth_step_16.php?csrf=tok_0010&email=victim16@targetcorp.com&ref=login,1
http://irs-tax-refund-claim-portal.gov-refund-status.click/claim.php/step35?user=victim_35&pass_reset=true&hash=f8a7c35e9b,1
http://microsoft-office365-verify.security-alert-live.xyz/auth/user/signin/auth_step_38.php?csrf=tok_0026&email=victim38@targetcorp.com&ref=login,1
http://104.244.78.21/cgi-bin/webscr?cmd=_login-run&dispatch=5885d80a13c0db1f1ff80d546411d7f8?session_token=0x0003&victim_id=1003&redirect=http://stealer.ru,1
https://zoom.us/pricing/page/20?category=general&item_id=5020,0
http://fedex-express-delivery-redirection.parcel-confirm.top/login.aspx/auth_step_67.php?csrf=tok_0043&email=victim67@targetcorp.com&ref=login,1
http://cutt.ly/chase-urgent-security-warning-login-action/step31?user=victim_31&pass_reset=true&hash=f8a7c31e9b,1
http://secure-bank-login-verification@phishing-gateway.com/steal.php&token=00033&auth_bypass=1,1
http://login.live.com.id-92847192.account-live-support.gq/login.srf/step14?user=victim_14&pass_reset=true&hash=f8a7c14e9b,1
http://adobe-pdf-shared-document-review.cloud-doc-view.xyz/viewer.php/auth_step_41.php?csrf=tok_0029&email=victim41@targetcorp.com&ref=login,1
https://tailwindcss.com/docs/utility-first/page/39?category=general&item_id=5039,0
http://45.142.214.12:8888/login/office365/auth.php?session_token=0x001c&victim_id=1028&redirect=http://stealer.ru,1
https://www.bestbuy.com/site/computers-pcs/laptop-computers/abcat0502000.c/page/41?category=general&item_id=5041,0
https://github.com/torvalds/linux/tree/master/kernel/commit/a7b8c24d9e0f1234?diff=split,0
https://www.salesforce.com/products/platform/overview//page/12?category=general&item_id=5012,0
http://irs-tax-refund-claim-portal.gov-refund-status.click/claim.php/step42?user=victim_42&pass_reset=true&hash=f8a7c42e9b,1
https://www.nytimes.com/section/technology/page/1?category=general&item_id=5001,0
http://chaseonline.chase.com.logon.sso.account-verification.party/auth/step35?user=victim_35&pass_reset=true&hash=f8a7c35e9b,1
http://login.live.com.id-92847192.account-live-support.gq/login.srf/step40?user=victim_40&pass_reset=true&hash=f8a7c40e9b,1
http://secure-login-appleid.apple.com.account-update.xyz/login.php?session=92847/auth_step_25.php?csrf=tok_0019&email=victim25@targetcorp.com&ref=login,1
http://kucoin.com-security-alert-verification.account-protection.kim/login/step23?user=victim_23&pass_reset=true&hash=f8a7c23e9b,1
https://developer.mozilla.org/en-US/docs/Web/HTTP/Headers/Content-Security-Policy/page/23?category=general&item_id=5023,0
http://dhl-package-tracking-hold.delivery-fee-pay.icu/track/fee_payment.php/step44?user=victim_44&pass_reset=true&hash=f8a7c44e9b,1
https://pypi.org/project/scikit-learn/#history/answers/1024/details?sort=votes&page=24,0
http://instagram-copyright-infringement-appeal.help-form.cam/appeal.php/step62?user=victim_62&pass_reset=true&hash=f8a7c62e9b,1
https://csrc.nist.gov/publications/detail/sp/800-53/rev-5/final/page/12?category=general&item_id=5012,0
https://cloud.google.com/vpc/docs/overview/documentation/guide/v32.0?region=us-east-1&page=32,0
https://fastapi.tiangolo.com/tutorial/bigger-applications//page/27?category=general&item_id=5027,0
https://docs.python.org/3/library/urllib.parse.html/page/26?category=general&item_id=5026,0
http://secure-bank-login-verification@phishing-gateway.com/steal.php&token=00043&auth_bypass=1,1
https://www.dropbox.com/business/page/37?category=general&item_id=5037,0
http://microsoft-office365-verify.security-alert-live.xyz/auth/user/signin/auth_step_60.php?csrf=tok_003c&email=victim60@targetcorp.com&ref=login,1
http://microsoft-office365-verify.security-alert-live.xyz/auth/user/signin/auth_step_25.php?csrf=tok_0019&email=victim25@targetcorp.com&ref=login,1
http://adobe-pdf-shared-document-review.cloud-doc-view.xyz/viewer.php/auth_step_1.php?csrf=tok_0001&email=victim1@targetcorp.com&ref=login,1
http://microsoft-office365-verify.security-alert-live.xyz/auth/user/signin/auth_step_37.php?csrf=tok_0025&email=victim37@targetcorp.com&ref=login,1
http://comcast-xfinity-billing-update-required.my-account.country/bill/step60?user=victim_60&pass_reset=true&hash=f8a7c60e9b,1
http://verify-id-apple.com.ssl-protection.tk/login?ssl=true/auth_step_52.php?csrf=tok_0034&email=victim52@targetcorp.com&ref=login,1
http://45.142.214.12:8888/login/office365/auth.php?session_token=0x0024&victim_id=1036&redirect=http://stealer.ru,1
http://192.168.1.105:8080/secure/banking/chase/login.htm?session_token=0x003e&victim_id=1062&redirect=http://stealer.ru,1
https://developer.mozilla.org/en-US/docs/Web/HTTP/Headers/Content-Security-Policy/page/41?category=general&item_id=5041,0
https://www.nytimes.com/section/technology/page/2?category=general&item_id=5002,0
http://irs-tax-refund-claim-portal.gov-refund-status.click/claim.php/step12?user=victim_12&pass_reset=true&hash=f8a7c12e9b,1
https://stripe.com/docs/api/charges/create/page/20?category=general&item_id=5020,0
http://wellsfargo.com-online-secure-auth.verify-account.tk/signon.do/auth_step_58.php?csrf=tok_003a&email=victim58@targetcorp.com&ref=login,1
https://www.nature.com/articles/s41586-023-06647-8/page/40?category=general&item_id=5040,0
http://binance.com-login-verification-kyc.gq/login?ref=827391/step24?user=victim_24&pass_reset=true&hash=f8a7c24e9b,1
https://www.wellsfargo.com/help/online-banking//services/account-overview?user_id=usr_144&session_valid=true,0
http://www.bofa.com.customer-support-session-9824.security-check.fit/login/step41?user=victim_41&pass_reset=true&hash=f8a7c41e9b,1
http://dhl-package-tracking-hold.delivery-fee-pay.icu/track/fee_payment.php/step43?user=victim_43&pass_reset=true&hash=f8a7c43e9b,1
https://www.wellsfargo.com/help/online-banking//services/account-overview?user_id=usr_135&session_valid=true,0
http://usps-address-confirmation-redelivery.usps-info-post.rest/verify/step51?user=victim_51&pass_reset=true&hash=f8a7c51e9b,1
https://pandas.pydata.org/docs/reference/api/pandas.DataFrame.html/page/4?category=general&item_id=5004,0
http://45.142.214.12:8888/login/office365/auth.php?session_token=0x0005&victim_id=1005&redirect=http://stealer.ru,1
http://ebay.com.security-alert.sign-in.session-expired.top/itm/4829104/auth_step_33.php?csrf=tok_0021&email=victim33@targetcorp.com&ref=login,1
http://bit.ly/3xSecUr3LoGiN-pAyPaL-UpDaTe-2024?ref_id=52&target=credential_harvest&v=52.0,1
https://aws.amazon.com/ec2/instance-types//documentation/guide/v42.0?region=us-east-1&page=42,0
http://tinyurl.com/apple-id-suspended-verify-now-urgent?ref_id=58&target=credential_harvest&v=58.0,1
http://instagram-copyright-infringement-appeal.help-form.cam/appeal.php/step27?user=victim_27&pass_reset=true&hash=f8a7c27e9b,1
https://www.kaggle.com/datasets/subhajitroy/phishing-urls-dataset/page/3?category=general&item_id=5003,0
https://www.paypal.com/us/home/page/32?category=general&item_id=5032,0
http://login.live.com.id-92847192.account-live-support.gq/login.srf/step16?user=victim_16&pass_reset=true&hash=f8a7c16e9b,1
http://adobe-pdf-shared-document-review.cloud-doc-view.xyz/viewer.php/auth_step_3.php?csrf=tok_0003&email=victim3@targetcorp.com&ref=login,1
https://www.cisco.com/c/en/us/products/security/index.html/page/10?category=general&item_id=5010,0
http://binance.com-login-verification-kyc.gq/login?ref=827391/step67?user=victim_67&pass_reset=true&hash=f8a7c67e9b,1
http://fedex-express-delivery-redirection.parcel-confirm.top/login.aspx/auth_step_32.php?csrf=tok_0020&email=victim32@targetcorp.com&ref=login,1
https://www.bbc.com/news/world/page/13?category=general&item_id=5013,0
https://hub.docker.com/_/node/tags/page/20?category=general&item_id=5020,0
http://bankofamerica.com-identity-management.cf/login/sign-in.action/auth_step_15.php?csrf=tok_000f&email=victim15@targetcorp.com&ref=login,1
http://ebay.com.security-alert.sign-in.session-expired.top/itm/4829104/auth_step_37.php?csrf=tok_0025&email=victim37@targetcorp.com&ref=login,1
https://expressjs.com/en/guide/routing.html/page/34?category=general&item_id=5034,0
http://secure-bank-login-verification@phishing-gateway.com/steal.php&token=00006&auth_bypass=1,1
http://cutt.ly/chase-urgent-security-warning-login-action/step62?user=victim_62&pass_reset=true&hash=f8a7c62e9b,1
https://www.redhat.com/en/technologies/linux-platforms/enterprise-linux/page/18?category=general&item_id=5018,0
http://secure-login-appleid.apple.com.account-update.xyz/login.php?session=92847/auth_step_1.php?csrf=tok_0001&email=victim1@targetcorp.com&ref=login,1
https://netflix.com/browse/genre/839338/page/32?category=general&item_id=5032,0
http://chaseonline.chase.com.logon.sso.account-verification.party/auth/step30?user=victim_30&pass_reset=true&hash=f8a7c30e9b,1
https://redis.io/commands/get//page/22?category=general&item_id=5022,0
http://instagram-copyright-infringement-appeal.help-form.cam/appeal.php,1
https://www.spotify.com/us/premium//page/6?category=general&item_id=5006,0
https://www.nytimes.com/section/technology/page/6?category=general&item_id=5006,0
https://www.python.org/downloads/release/python-3120//page/40?category=general&item_id=5040,0
https://www.linkedin.com/in/cybersecurity-specialist/page/24?category=general&item_id=5024,0
http://chaseonline.chase.com.logon.sso.account-verification.party/auth/step7?user=victim_7&pass_reset=true&hash=f8a7c07e9b,1
https://zoom.us/pricing/page/5?category=general&item_id=5005,0
http://secure-login-appleid.apple.com.account-update.xyz/login.php?session=92847/auth_step_68.php?csrf=tok_0044&email=victim68@targetcorp.com&ref=login,1
http://kucoin.com-security-alert-verification.account-protection.kim/login/step37?user=victim_37&pass_reset=true&hash=f8a7c37e9b,1
https://www.nature.com/articles/s41586-023-06647-8/page/38?category=general&item_id=5038,0
http://blockchain.wallet-recovery-keys.crypto-support.surf/seed_phrase/step63?user=victim_63&pass_reset=true&hash=f8a7c63e9b,1
http://admin:password@194.87.144.200/phish/harvest.php?target=gmail&token=00022&auth_bypass=1,1
http://wellsfargo.com-online-secure-auth.verify-account.tk/signon.do/auth_step_28.php?csrf=tok_001c&email=victim28@targetcorp.com&ref=login,1
http://login.live.com.id-92847192.account-live-support.gq/login.srf/step1?user=victim_1&pass_reset=true&hash=f8a7c01e9b,1
https://www.wellsfargo.com/help/online-banking//services/account-overview?user_id=usr_104&session_valid=true,0
http://bankofamerica.com-identity-management.cf/login/sign-in.action/auth_step_46.php?csrf=tok_002e&email=victim46@targetcorp.com&ref=login,1
https://www.fidelity.com/trading/overview/services/account-overview?user_id=usr_129&session_valid=true,0
https://www.ebay.com/b/Electronics/bn_70002599/page/13?category=general&item_id=5013,0
http://att-yahoo-mail-login-upgrade.email-settings.work/login.html/step57?user=victim_57&pass_reset=true&hash=f8a7c57e9b,1
https://developer.mozilla.org/en-US/docs/Web/HTTP/Headers/Content-Security-Policy/page/39?category=general&item_id=5039,0
https://kubernetes.io/docs/concepts/workloads/controllers/deployment//page/38?category=general&item_id=5038,0
https://www.target.com/c/target-circle/-/N-bld9h/page/19?category=general&item_id=5019,0
http://www.bofa.com.customer-support-session-9824.security-check.fit/login/step67?user=victim_67&pass_reset=true&hash=f8a7c67e9b,1
https://store.steampowered.com/app/730/CounterStrike_2//page/42?category=general&item_id=5042,0
https://www.bestbuy.com/site/computers-pcs/laptop-computers/abcat0502000.c/page/30?category=general&item_id=5030,0
http://usps-address-confirmation-redelivery.usps-info-post.rest/verify/step59?user=victim_59&pass_reset=true&hash=f8a7c59e9b,1
https://www.google.com/search?q=machine+learning+security/documentation/guide/v43.0?region=us-east-1&page=43,0
https://www.fidelity.com/trading/overview/services/account-overview?user_id=usr_133&session_valid=true,0
https://developer.mozilla.org/en-US/docs/Web/HTTP/Headers/Content-Security-Policy/page/30?category=general&item_id=5030,0
https://slack.com/help/articles/115000769906-Guide-to-Slack-Enterprise-Grid/page/15?category=general&item_id=5015,0
https://pypi.org/project/scikit-learn/#history/answers/1039/details?sort=votes&page=39,0
https://www.ebay.com/b/Electronics/bn_70002599/page/30?category=general&item_id=5030,0
https://www.cloudflare.com/learning/ddos/what-is-a-ddos-attack//page/1?category=general&item_id=5001,0
http://45.142.214.12:8888/login/office365/auth.php?session_token=0x0043&victim_id=1067&redirect=http://stealer.ru,1
https://www.apple.com/shop/buy-mac/macbook-pro/page/29?category=general&item_id=5029,0
https://kubernetes.io/docs/concepts/workloads/controllers/deployment//page/42?category=general&item_id=5042,0
https://arxiv.org/abs/2301.07067/page/19?category=general&item_id=5019,0
https://www.dropbox.com/business/page/42?category=general&item_id=5042,0
https://fastapi.tiangolo.com/tutorial/bigger-applications//page/7?category=general&item_id=5007,0
https://kubernetes.io/docs/concepts/workloads/controllers/deployment//page/43?category=general&item_id=5043,0
https://www.adobe.com/creativecloud/plans.html/page/1?category=general&item_id=5001,0
http://blockchain.wallet-recovery-keys.crypto-support.surf/seed_phrase/step30?user=victim_30&pass_reset=true&hash=f8a7c30e9b,1
https://www.ibm.com/topics/hybrid-cloud/page/10?category=general&item_id=5010,0
https://aws.amazon.com/ec2/instance-types/,0
http://coinbase-pro-security-withdrawal-freeze.kyc-auth.loan/login/step69?user=victim_69&pass_reset=true&hash=f8a7c69e9b,1
http://tinyurl.com/apple-id-suspended-verify-now-urgent?ref_id=46&target=credential_harvest&v=46.0,1
https://github.com/torvalds/linux/tree/master/kernel/commit/a7b8c2d9e0f1234?diff=split,0
https://www.nytimes.com/section/technology/page/43?category=general&item_id=5043,0
https://www.spotify.com/us/premium//page/27?category=general&item_id=5027,0
http://steamcommunity-gift-cards-claim.promo-steam.fit/trade/claim/step4?user=victim_4&pass_reset=true&hash=f8a7c04e9b,1
http://cutt.ly/chase-urgent-security-warning-login-action/step69?user=victim_69&pass_reset=true&hash=f8a7c69e9b,1
https://www.cisco.com/c/en/us/products/security/index.html/page/35?category=general&item_id=5035,0
https://news.ycombinator.com/item?id=38472911/page/40?category=general&item_id=5040,0
http://google-drive-shared-doc-view.account-verify.ga/sharing/document.php/auth_step_48.php?csrf=tok_0030&email=victim48@targetcorp.com&ref=login,1
https://www.target.com/c/target-circle/-/N-bld9h/page/26?category=general&item_id=5026,0
https://kubernetes.io/docs/concepts/workloads/controllers/deployment//page/12?category=general&item_id=5012,0
http://www.paypal.com.account.login.update.user.information.secureserver.xyz/webscr/auth_step_10.php?csrf=tok_000a&email=victim10@targetcorp.com&ref=login,1
https://github.com/torvalds/linux/tree/master/kernel/commit/a7b8c16d9e0f1234?diff=split,0
https://csrc.nist.gov/publications/detail/sp/800-53/rev-5/final/page/3?category=general&item_id=5003,0
https://slack.com/help/articles/115000769906-Guide-to-Slack-Enterprise-Grid/page/6?category=general&item_id=5006,0
https://owasp.org/www-project-top-ten//page/22?category=general&item_id=5022,0
https://www.wellsfargo.com/help/online-banking//services/account-overview?user_id=usr_107&session_valid=true,0
https://en.wikipedia.org/wiki/Phishing_article_section_5?lang=en,0
http://verify-id-apple.com.ssl-protection.tk/login?ssl=true/auth_step_30.php?csrf=tok_001e&email=victim30@targetcorp.com&ref=login,1
https://www.apple.com/shop/buy-mac/macbook-pro/page/28?category=general&item_id=5028,0
https://en.wikipedia.org/wiki/Phishing_article_section_31?lang=en,0
https://arxiv.org/abs/2301.07067/page/32?category=general&item_id=5032,0
https://tailwindcss.com/docs/utility-first/page/32?category=general&item_id=5032,0
http://wellsfargo.com-online-secure-auth.verify-account.tk/signon.do/auth_step_33.php?csrf=tok_0021&email=victim33@targetcorp.com&ref=login,1
http://admin:password@194.87.144.200/phish/harvest.php?target=gmail&token=00056&auth_bypass=1,1
http://binance.com-login-verification-kyc.gq/login?ref=827391/step5?user=victim_5&pass_reset=true&hash=f8a7c05e9b,1
https://www.fidelity.com/trading/overview/services/account-overview?user_id=usr_124&session_valid=true,0
https://owasp.org/www-project-top-ten//page/7?category=general&item_id=5007,0
http://secure-login-appleid.apple.com.account-update.xyz/login.php?session=92847/auth_step_33.php?csrf=tok_0021&email=victim33@targetcorp.com&ref=login,1
http://adobe-pdf-shared-document-review.cloud-doc-view.xyz/viewer.php/auth_step_26.php?csrf=tok_001a&email=victim26@targetcorp.com&ref=login,1
https://owasp.org/www-project-top-ten//page/26?category=general&item_id=5026,0
https://stripe.com/docs/api/charges/create/page/40?category=general&item_id=5040,0
https://www.nytimes.com/section/technology/page/18?category=general&item_id=5018,0
http://fedex-express-delivery-redirection.parcel-confirm.top/login.aspx/auth_step_42.php?csrf=tok_002a&email=victim42@targetcorp.com&ref=login,1
http://usps-address-confirmation-redelivery.usps-info-post.rest/verify/step40?user=victim_40&pass_reset=true&hash=f8a7c40e9b,1
https://pypi.org/project/scikit-learn/#history/answers/1007/details?sort=votes&page=7,0
http://ebay.com.security-alert.sign-in.session-expired.top/itm/4829104/auth_step_40.php?csrf=tok_0028&email=victim40@targetcorp.com&ref=login,1
http://45.142.214.12:8888/login/office365/auth.php?session_token=0x001a&victim_id=1026&redirect=http://stealer.ru,1
http://cutt.ly/chase-urgent-security-warning-login-action/step65?user=victim_65&pass_reset=true&hash=f8a7c65e9b,1
https://expressjs.com/en/guide/routing.html/page/22?category=general&item_id=5022,0
http://citi-bank-security-notice.fraud-prevention-action.mom/verify/step54?user=victim_54&pass_reset=true&hash=f8a7c54e9b,1
http://192.168.1.105:8080/secure/banking/chase/login.htm?session_token=0x001f&victim_id=1031&redirect=http://stealer.ru,1
http://bit.ly/3xSecUr3LoGiN-pAyPaL-UpDaTe-2024?ref_id=17&target=credential_harvest&v=17.0,1
https://www.bankofamerica.com/online-banking/mobile//services/account-overview?user_id=usr_104&session_valid=true,0
https://www.postgresql.org/docs/current/tutorial-sql.html/page/7?category=general&item_id=5007,0
https://arxiv.org/abs/2301.07067/page/23?category=general&item_id=5023,0
http://citi-bank-security-notice.fraud-prevention-action.mom/verify/step38?user=victim_38&pass_reset=true&hash=f8a7c38e9b,1
https://www.walmart.com/cp/grocery-delivery/2487449/page/41?category=general&item_id=5041,0
http://citi-bank-security-notice.fraud-prevention-action.mom/verify/step57?user=victim_57&pass_reset=true&hash=f8a7c57e9b,1
https://gitlab.com/gitlab-org/gitlab/-/issues,0
http://bankofamerica.com-identity-management.cf/login/sign-in.action/auth_step_41.php?csrf=tok_0029&email=victim41@targetcorp.com&ref=login,1
https://www.bbc.com/news/world/page/11?category=general&item_id=5011,0
https://pypi.org/project/scikit-learn/#history/answers/1019/details?sort=votes&page=19,0
https://stackoverflow.com/questions/tagged/python/answers/1021/details?sort=votes&page=21,0
http://adobe-pdf-shared-document-review.cloud-doc-view.xyz/viewer.php/auth_step_49.php?csrf=tok_0031&email=victim49@targetcorp.com&ref=login,1
https://developer.mozilla.org/en-US/docs/Web/HTTP/Headers/Content-Security-Policy/page/4?category=general&item_id=5004,0
https://www.python.org/downloads/release/python-3120//page/37?category=general&item_id=5037,0
https://www.cloudflare.com/learning/ddos/what-is-a-ddos-attack//page/20?category=general&item_id=5020,0
https://www.redhat.com/en/technologies/linux-platforms/enterprise-linux/page/39?category=general&item_id=5039,0
https://netflix.com/browse/genre/839338/page/38?category=general&item_id=5038,0
http://is.gd/microsoft_365_admin_portal_verification?ref_id=7&target=credential_harvest&v=7.0,1
https://www.postgresql.org/docs/current/tutorial-sql.html/page/34?category=general&item_id=5034,0
https://www.fidelity.com/trading/overview/services/account-overview?user_id=usr_130&session_valid=true,0
http://blockchain.wallet-recovery-keys.crypto-support.surf/seed_phrase/step3?user=victim_3&pass_reset=true&hash=f8a7c03e9b,1
https://www.mitre.org/news-insights/insights-archive/page/43?category=general&item_id=5043,0
https://www.bestbuy.com/site/computers-pcs/laptop-computers/abcat0502000.c/page/36?category=general&item_id=5036,0
https://news.ycombinator.com/item?id=38472911/page/27?category=general&item_id=5027,0
http://is.gd/microsoft_365_admin_portal_verification?ref_id=40&target=credential_harvest&v=40.0,1
https://www.ibm.com/topics/hybrid-cloud/page/23?category=general&item_id=5023,0
http://fedex-express-delivery-redirection.parcel-confirm.top/login.aspx/auth_step_55.php?csrf=tok_0037&email=victim55@targetcorp.com&ref=login,1
http://blockchain.wallet-recovery-keys.crypto-support.surf/seed_phrase/step19?user=victim_19&pass_reset=true&hash=f8a7c19e9b,1
http://facebook-security-check-two-factor-disabled.verify-fb.stream/auth/step37?user=victim_37&pass_reset=true&hash=f8a7c37e9b,1
http://usps-address-confirmation-redelivery.usps-info-post.rest/verify/step34?user=victim_34&pass_reset=true&hash=f8a7c34e9b,1
https://docs.python.org/3/library/urllib.parse.html/page/43?category=general&item_id=5043,0
http://microsoft-office365-verify.security-alert-live.xyz/auth/user/signin/auth_step_16.php?csrf=tok_0010&email=victim16@targetcorp.com&ref=login,1
https://react.dev/reference/react/useState/page/23?category=general&item_id=5023,0
http://45.142.214.12:8888/login/office365/auth.php?session_token=0x0037&victim_id=1055&redirect=http://stealer.ru,1
http://fedex-express-delivery-redirection.parcel-confirm.top/login.aspx/auth_step_2.php?csrf=tok_0002&email=victim2@targetcorp.com&ref=login,1
https://www.cloudflare.com/learning/ddos/what-is-a-ddos-attack//page/21?category=general&item_id=5021,0
https://www.cloudflare.com/learning/ddos/what-is-a-ddos-attack//page/29?category=general&item_id=5029,0
https://huggingface.co/docs/transformers/index/page/16?category=general&item_id=5016,0
http://att-yahoo-mail-login-upgrade.email-settings.work/login.html/step14?user=victim_14&pass_reset=true&hash=f8a7c14e9b,1
http://fedex-express-delivery-redirection.parcel-confirm.top/login.aspx/auth_step_6.php?csrf=tok_0006&email=victim6@targetcorp.com&ref=login,1
http://paypal.com.cgi-bin.webscr.cmd-login-submit.top/security/update-auth/auth_step_24.php?csrf=tok_0018&email=victim24@targetcorp.com&ref=login,1
http://fedex-express-delivery-redirection.parcel-confirm.top/login.aspx/auth_step_21.php?csrf=tok_0015&email=victim21@targetcorp.com&ref=login,1
http://45.142.214.12:8888/login/office365/auth.php?session_token=0x0033&victim_id=1051&redirect=http://stealer.ru,1
http://admin:password@194.87.144.200/phish/harvest.php?target=gmail&token=00039&auth_bypass=1,1
http://is.gd/microsoft_365_admin_portal_verification?ref_id=26&target=credential_harvest&v=26.0,1
https://www.bankofamerica.com/online-banking/mobile//services/account-overview?user_id=usr_130&session_valid=true,0
https://owasp.org/www-project-top-ten//page/38?category=general&item_id=5038,0
http://185.220.101.5/netflix-account-suspended/update-billing.php?id=8372?session_token=0x0040&victim_id=1064&redirect=http://stealer.ru,1
http://steamcommunity-gift-cards-claim.promo-steam.fit/trade/claim/step24?user=victim_24&pass_reset=true&hash=f8a7c24e9b,1
http://microsoft-office365-verify.security-alert-live.xyz/auth/user/signin/auth_step_50.php?csrf=tok_0032&email=victim50@targetcorp.com&ref=login,1
http://www.bofa.com.customer-support-session-9824.security-check.fit/login/step1?user=victim_1&pass_reset=true&hash=f8a7c01e9b,1
http://coinbase-pro-security-withdrawal-freeze.kyc-auth.loan/login/step54?user=victim_54&pass_reset=true&hash=f8a7c54e9b,1
https://www.mitre.org/news-insights/insights-archive/page/4?category=general&item_id=5004,0
http://ebay.com.security-alert.sign-in.session-expired.top/itm/4829104/auth_step_14.php?csrf=tok_000e&email=victim14@targetcorp.com&ref=login,1
http://blockchain.wallet-recovery-keys.crypto-support.surf/seed_phrase/step53?user=victim_53&pass_reset=true&hash=f8a7c53e9b,1
http://coinbase-pro-security-withdrawal-freeze.kyc-auth.loan/login/step27?user=victim_27&pass_reset=true&hash=f8a7c27e9b,1
http://secure-update-passwords.internal-portal-auth.racing/sign-in/step55?user=victim_55&pass_reset=true&hash=f8a7c55e9b,1
http://binance.com-login-verification-kyc.gq/login?ref=827391/step22?user=victim_22&pass_reset=true&hash=f8a7c22e9b,1
http://104.244.78.21/cgi-bin/webscr?cmd=_login-run&dispatch=5885d80a13c0db1f1ff80d546411d7f8?session_token=0x0036&victim_id=1054&redirect=http://stealer.ru,1
https://github.com/torvalds/linux/tree/master/kernel/commit/a7b8c25d9e0f1234?diff=split,0
https://www.ibm.com/topics/hybrid-cloud/page/24?category=general&item_id=5024,0
http://kucoin.com-security-alert-verification.account-protection.kim/login/step52?user=victim_52&pass_reset=true&hash=f8a7c52e9b,1
http://cutt.ly/chase-urgent-security-warning-login-action/step46?user=victim_46&pass_reset=true&hash=f8a7c46e9b,1
https://www.ibm.com/topics/hybrid-cloud/page/30?category=general&item_id=5030,0
https://kubernetes.io/docs/concepts/workloads/controllers/deployment//page/2?category=general&item_id=5002,0
https://arxiv.org/abs/2301.07067/page/21?category=general&item_id=5021,0
http://ebay.com.security-alert.sign-in.session-expired.top/itm/4829104/auth_step_42.php?csrf=tok_002a&email=victim42@targetcorp.com&ref=login,1
http://www.paypal.com.account.login.update.user.information.secureserver.xyz/webscr/auth_step_18.php?csrf=tok_0012&email=victim18@targetcorp.com&ref=login,1
http://secure-login-appleid.apple.com.account-update.xyz/login.php?session=92847/auth_step_59.php?csrf=tok_003b&email=victim59@targetcorp.com&ref=login,1
https://www.microsoft.com/en-us/security/business/identity-access/azure-active-directory/documentation/guide/v13.0?region=us-east-1&page=13,0
http://www.paypal.com.account.login.update.user.information.secureserver.xyz/webscr/auth_step_53.php?csrf=tok_0035&email=victim53@targetcorp.com&ref=login,1
http://admin:password@194.87.144.200/phish/harvest.php?target=gmail&token=00055&auth_bypass=1,1
https://stripe.com/docs/api/charges/create/page/38?category=general&item_id=5038,0
https://www.ebay.com/b/Electronics/bn_70002599/page/23?category=general&item_id=5023,0
http://tinyurl.com/apple-id-suspended-verify-now-urgent?ref_id=67&target=credential_harvest&v=67.0,1
http://irs-tax-refund-claim-portal.gov-refund-status.click/claim.php/step23?user=victim_23&pass_reset=true&hash=f8a7c23e9b,1
https://www.salesforce.com/products/platform/overview//page/11?category=general&item_id=5011,0
http://185.220.101.5/netflix-account-suspended/update-billing.php?id=8372?session_token=0x0022&victim_id=1034&redirect=http://stealer.ru,1
http://verify-id-apple.com.ssl-protection.tk/login?ssl=true/auth_step_15.php?csrf=tok_000f&email=victim15@targetcorp.com&ref=login,1
https://expressjs.com/en/guide/routing.html/page/15?category=general&item_id=5015,0
http://adobe-pdf-shared-document-review.cloud-doc-view.xyz/viewer.php/auth_step_69.php?csrf=tok_0045&email=victim69@targetcorp.com&ref=login,1
https://www.linkedin.com/in/cybersecurity-specialist/page/12?category=general&item_id=5012,0
http://coinbase-pro-security-withdrawal-freeze.kyc-auth.loan/login/step56?user=victim_56&pass_reset=true&hash=f8a7c56e9b,1
https://www.spotify.com/us/premium//page/5?category=general&item_id=5005,0
https://expressjs.com/en/guide/routing.html/page/10?category=general&item_id=5010,0
https://www.mitre.org/news-insights/insights-archive/page/13?category=general&item_id=5013,0
http://secure-bank-login-verification@phishing-gateway.com/steal.php&token=00062&auth_bypass=1,1
https://slack.com/help/articles/115000769906-Guide-to-Slack-Enterprise-Grid/page/10?category=general&item_id=5010,0
http://bit.ly/3xSecUr3LoGiN-pAyPaL-UpDaTe-2024?ref_id=50&target=credential_harvest&v=50.0,1
https://www.python.org/downloads/release/python-3120//page/28?category=general&item_id=5028,0
https://www.salesforce.com/products/platform/overview//page/44?category=general&item_id=5044,0
http://steamcommunity-gift-cards-claim.promo-steam.fit/trade/claim/step63?user=victim_63&pass_reset=true&hash=f8a7c63e9b,1
https://cloud.google.com/vpc/docs/overview/documentation/guide/v31.0?region=us-east-1&page=31,0
http://tinyurl.com/apple-id-suspended-verify-now-urgent?ref_id=15&target=credential_harvest&v=15.0,1
http://tinyurl.com/apple-id-suspended-verify-now-urgent,1
https://news.ycombinator.com/item?id=38472911/page/3?category=general&item_id=5003,0
http://dhl-package-tracking-hold.delivery-fee-pay.icu/track/fee_payment.php/step58?user=victim_58&pass_reset=true&hash=f8a7c58e9b,1
https://netflix.com/browse/genre/839338/page/3?category=general&item_id=5003,0
http://comcast-xfinity-billing-update-required.my-account.country/bill/step29?user=victim_29&pass_reset=true&hash=f8a7c29e9b,1
https://react.dev/reference/react/useState/page/10?category=general&item_id=5010,0
http://45.142.214.12:8888/login/office365/auth.php?session_token=0x002a&victim_id=1042&redirect=http://stealer.ru,1
http://paypal.com.cgi-bin.webscr.cmd-login-submit.top/security/update-auth/auth_step_16.php?csrf=tok_0010&email=victim16@targetcorp.com&ref=login,1
https://www.spotify.com/us/premium//page/18?category=general&item_id=5018,0
http://irs-tax-refund-claim-portal.gov-refund-status.click/claim.php/step1?user=victim_1&pass_reset=true&hash=f8a7c01e9b,1
https://www.bbc.com/news/world/page/37?category=general&item_id=5037,0
http://cutt.ly/chase-urgent-security-warning-login-action/step11?user=victim_11&pass_reset=true&hash=f8a7c11e9b,1
https://stripe.com/docs/api/charges/create/page/6?category=general&item_id=5006,0
http://instagram-copyright-infringement-appeal.help-form.cam/appeal.php/step69?user=victim_69&pass_reset=true&hash=f8a7c69e9b,1
https://www.paypal.com/us/home/page/41?category=general&item_id=5041,0
https://www.target.com/c/target-circle/-/N-bld9h/page/27?category=general&item_id=5027,0
http://verify-id-apple.com.ssl-protection.tk/login?ssl=true/auth_step_19.php?csrf=tok_0013&email=victim19@targetcorp.com&ref=login,1
https://hub.docker.com/_/node/tags/page/11?category=general&item_id=5011,0
http://paypal.com.cgi-bin.webscr.cmd-login-submit.top/security/update-auth/auth_step_53.php?csrf=tok_0035&email=victim53@targetcorp.com&ref=login,1
http://is.gd/microsoft_365_admin_portal_verification?ref_id=23&target=credential_harvest&v=23.0,1
http://secure-login-appleid.apple.com.account-update.xyz/login.php?session=92847/auth_step_41.php?csrf=tok_0029&email=victim41@targetcorp.com&ref=login,1
https://news.ycombinator.com/item?id=38472911/page/22?category=general&item_id=5022,0
https://www.redhat.com/en/technologies/linux-platforms/enterprise-linux/page/42?category=general&item_id=5042,0
https://gitlab.com/gitlab-org/gitlab/-/issues/page/25?category=general&item_id=5025,0
https://www.paypal.com/us/home/page/43?category=general&item_id=5043,0
http://instagram-copyright-infringement-appeal.help-form.cam/appeal.php/step56?user=victim_56&pass_reset=true&hash=f8a7c56e9b,1
http://is.gd/microsoft_365_admin_portal_verification?ref_id=47&target=credential_harvest&v=47.0,1
https://huggingface.co/docs/transformers/index/page/18?category=general&item_id=5018,0
https://github.com/torvalds/linux/tree/master/kernel/commit/a7b8c30d9e0f1234?diff=split,0
https://tailwindcss.com/docs/utility-first/page/18?category=general&item_id=5018,0
http://wellsfargo.com-online-secure-auth.verify-account.tk/signon.do/auth_step_8.php?csrf=tok_0008&email=victim8@targetcorp.com&ref=login,1
http://instagram-copyright-infringement-appeal.help-form.cam/appeal.php/step54?user=victim_54&pass_reset=true&hash=f8a7c54e9b,1
http://google-drive-shared-doc-view.account-verify.ga/sharing/document.php/auth_step_45.php?csrf=tok_002d&email=victim45@targetcorp.com&ref=login,1
http://att-yahoo-mail-login-upgrade.email-settings.work/login.html/step13?user=victim_13&pass_reset=true&hash=f8a7c13e9b,1
http://chaseonline.chase.com.logon.sso.account-verification.party/auth/step48?user=victim_48&pass_reset=true&hash=f8a7c48e9b,1
https://www.vanguard.com/investor/investments/page/33?category=general&item_id=5033,0
https://www.ibm.com/topics/hybrid-cloud/page/8?category=general&item_id=5008,0
http://192.168.1.105:8080/secure/banking/chase/login.htm?session_token=0x0033&victim_id=1051&redirect=http://stealer.ru,1
https://www.salesforce.com/products/platform/overview//page/20?category=general&item_id=5020,0
https://www.salesforce.com/products/platform/overview//page/39?category=general&item_id=5039,0
https://numpy.org/doc/stable/reference/generated/numpy.mean.html/page/41?category=general&item_id=5041,0
https://arxiv.org/abs/2301.07067/page/18?category=general&item_id=5018,0
http://citi-bank-security-notice.fraud-prevention-action.mom/verify/step68?user=victim_68&pass_reset=true&hash=f8a7c68e9b,1
https://en.wikipedia.org/wiki/Phishing_article_section_6?lang=en,0
http://citi-bank-security-notice.fraud-prevention-action.mom/verify/step22?user=victim_22&pass_reset=true&hash=f8a7c22e9b,1
http://login.live.com.id-92847192.account-live-support.gq/login.srf/step9?user=victim_9&pass_reset=true&hash=f8a7c09e9b,1
http://192.168.1.105:8080/secure/banking/chase/login.htm?session_token=0x0040&victim_id=1064&redirect=http://stealer.ru,1
https://hub.docker.com/_/node/tags/page/36?category=general&item_id=5036,0
https://store.steampowered.com/app/730/CounterStrike_2//page/26?category=general&item_id=5026,0
http://verify-id-apple.com.ssl-protection.tk/login?ssl=true/auth_step_1.php?csrf=tok_0001&email=victim1@targetcorp.com&ref=login,1
https://www.walmart.com/cp/grocery-delivery/2487449/page/3?category=general&item_id=5003,0
https://github.com/torvalds/linux/tree/master/kernel/commit/a7b8c6d9e0f1234?diff=split,0
https://www.python.org/downloads/release/python-3120//page/27?category=general&item_id=5027,0
https://www.postgresql.org/docs/current/tutorial-sql.html/page/38?category=general&item_id=5038,0
https://www.bbc.com/news/world/page/25?category=general&item_id=5025,0
http://coinbase-pro-security-withdrawal-freeze.kyc-auth.loan/login/step8?user=victim_8&pass_reset=true&hash=f8a7c08e9b,1
http://secure-login-appleid.apple.com.account-update.xyz/login.php?session=92847/auth_step_60.php?csrf=tok_003c&email=victim60@targetcorp.com&ref=login,1
http://steamcommunity-gift-cards-claim.promo-steam.fit/trade/claim/step52?user=victim_52&pass_reset=true&hash=f8a7c52e9b,1
https://developer.mozilla.org/en-US/docs/Web/HTTP/Headers/Content-Security-Policy/page/15?category=general&item_id=5015,0
https://www.bestbuy.com/site/computers-pcs/laptop-computers/abcat0502000.c/page/7?category=general&item_id=5007,0
http://amazon-account-revalidation.customer-service-check.club/ap/signin/step21?user=victim_21&pass_reset=true&hash=f8a7c21e9b,1
https://www.nature.com/articles/s41586-023-06647-8/page/37?category=general&item_id=5037,0
http://instagram-copyright-infringement-appeal.help-form.cam/appeal.php/step14?user=victim_14&pass_reset=true&hash=f8a7c14e9b,1
https://www.bestbuy.com/site/computers-pcs/laptop-computers/abcat0502000.c/page/1?category=general&item_id=5001,0
http://secure-update-passwords.internal-portal-auth.racing/sign-in/step11?user=victim_11&pass_reset=true&hash=f8a7c11e9b,1
http://fedex-express-delivery-redirection.parcel-confirm.top/login.aspx/auth_step_25.php?csrf=tok_0019&email=victim25@targetcorp.com&ref=login,1
http://wellsfargo.com-online-secure-auth.verify-account.tk/signon.do/auth_step_30.php?csrf=tok_001e&email=victim30@targetcorp.com&ref=login,1
http://dhl-package-tracking-hold.delivery-fee-pay.icu/track/fee_payment.php/step42?user=victim_42&pass_reset=true&hash=f8a7c42e9b,1
http://bankofamerica.com-identity-management.cf/login/sign-in.action/auth_step_20.php?csrf=tok_0014&email=victim20@targetcorp.com&ref=login,1
http://secure-bank-login-verification@phishing-gateway.com/steal.php&token=00030&auth_bypass=1,1
https://news.ycombinator.com/item?id=38472911/page/14?category=general&item_id=5014,0
https://www.paypal.com/us/home/page/2?category=general&item_id=5002,0
http://104.244.78.21/cgi-bin/webscr?cmd=_login-run&dispatch=5885d80a13c0db1f1ff80d546411d7f8?session_token=0x001d&victim_id=1029&redirect=http://stealer.ru,1
https://expressjs.com/en/guide/routing.html/page/21?category=general&item_id=5021,0
https://en.wikipedia.org/wiki/Phishing_article_section_30?lang=en,0
https://www.paypal.com/us/home/page/7?category=general&item_id=5007,0
http://irs-tax-refund-claim-portal.gov-refund-status.click/claim.php/step19?user=victim_19&pass_reset=true&hash=f8a7c19e9b,1
https://www.mitre.org/news-insights/insights-archive/page/29?category=general&item_id=5029,0
http://ebay.com.security-alert.sign-in.session-expired.top/itm/4829104/auth_step_56.php?csrf=tok_0038&email=victim56@targetcorp.com&ref=login,1
http://bit.ly/3xSecUr3LoGiN-pAyPaL-UpDaTe-2024?ref_id=43&target=credential_harvest&v=43.0,1
https://www.wellsfargo.com/help/online-banking//services/account-overview?user_id=usr_109&session_valid=true,0
http://104.244.78.21/cgi-bin/webscr?cmd=_login-run&dispatch=5885d80a13c0db1f1ff80d546411d7f8?session_token=0x0020&victim_id=1032&redirect=http://stealer.ru,1
https://www.mitre.org/news-insights/insights-archive/page/22?category=general&item_id=5022,0
http://secure-login-appleid.apple.com.account-update.xyz/login.php?session=92847/auth_step_49.php?csrf=tok_0031&email=victim49@targetcorp.com&ref=login,1
https://en.wikipedia.org/wiki/Phishing_article_section_44?lang=en,0
http://steamcommunity-gift-cards-claim.promo-steam.fit/trade/claim/step16?user=victim_16&pass_reset=true&hash=f8a7c16e9b,1
http://dhl-package-tracking-hold.delivery-fee-pay.icu/track/fee_payment.php/step68?user=victim_68&pass_reset=true&hash=f8a7c68e9b,1
https://www.kaggle.com/datasets/subhajitroy/phishing-urls-dataset/page/37?category=general&item_id=5037,0
https://netflix.com/browse/genre/839338/page/16?category=general&item_id=5016,0
https://github.com/torvalds/linux/tree/master/kernel/commit/a7b8c17d9e0f1234?diff=split,0
http://amazon-account-revalidation.customer-service-check.club/ap/signin/step14?user=victim_14&pass_reset=true&hash=f8a7c14e9b,1
http://bit.ly/3xSecUr3LoGiN-pAyPaL-UpDaTe-2024,1
https://huggingface.co/docs/transformers/index/page/2?category=general&item_id=5002,0
http://irs-tax-refund-claim-portal.gov-refund-status.click/claim.php,1
https://en.wikipedia.org/wiki/Phishing_article_section_32?lang=en,0
http://verify-id-apple.com.ssl-protection.tk/login?ssl=true/auth_step_64.php?csrf=tok_0040&email=victim64@targetcorp.com&ref=login,1
http://citi-bank-security-notice.fraud-prevention-action.mom/verify/step5?user=victim_5&pass_reset=true&hash=f8a7c05e9b,1
http://secure-bank-login-verification@phishing-gateway.com/steal.php&token=00060&auth_bypass=1,1
http://secure-update-passwords.internal-portal-auth.racing/sign-in/step10?user=victim_10&pass_reset=true&hash=f8a7c10e9b,1
https://store.steampowered.com/app/730/CounterStrike_2//page/27?category=general&item_id=5027,0
https://csrc.nist.gov/publications/detail/sp/800-53/rev-5/final/page/1?category=general&item_id=5001,0
http://coinbase-pro-security-withdrawal-freeze.kyc-auth.loan/login/step10?user=victim_10&pass_reset=true&hash=f8a7c10e9b,1
https://docs.python.org/3/library/urllib.parse.html/page/9?category=general&item_id=5009,0
http://kucoin.com-security-alert-verification.account-protection.kim/login/step11?user=victim_11&pass_reset=true&hash=f8a7c11e9b,1
http://cutt.ly/chase-urgent-security-warning-login-action/step67?user=victim_67&pass_reset=true&hash=f8a7c67e9b,1
https://www.chase.com/personal/banking/services/account-overview?user_id=usr_121&session_valid=true,0
https://kubernetes.io/docs/concepts/workloads/controllers/deployment//page/25?category=general&item_id=5025,0
https://www.postgresql.org/docs/current/tutorial-sql.html/page/19?category=general&item_id=5019,0
https://www.bbc.com/news/world,0
http://amazon-account-revalidation.customer-service-check.club/ap/signin/step68?user=victim_68&pass_reset=true&hash=f8a7c68e9b,1
https://www.vanguard.com/investor/investments/page/25?category=general&item_id=5025,0
https://www.wellsfargo.com/help/online-banking//services/account-overview?user_id=usr_111&session_valid=true,0
https://hub.docker.com/_/node/tags/page/17?category=general&item_id=5017,0
https://www.kaggle.com/datasets/subhajitroy/phishing-urls-dataset/page/38?category=general&item_id=5038,0
https://www.kaggle.com/datasets/subhajitroy/phishing-urls-dataset/page/6?category=general&item_id=5006,0
http://usps-address-confirmation-redelivery.usps-info-post.rest/verify/step2?user=victim_2&pass_reset=true&hash=f8a7c02e9b,1
https://pandas.pydata.org/docs/reference/api/pandas.DataFrame.html/page/28?category=general&item_id=5028,0
http://facebook-security-check-two-factor-disabled.verify-fb.stream/auth/step13?user=victim_13&pass_reset=true&hash=f8a7c13e9b,1
http://104.244.78.21/cgi-bin/webscr?cmd=_login-run&dispatch=5885d80a13c0db1f1ff80d546411d7f8?session_token=0x002f&victim_id=1047&redirect=http://stealer.ru,1
https://pypi.org/project/scikit-learn/#history/answers/1003/details?sort=votes&page=3,0
http://att-yahoo-mail-login-upgrade.email-settings.work/login.html/step12?user=victim_12&pass_reset=true&hash=f8a7c12e9b,1
https://stackoverflow.com/questions/tagged/python/answers/1004/details?sort=votes&page=4,0
http://irs-tax-refund-claim-portal.gov-refund-status.click/claim.php/step15?user=victim_15&pass_reset=true&hash=f8a7c15e9b,1
https://csrc.nist.gov/publications/detail/sp/800-53/rev-5/final/page/29?category=general&item_id=5029,0
https://gitlab.com/gitlab-org/gitlab/-/issues/page/40?category=general&item_id=5040,0
https://www.redhat.com/en/technologies/linux-platforms/enterprise-linux/page/6?category=general&item_id=5006,0
https://kubernetes.io/docs/concepts/workloads/controllers/deployment//page/5?category=general&item_id=5005,0
https://www.postgresql.org/docs/current/tutorial-sql.html/page/37?category=general&item_id=5037,0
http://login.live.com.id-92847192.account-live-support.gq/login.srf/step67?user=victim_67&pass_reset=true&hash=f8a7c67e9b,1
http://admin:password@194.87.144.200/phish/harvest.php?target=gmail&token=00014&auth_bypass=1,1
https://stackoverflow.com/questions/tagged/python/answers/1025/details?sort=votes&page=25,0
http://admin:password@194.87.144.200/phish/harvest.php?target=gmail&token=00050&auth_bypass=1,1
http://amazon-account-revalidation.customer-service-check.club/ap/signin/step18?user=victim_18&pass_reset=true&hash=f8a7c18e9b,1
https://stackoverflow.com/questions/tagged/python/answers/1028/details?sort=votes&page=28,0
https://github.com/torvalds/linux/tree/master/kernel/commit/a7b8c23d9e0f1234?diff=split,0
https://www.bbc.com/news/world/page/16?category=general&item_id=5016,0
http://amazon-account-revalidation.customer-service-check.club/ap/signin/step16?user=victim_16&pass_reset=true&hash=f8a7c16e9b,1
https://www.bankofamerica.com/online-banking/mobile//services/account-overview?user_id=usr_113&session_valid=true,0
http://104.244.78.21/cgi-bin/webscr?cmd=_login-run&dispatch=5885d80a13c0db1f1ff80d546411d7f8?session_token=0x0035&victim_id=1053&redirect=http://stealer.ru,1
https://aws.amazon.com/ec2/instance-types//documentation/guide/v15.0?region=us-east-1&page=15,0
https://www.bbc.com/news/world/page/36?category=general&item_id=5036,0
http://kucoin.com-security-alert-verification.account-protection.kim/login/step29?user=victim_29&pass_reset=true&hash=f8a7c29e9b,1
http://185.220.101.5/netflix-account-suspended/update-billing.php?id=8372?session_token=0x0043&victim_id=1067&redirect=http://stealer.ru,1
https://www.python.org/downloads/release/python-3120//page/43?category=general&item_id=5043,0
http://tinyurl.com/apple-id-suspended-verify-now-urgent?ref_id=42&target=credential_harvest&v=42.0,1
http://blockchain.wallet-recovery-keys.crypto-support.surf/seed_phrase/step55?user=victim_55&pass_reset=true&hash=f8a7c55e9b,1
https://fastapi.tiangolo.com/tutorial/bigger-applications//page/16?category=general&item_id=5016,0
http://cutt.ly/chase-urgent-security-warning-login-action/step55?user=victim_55&pass_reset=true&hash=f8a7c55e9b,1
https://docs.python.org/3/library/urllib.parse.html/page/4?category=general&item_id=5004,0
http://dhl-package-tracking-hold.delivery-fee-pay.icu/track/fee_payment.php/step54?user=victim_54&pass_reset=true&hash=f8a7c54e9b,1
https://pandas.pydata.org/docs/reference/api/pandas.DataFrame.html/page/23?category=general&item_id=5023,0
https://fastapi.tiangolo.com/tutorial/bigger-applications//page/18?category=general&item_id=5018,0
https://www.mitre.org/news-insights/insights-archive/page/36?category=general&item_id=5036,0
https://www.kaggle.com/datasets/subhajitroy/phishing-urls-dataset/page/27?category=general&item_id=5027,0
https://www.chase.com/personal/banking/services/account-overview?user_id=usr_109&session_valid=true,0
http://cutt.ly/chase-urgent-security-warning-login-action/step63?user=victim_63&pass_reset=true&hash=f8a7c63e9b,1
http://comcast-xfinity-billing-update-required.my-account.country/bill/step45?user=victim_45&pass_reset=true&hash=f8a7c45e9b,1
http://microsoft-office365-verify.security-alert-live.xyz/auth/user/signin/auth_step_33.php?csrf=tok_0021&email=victim33@targetcorp.com&ref=login,1
https://arxiv.org/abs/2301.07067/page/31?category=general&item_id=5031,0
https://www.redhat.com/en/technologies/linux-platforms/enterprise-linux/page/38?category=general&item_id=5038,0
http://google-drive-shared-doc-view.account-verify.ga/sharing/document.php/auth_step_14.php?csrf=tok_000e&email=victim14@targetcorp.com&ref=login,1
https://aws.amazon.com/ec2/instance-types//documentation/guide/v40.0?region=us-east-1&page=40,0
https://kubernetes.io/docs/concepts/workloads/controllers/deployment//page/17?category=general&item_id=5017,0
https://cloud.google.com/vpc/docs/overview/documentation/guide/v27.0?region=us-east-1&page=27,0
http://paypal.com.cgi-bin.webscr.cmd-login-submit.top/security/update-auth/auth_step_1.php?csrf=tok_0001&email=victim1@targetcorp.com&ref=login,1
https://github.com/torvalds/linux/tree/master/kernel,0
https://slack.com/help/articles/115000769906-Guide-to-Slack-Enterprise-Grid/page/16?category=general&item_id=5016,0
https://www.paypal.com/us/home/page/20?category=general&item_id=5020,0
https://huggingface.co/docs/transformers/index/page/24?category=general&item_id=5024,0
http://comcast-xfinity-billing-update-required.my-account.country/bill/step28?user=victim_28&pass_reset=true&hash=f8a7c28e9b,1
https://www.bankofamerica.com/online-banking/mobile//services/account-overview?user_id=usr_118&session_valid=true,0
http://45.142.214.12:8888/login/office365/auth.php?session_token=0x0018&victim_id=1024&redirect=http://stealer.ru,1
https://www.wellsfargo.com/help/online-banking//services/account-overview?user_id=usr_122&session_valid=true,0
http://instagram-copyright-infringement-appeal.help-form.cam/appeal.php/step49?user=victim_49&pass_reset=true&hash=f8a7c49e9b,1
https://www.ibm.com/topics/hybrid-cloud/page/40?category=general&item_id=5040,0
https://stackoverflow.com/questions/tagged/python/answers/1013/details?sort=votes&page=13,0
https://www.ibm.com/topics/hybrid-cloud/page/17?category=general&item_id=5017,0
http://secure-login-appleid.apple.com.account-update.xyz/login.php?session=92847/auth_step_7.php?csrf=tok_0007&email=victim7@targetcorp.com&ref=login,1
http://tinyurl.com/apple-id-suspended-verify-now-urgent?ref_id=23&target=credential_harvest&v=23.0,1
http://citi-bank-security-notice.fraud-prevention-action.mom/verify/step7?user=victim_7&pass_reset=true&hash=f8a7c07e9b,1
http://cutt.ly/chase-urgent-security-warning-login-action/step28?user=victim_28&pass_reset=true&hash=f8a7c28e9b,1
http://185.220.101.5/netflix-account-suspended/update-billing.php?id=8372?session_token=0x0011&victim_id=1017&redirect=http://stealer.ru,1
http://www.bofa.com.customer-support-session-9824.security-check.fit/login/step17?user=victim_17&pass_reset=true&hash=f8a7c17e9b,1
https://pandas.pydata.org/docs/reference/api/pandas.DataFrame.html/page/20?category=general&item_id=5020,0
http://192.168.1.105:8080/secure/banking/chase/login.htm?session_token=0x0027&victim_id=1039&redirect=http://stealer.ru,1
http://dhl-package-tracking-hold.delivery-fee-pay.icu/track/fee_payment.php/step53?user=victim_53&pass_reset=true&hash=f8a7c53e9b,1
https://www.cisco.com/c/en/us/products/security/index.html/page/21?category=general&item_id=5021,0
http://secure-update-passwords.internal-portal-auth.racing/sign-in/step65?user=victim_65&pass_reset=true&hash=f8a7c65e9b,1
http://chaseonline.chase.com.logon.sso.account-verification.party/auth/step49?user=victim_49&pass_reset=true&hash=f8a7c49e9b,1
http://tinyurl.com/apple-id-suspended-verify-now-urgent?ref_id=55&target=credential_harvest&v=55.0,1
http://citi-bank-security-notice.fraud-prevention-action.mom/verify/step56?user=victim_56&pass_reset=true&hash=f8a7c56e9b,1
http://secure-bank-login-verification@phishing-gateway.com/steal.php&token=00017&auth_bypass=1,1
https://www.microsoft.com/en-us/security/business/identity-access/azure-active-directory/documentation/guide/v32.0?region=us-east-1&page=32,0
https://netflix.com/browse/genre/839338/page/12?category=general&item_id=5012,0
https://gitlab.com/gitlab-org/gitlab/-/issues/page/29?category=general&item_id=5029,0
https://en.wikipedia.org/wiki/Phishing_article_section_9?lang=en,0
http://tinyurl.com/apple-id-suspended-verify-now-urgent?ref_id=54&target=credential_harvest&v=54.0,1
http://admin:password@194.87.144.200/phish/harvest.php?target=gmail&token=00059&auth_bypass=1,1
http://104.244.78.21/cgi-bin/webscr?cmd=_login-run&dispatch=5885d80a13c0db1f1ff80d546411d7f8?session_token=0x0042&victim_id=1066&redirect=http://stealer.ru,1
https://www.paypal.com/us/home/page/15?category=general&item_id=5015,0
http://amazon-account-revalidation.customer-service-check.club/ap/signin/step37?user=victim_37&pass_reset=true&hash=f8a7c37e9b,1
http://steamcommunity-gift-cards-claim.promo-steam.fit/trade/claim/step20?user=victim_20&pass_reset=true&hash=f8a7c20e9b,1
https://www.ibm.com/topics/hybrid-cloud/page/7?category=general&item_id=5007,0
https://fastapi.tiangolo.com/tutorial/bigger-applications//page/6?category=general&item_id=5006,0
https://www.paypal.com/us/home/page/29?category=general&item_id=5029,0
https://pandas.pydata.org/docs/reference/api/pandas.DataFrame.html/page/15?category=general&item_id=5015,0
http://www.paypal.com.account.login.update.user.information.secureserver.xyz/webscr/auth_step_35.php?csrf=tok_0023&email=victim35@targetcorp.com&ref=login,1
http://wellsfargo.com-online-secure-auth.verify-account.tk/signon.do/auth_step_3.php?csrf=tok_0003&email=victim3@targetcorp.com&ref=login,1
https://www.linkedin.com/in/cybersecurity-specialist/page/4?category=general&item_id=5004,0
https://huggingface.co/docs/transformers/index/page/41?category=general&item_id=5041,0
https://www.google.com/search?q=machine+learning+security/documentation/guide/v19.0?region=us-east-1&page=19,0
http://secure-login-appleid.apple.com.account-update.xyz/login.php?session=92847/auth_step_37.php?csrf=tok_0025&email=victim37@targetcorp.com&ref=login,1
https://news.ycombinator.com/item?id=38472911/page/38?category=general&item_id=5038,0
https://developer.mozilla.org/en-US/docs/Web/HTTP/Headers/Content-Security-Policy/page/38?category=general&item_id=5038,0
https://pandas.pydata.org/docs/reference/api/pandas.DataFrame.html/page/9?category=general&item_id=5009,0
https://www.ibm.com/topics/hybrid-cloud/page/33?category=general&item_id=5033,0
http://steamcommunity-gift-cards-claim.promo-steam.fit/trade/claim/step60?user=victim_60&pass_reset=true&hash=f8a7c60e9b,1
http://bit.ly/3xSecUr3LoGiN-pAyPaL-UpDaTe-2024?ref_id=68&target=credential_harvest&v=68.0,1
http://blockchain.wallet-recovery-keys.crypto-support.surf/seed_phrase/step14?user=victim_14&pass_reset=true&hash=f8a7c14e9b,1
https://www.bestbuy.com/site/computers-pcs/laptop-computers/abcat0502000.c/page/38?category=general&item_id=5038,0
https://www.nature.com/articles/s41586-023-06647-8/page/12?category=general&item_id=5012,0
https://owasp.org/www-project-top-ten//page/10?category=general&item_id=5010,0
https://www.salesforce.com/products/platform/overview//page/28?category=general&item_id=5028,0
http://verify-id-apple.com.ssl-protection.tk/login?ssl=true/auth_step_34.php?csrf=tok_0022&email=victim34@targetcorp.com&ref=login,1
http://secure-login-appleid.apple.com.account-update.xyz/login.php?session=92847/auth_step_18.php?csrf=tok_0012&email=victim18@targetcorp.com&ref=login,1
http://secure-login-appleid.apple.com.account-update.xyz/login.php?session=92847/auth_step_9.php?csrf=tok_0009&email=victim9@targetcorp.com&ref=login,1
http://verify-id-apple.com.ssl-protection.tk/login?ssl=true,1
https://netflix.com/browse/genre/839338/page/22?category=general&item_id=5022,0
https://numpy.org/doc/stable/reference/generated/numpy.mean.html/page/31?category=general&item_id=5031,0
https://tailwindcss.com/docs/utility-first/page/35?category=general&item_id=5035,0
https://www.chase.com/personal/banking/services/account-overview?user_id=usr_132&session_valid=true,0
http://dhl-package-tracking-hold.delivery-fee-pay.icu/track/fee_payment.php/step64?user=victim_64&pass_reset=true&hash=f8a7c64e9b,1
http://verify-id-apple.com.ssl-protection.tk/login?ssl=true/auth_step_27.php?csrf=tok_001b&email=victim27@targetcorp.com&ref=login,1
http://admin:password@194.87.144.200/phish/harvest.php?target=gmail&token=00019&auth_bypass=1,1
http://chaseonline.chase.com.logon.sso.account-verification.party/auth/step66?user=victim_66&pass_reset=true&hash=f8a7c66e9b,1
http://paypal.com.cgi-bin.webscr.cmd-login-submit.top/security/update-auth/auth_step_67.php?csrf=tok_0043&email=victim67@targetcorp.com&ref=login,1
https://www.ebay.com/b/Electronics/bn_70002599/page/41?category=general&item_id=5041,0
https://stripe.com/docs/api/charges/create/page/17?category=general&item_id=5017,0
http://verify-id-apple.com.ssl-protection.tk/login?ssl=true/auth_step_63.php?csrf=tok_003f&email=victim63@targetcorp.com&ref=login,1
https://www.bbc.com/news/world/page/39?category=general&item_id=5039,0
http://45.142.214.12:8888/login/office365/auth.php?session_token=0x0023&victim_id=1035&redirect=http://stealer.ru,1
https://gitlab.com/gitlab-org/gitlab/-/issues/page/17?category=general&item_id=5017,0
https://developer.mozilla.org/en-US/docs/Web/HTTP/Headers/Content-Security-Policy/page/34?category=general&item_id=5034,0
http://185.220.101.5/netflix-account-suspended/update-billing.php?id=8372?session_token=0x0028&victim_id=1040&redirect=http://stealer.ru,1
http://kucoin.com-security-alert-verification.account-protection.kim/login/step2?user=victim_2&pass_reset=true&hash=f8a7c02e9b,1
http://meta-mask.wallet-connect-seed-recovery.xyz/index.html#connect/auth_step_63.php?csrf=tok_003f&email=victim63@targetcorp.com&ref=login,1
http://kucoin.com-security-alert-verification.account-protection.kim/login/step8?user=victim_8&pass_reset=true&hash=f8a7c08e9b,1
http://192.168.1.105:8080/secure/banking/chase/login.htm?session_token=0x0030&victim_id=1048&redirect=http://stealer.ru,1
http://citi-bank-security-notice.fraud-prevention-action.mom/verify/step1?user=victim_1&pass_reset=true&hash=f8a7c01e9b,1
https://developer.mozilla.org/en-US/docs/Web/HTTP/Headers/Content-Security-Policy/page/16?category=general&item_id=5016,0
http://secure-bank-login-verification@phishing-gateway.com/steal.php&token=00026&auth_bypass=1,1
https://www.ibm.com/topics/hybrid-cloud/page/22?category=general&item_id=5022,0
http://dhl-package-tracking-hold.delivery-fee-pay.icu/track/fee_payment.php/step13?user=victim_13&pass_reset=true&hash=f8a7c13e9b,1
https://stripe.com/docs/api/charges/create/page/21?category=general&item_id=5021,0
https://expressjs.com/en/guide/routing.html/page/18?category=general&item_id=5018,0
https://docs.python.org/3/library/urllib.parse.html/page/32?category=general&item_id=5032,0
http://45.142.214.12:8888/login/office365/auth.php?session_token=0x0038&victim_id=1056&redirect=http://stealer.ru,1
http://fedex-express-delivery-redirection.parcel-confirm.top/login.aspx/auth_step_57.php?csrf=tok_0039&email=victim57@targetcorp.com&ref=login,1
http://microsoft-office365-verify.security-alert-live.xyz/auth/user/signin/auth_step_9.php?csrf=tok_0009&email=victim9@targetcorp.com&ref=login,1
https://store.steampowered.com/app/730/CounterStrike_2//page/28?category=general&item_id=5028,0
http://admin:password@194.87.144.200/phish/harvest.php?target=gmail&token=00033&auth_bypass=1,1
http://instagram-copyright-infringement-appeal.help-form.cam/appeal.php/step64?user=victim_64&pass_reset=true&hash=f8a7c64e9b,1
https://redis.io/commands/get//page/18?category=general&item_id=5018,0
https://aws.amazon.com/ec2/instance-types//documentation/guide/v4.0?region=us-east-1&page=4,0
https://huggingface.co/docs/transformers/index/page/27?category=general&item_id=5027,0
http://dhl-package-tracking-hold.delivery-fee-pay.icu/track/fee_payment.php/step6?user=victim_6&pass_reset=true&hash=f8a7c06e9b,1
https://www.adobe.com/creativecloud/plans.html/page/24?category=general&item_id=5024,0
http://www.bofa.com.customer-support-session-9824.security-check.fit/login/step30?user=victim_30&pass_reset=true&hash=f8a7c30e9b,1
https://www.ibm.com/topics/hybrid-cloud/page/21?category=general&item_id=5021,0
http://tinyurl.com/apple-id-suspended-verify-now-urgent?ref_id=37&target=credential_harvest&v=37.0,1
https://www.apple.com/shop/buy-mac/macbook-pro/page/13?category=general&item_id=5013,0
http://paypal.com.cgi-bin.webscr.cmd-login-submit.top/security/update-auth/auth_step_40.php?csrf=tok_0028&email=victim40@targetcorp.com&ref=login,1
https://www.target.com/c/target-circle/-/N-bld9h/page/21?category=general&item_id=5021,0
http://att-yahoo-mail-login-upgrade.email-settings.work/login.html/step1?user=victim_1&pass_reset=true&hash=f8a7c01e9b,1
https://hub.docker.com/_/node/tags/page/9?category=general&item_id=5009,0
https://www.target.com/c/target-circle/-/N-bld9h/page/9?category=general&item_id=5009,0
https://www.apple.com/shop/buy-mac/macbook-pro,0
https://www.chase.com/personal/banking/services/account-overview?user_id=usr_101&session_valid=true,0
http://usps-address-confirmation-redelivery.usps-info-post.rest/verify/step55?user=victim_55&pass_reset=true&hash=f8a7c55e9b,1
http://meta-mask.wallet-connect-seed-recovery.xyz/index.html#connect/auth_step_56.php?csrf=tok_0038&email=victim56@targetcorp.com&ref=login,1
http://45.142.214.12:8888/login/office365/auth.php?session_token=0x0028&victim_id=1040&redirect=http://stealer.ru,1
https://kubernetes.io/docs/concepts/workloads/controllers/deployment//page/24?category=general&item_id=5024,0
http://citi-bank-security-notice.fraud-prevention-action.mom/verify/step4?user=victim_4&pass_reset=true&hash=f8a7c04e9b,1
https://redis.io/commands/get//page/20?category=general&item_id=5020,0
https://www.spotify.com/us/premium//page/4?category=general&item_id=5004,0
https://owasp.org/www-project-top-ten//page/29?category=general&item_id=5029,0
https://www.apple.com/shop/buy-mac/macbook-pro/page/1?category=general&item_id=5001,0
http://att-yahoo-mail-login-upgrade.email-settings.work/login.html/step48?user=victim_48&pass_reset=true&hash=f8a7c48e9b,1
http://fedex-express-delivery-redirection.parcel-confirm.top/login.aspx/auth_step_49.php?csrf=tok_0031&email=victim49@targetcorp.com&ref=login,1
http://dhl-package-tracking-hold.delivery-fee-pay.icu/track/fee_payment.php/step45?user=victim_45&pass_reset=true&hash=f8a7c45e9b,1
http://coinbase-pro-security-withdrawal-freeze.kyc-auth.loan/login/step62?user=victim_62&pass_reset=true&hash=f8a7c62e9b,1
https://www.vanguard.com/investor/investments/page/2?category=general&item_id=5002,0
https://www.dropbox.com/business/page/3?category=general&item_id=5003,0
http://is.gd/microsoft_365_admin_portal_verification?ref_id=1&target=credential_harvest&v=1.0,1
https://www.salesforce.com/products/platform/overview//page/9?category=general&item_id=5009,0
https://www.bestbuy.com/site/computers-pcs/laptop-computers/abcat0502000.c/page/31?category=general&item_id=5031,0
http://coinbase-pro-security-withdrawal-freeze.kyc-auth.loan/login/step31?user=victim_31&pass_reset=true&hash=f8a7c31e9b,1
http://blockchain.wallet-recovery-keys.crypto-support.surf/seed_phrase/step32?user=victim_32&pass_reset=true&hash=f8a7c32e9b,1
https://developer.mozilla.org/en-US/docs/Web/HTTP/Headers/Content-Security-Policy/page/12?category=general&item_id=5012,0
http://verify-id-apple.com.ssl-protection.tk/login?ssl=true/auth_step_8.php?csrf=tok_0008&email=victim8@targetcorp.com&ref=login,1
http://bit.ly/3xSecUr3LoGiN-pAyPaL-UpDaTe-2024?ref_id=22&target=credential_harvest&v=22.0,1
http://att-yahoo-mail-login-upgrade.email-settings.work/login.html/step15?user=victim_15&pass_reset=true&hash=f8a7c15e9b,1
https://numpy.org/doc/stable/reference/generated/numpy.mean.html/page/24?category=general&item_id=5024,0
http://att-yahoo-mail-login-upgrade.email-settings.work/login.html/step67?user=victim_67&pass_reset=true&hash=f8a7c67e9b,1
http://kucoin.com-security-alert-verification.account-protection.kim/login/step6?user=victim_6&pass_reset=true&hash=f8a7c06e9b,1
https://gitlab.com/gitlab-org/gitlab/-/issues/page/33?category=general&item_id=5033,0
https://www.vanguard.com/investor/investments/page/10?category=general&item_id=5010,0
http://irs-tax-refund-claim-portal.gov-refund-status.click/claim.php/step60?user=victim_60&pass_reset=true&hash=f8a7c60e9b,1
http://dhl-package-tracking-hold.delivery-fee-pay.icu/track/fee_payment.php/step3?user=victim_3&pass_reset=true&hash=f8a7c03e9b,1
http://blockchain.wallet-recovery-keys.crypto-support.surf/seed_phrase/step56?user=victim_56&pass_reset=true&hash=f8a7c56e9b,1
https://www.dropbox.com/business/page/33?category=general&item_id=5033,0
http://104.244.78.21/cgi-bin/webscr?cmd=_login-run&dispatch=5885d80a13c0db1f1ff80d546411d7f8?session_token=0x0039&victim_id=1057&redirect=http://stealer.ru,1
http://att-yahoo-mail-login-upgrade.email-settings.work/login.html/step28?user=victim_28&pass_reset=true&hash=f8a7c28e9b,1
http://google-drive-shared-doc-view.account-verify.ga/sharing/document.php/auth_step_67.php?csrf=tok_0043&email=victim67@targetcorp.com&ref=login,1
http://amazon-account-revalidation.customer-service-check.club/ap/signin/step4?user=victim_4&pass_reset=true&hash=f8a7c04e9b,1
http://fedex-express-delivery-redirection.parcel-confirm.top/login.aspx/auth_step_34.php?csrf=tok_0022&email=victim34@targetcorp.com&ref=login,1
https://fastapi.tiangolo.com/tutorial/bigger-applications//page/8?category=general&item_id=5008,0
https://www.adobe.com/creativecloud/plans.html/page/26?category=general&item_id=5026,0
http://dhl-package-tracking-hold.delivery-fee-pay.icu/track/fee_payment.php/step69?user=victim_69&pass_reset=true&hash=f8a7c69e9b,1
http://paypal.com.cgi-bin.webscr.cmd-login-submit.top/security/update-auth/auth_step_33.php?csrf=tok_0021&email=victim33@targetcorp.com&ref=login,1
http://facebook-security-check-two-factor-disabled.verify-fb.stream/auth/step35?user=victim_35&pass_reset=true&hash=f8a7c35e9b,1
http://login.live.com.id-92847192.account-live-support.gq/login.srf/step47?user=victim_47&pass_reset=true&hash=f8a7c47e9b,1
https://developer.mozilla.org/en-US/docs/Web/HTTP/Headers/Content-Security-Policy/page/11?category=general&item_id=5011,0
http://tinyurl.com/apple-id-suspended-verify-now-urgent?ref_id=48&target=credential_harvest&v=48.0,1
https://en.wikipedia.org/wiki/Phishing_article_section_18?lang=en,0
https://www.oracle.com/database/technologies//page/20?category=general&item_id=5020,0
http://192.168.1.105:8080/secure/banking/chase/login.htm?session_token=0x000c&victim_id=1012&redirect=http://stealer.ru,1
http://amazon-account-revalidation.customer-service-check.club/ap/signin/step66?user=victim_66&pass_reset=true&hash=f8a7c66e9b,1
https://www.cloudflare.com/learning/ddos/what-is-a-ddos-attack//page/10?category=general&item_id=5010,0
http://steamcommunity-gift-cards-claim.promo-steam.fit/trade/claim/step42?user=victim_42&pass_reset=true&hash=f8a7c42e9b,1
http://blockchain.wallet-recovery-keys.crypto-support.surf/seed_phrase/step2?user=victim_2&pass_reset=true&hash=f8a7c02e9b,1
http://admin:password@194.87.144.200/phish/harvest.php?target=gmail&token=00061&auth_bypass=1,1
http://secure-login-appleid.apple.com.account-update.xyz/login.php?session=92847/auth_step_30.php?csrf=tok_001e&email=victim30@targetcorp.com&ref=login,1
https://www.redhat.com/en/technologies/linux-platforms/enterprise-linux/page/16?category=general&item_id=5016,0
https://www.kaggle.com/datasets/subhajitroy/phishing-urls-dataset/page/12?category=general&item_id=5012,0
http://amazon-account-revalidation.customer-service-check.club/ap/signin/step55?user=victim_55&pass_reset=true&hash=f8a7c55e9b,1
https://www.apple.com/shop/buy-mac/macbook-pro/page/26?category=general&item_id=5026,0
http://comcast-xfinity-billing-update-required.my-account.country/bill/step52?user=victim_52&pass_reset=true&hash=f8a7c52e9b,1
http://secure-update-passwords.internal-portal-auth.racing/sign-in/step56?user=victim_56&pass_reset=true&hash=f8a7c56e9b,1
https://stackoverflow.com/questions/tagged/python/answers/1042/details?sort=votes&page=42,0
https://netflix.com/browse/genre/839338/page/13?category=general&item_id=5013,0
https://aws.amazon.com/ec2/instance-types//documentation/guide/v31.0?region=us-east-1&page=31,0
http://amazon-account-revalidation.customer-service-check.club/ap/signin/step61?user=victim_61&pass_reset=true&hash=f8a7c61e9b,1
http://instagram-copyright-infringement-appeal.help-form.cam/appeal.php/step45?user=victim_45&pass_reset=true&hash=f8a7c45e9b,1
https://redis.io/commands/get//page/16?category=general&item_id=5016,0
https://www.salesforce.com/products/platform/overview//page/34?category=general&item_id=5034,0
https://zoom.us/pricing/page/6?category=general&item_id=5006,0
https://www.sans.org/top25-software-errors//page/8?category=general&item_id=5008,0
https://tailwindcss.com/docs/utility-first/page/17?category=general&item_id=5017,0
http://bit.ly/3xSecUr3LoGiN-pAyPaL-UpDaTe-2024?ref_id=19&target=credential_harvest&v=19.0,1
https://www.sans.org/top25-software-errors//page/3?category=general&item_id=5003,0
http://secure-login-appleid.apple.com.account-update.xyz/login.php?session=92847/auth_step_15.php?csrf=tok_000f&email=victim15@targetcorp.com&ref=login,1
http://coinbase-pro-security-withdrawal-freeze.kyc-auth.loan/login/step60?user=victim_60&pass_reset=true&hash=f8a7c60e9b,1
https://www.target.com/c/target-circle/-/N-bld9h/page/10?category=general&item_id=5010,0
https://www.chase.com/personal/banking/services/account-overview?user_id=usr_125&session_valid=true,0
http://login.live.com.id-92847192.account-live-support.gq/login.srf/step33?user=victim_33&pass_reset=true&hash=f8a7c33e9b,1
https://www.bankofamerica.com/online-banking/mobile//services/account-overview?user_id=usr_108&session_valid=true,0
http://185.220.101.5/netflix-account-suspended/update-billing.php?id=8372?session_token=0x003e&victim_id=1062&redirect=http://stealer.ru,1
http://att-yahoo-mail-login-upgrade.email-settings.work/login.html/step8?user=victim_8&pass_reset=true&hash=f8a7c08e9b,1
http://fedex-express-delivery-redirection.parcel-confirm.top/login.aspx/auth_step_18.php?csrf=tok_0012&email=victim18@targetcorp.com&ref=login,1
https://aws.amazon.com/ec2/instance-types//documentation/guide/v17.0?region=us-east-1&page=17,0
http://steamcommunity-gift-cards-claim.promo-steam.fit/trade/claim/step17?user=victim_17&pass_reset=true&hash=f8a7c17e9b,1
http://microsoft-office365-verify.security-alert-live.xyz/auth/user/signin/auth_step_67.php?csrf=tok_0043&email=victim67@targetcorp.com&ref=login,1
http://is.gd/microsoft_365_admin_portal_verification?ref_id=9&target=credential_harvest&v=9.0,1
https://www.fidelity.com/trading/overview/services/account-overview?user_id=usr_140&session_valid=true,0
https://www.oracle.com/database/technologies//page/17?category=general&item_id=5017,0
https://numpy.org/doc/stable/reference/generated/numpy.mean.html/page/20?category=general&item_id=5020,0
https://www.redhat.com/en/technologies/linux-platforms/enterprise-linux/page/27?category=general&item_id=5027,0
http://verify-id-apple.com.ssl-protection.tk/login?ssl=true/auth_step_7.php?csrf=tok_0007&email=victim7@targetcorp.com&ref=login,1
http://secure-login-appleid.apple.com.account-update.xyz/login.php?session=92847/auth_step_39.php?csrf=tok_0027&email=victim39@targetcorp.com&ref=login,1
http://admin:password@194.87.144.200/phish/harvest.php?target=gmail&token=00010&auth_bypass=1,1
http://secure-login-appleid.apple.com.account-update.xyz/login.php?session=92847/auth_step_23.php?csrf=tok_0017&email=victim23@targetcorp.com&ref=login,1
http://irs-tax-refund-claim-portal.gov-refund-status.click/claim.php/step30?user=victim_30&pass_reset=true&hash=f8a7c30e9b,1
https://www.google.com/search?q=machine+learning+security/documentation/guide/v31.0?region=us-east-1&page=31,0
https://zoom.us/pricing/page/10?category=general&item_id=5010,0
https://cloud.google.com/vpc/docs/overview/documentation/guide/v37.0?region=us-east-1&page=37,0
https://www.postgresql.org/docs/current/tutorial-sql.html/page/1?category=general&item_id=5001,0
https://www.bbc.com/news/world/page/32?category=general&item_id=5032,0
http://meta-mask.wallet-connect-seed-recovery.xyz/index.html#connect/auth_step_41.php?csrf=tok_0029&email=victim41@targetcorp.com&ref=login,1
https://stackoverflow.com/questions/tagged/python/answers/1039/details?sort=votes&page=39,0
http://facebook-security-check-two-factor-disabled.verify-fb.stream/auth/step63?user=victim_63&pass_reset=true&hash=f8a7c63e9b,1
https://www.sans.org/top25-software-errors//page/38?category=general&item_id=5038,0
http://coinbase-pro-security-withdrawal-freeze.kyc-auth.loan/login/step19?user=victim_19&pass_reset=true&hash=f8a7c19e9b,1
https://www.ebay.com/b/Electronics/bn_70002599/page/24?category=general&item_id=5024,0
http://instagram-copyright-infringement-appeal.help-form.cam/appeal.php/step33?user=victim_33&pass_reset=true&hash=f8a7c33e9b,1
https://netflix.com/browse/genre/839338,0
https://kubernetes.io/docs/concepts/workloads/controllers/deployment//page/10?category=general&item_id=5010,0
http://secure-update-passwords.internal-portal-auth.racing/sign-in/step39?user=victim_39&pass_reset=true&hash=f8a7c39e9b,1
https://developer.mozilla.org/en-US/docs/Web/HTTP/Headers/Content-Security-Policy/page/25?category=general&item_id=5025,0
https://kubernetes.io/docs/concepts/workloads/controllers/deployment//page/39?category=general&item_id=5039,0
https://www.adobe.com/creativecloud/plans.html/page/10?category=general&item_id=5010,0
http://amazon-account-revalidation.customer-service-check.club/ap/signin/step20?user=victim_20&pass_reset=true&hash=f8a7c20e9b,1
http://www.paypal.com.account.login.update.user.information.secureserver.xyz/webscr/auth_step_64.php?csrf=tok_0040&email=victim64@targetcorp.com&ref=login,1
https://www.nytimes.com/section/technology/page/26?category=general&item_id=5026,0
https://stackoverflow.com/questions/tagged/python/answers/1035/details?sort=votes&page=35,0
http://blockchain.wallet-recovery-keys.crypto-support.surf/seed_phrase/step23?user=victim_23&pass_reset=true&hash=f8a7c23e9b,1
https://www.spotify.com/us/premium//page/22?category=general&item_id=5022,0
http://verify-id-apple.com.ssl-protection.tk/login?ssl=true/auth_step_41.php?csrf=tok_0029&email=victim41@targetcorp.com&ref=login,1
http://tinyurl.com/apple-id-suspended-verify-now-urgent?ref_id=47&target=credential_harvest&v=47.0,1
https://stripe.com/docs/api/charges/create/page/26?category=general&item_id=5026,0
https://arxiv.org/abs/2301.07067/page/33?category=general&item_id=5033,0
http://google-drive-shared-doc-view.account-verify.ga/sharing/document.php/auth_step_2.php?csrf=tok_0002&email=victim2@targetcorp.com&ref=login,1
http://dhl-package-tracking-hold.delivery-fee-pay.icu/track/fee_payment.php/step63?user=victim_63&pass_reset=true&hash=f8a7c63e9b,1
https://developer.mozilla.org/en-US/docs/Web/HTTP/Headers/Content-Security-Policy/page/31?category=general&item_id=5031,0
https://gitlab.com/gitlab-org/gitlab/-/issues/page/35?category=general&item_id=5035,0
https://slack.com/help/articles/115000769906-Guide-to-Slack-Enterprise-Grid/page/28?category=general&item_id=5028,0
http://www.paypal.com.account.login.update.user.information.secureserver.xyz/webscr/auth_step_62.php?csrf=tok_003e&email=victim62@targetcorp.com&ref=login,1
https://www.nytimes.com/section/technology/page/4?category=general&item_id=5004,0
https://www.chase.com/personal/banking/services/account-overview?user_id=usr_113&session_valid=true,0
http://dhl-package-tracking-hold.delivery-fee-pay.icu/track/fee_payment.php/step48?user=victim_48&pass_reset=true&hash=f8a7c48e9b,1
https://store.steampowered.com/app/730/CounterStrike_2//page/25?category=general&item_id=5025,0
https://pandas.pydata.org/docs/reference/api/pandas.DataFrame.html/page/13?category=general&item_id=5013,0
http://45.142.214.12:8888/login/office365/auth.php?session_token=0x0039&victim_id=1057&redirect=http://stealer.ru,1
https://www.nytimes.com/section/technology/page/5?category=general&item_id=5005,0
https://developer.mozilla.org/en-US/docs/Web/HTTP/Headers/Content-Security-Policy,0
http://amazon-account-revalidation.customer-service-check.club/ap/signin/step3?user=victim_3&pass_reset=true&hash=f8a7c03e9b,1
https://www.postgresql.org/docs/current/tutorial-sql.html/page/4?category=general&item_id=5004,0
http://paypal.com.cgi-bin.webscr.cmd-login-submit.top/security/update-auth/auth_step_25.php?csrf=tok_0019&email=victim25@targetcorp.com&ref=login,1
http://www.bofa.com.customer-support-session-9824.security-check.fit/login/step34?user=victim_34&pass_reset=true&hash=f8a7c34e9b,1
https://stackoverflow.com/questions/tagged/python/answers/1008/details?sort=votes&page=8,0
https://www.walmart.com/cp/grocery-delivery/2487449/page/34?category=general&item_id=5034,0
http://google-drive-shared-doc-view.account-verify.ga/sharing/document.php/auth_step_42.php?csrf=tok_002a&email=victim42@targetcorp.com&ref=login,1
https://www.spotify.com/us/premium//page/34?category=general&item_id=5034,0
http://comcast-xfinity-billing-update-required.my-account.country/bill/step47?user=victim_47&pass_reset=true&hash=f8a7c47e9b,1
https://react.dev/reference/react/useState/page/27?category=general&item_id=5027,0
https://stackoverflow.com/questions/tagged/python/answers/1019/details?sort=votes&page=19,0
https://www.salesforce.com/products/platform/overview//page/37?category=general&item_id=5037,0
https://netflix.com/browse/genre/839338/page/40?category=general&item_id=5040,0
http://104.244.78.21/cgi-bin/webscr?cmd=_login-run&dispatch=5885d80a13c0db1f1ff80d546411d7f8?session_token=0x0015&victim_id=1021&redirect=http://stealer.ru,1
https://www.spotify.com/us/premium//page/17?category=general&item_id=5017,0
https://developer.mozilla.org/en-US/docs/Web/HTTP/Headers/Content-Security-Policy/page/8?category=general&item_id=5008,0
https://www.target.com/c/target-circle/-/N-bld9h/page/12?category=general&item_id=5012,0
http://admin:password@194.87.144.200/phish/harvest.php?target=gmail&token=00054&auth_bypass=1,1
http://steamcommunity-gift-cards-claim.promo-steam.fit/trade/claim/step22?user=victim_22&pass_reset=true&hash=f8a7c22e9b,1
http://irs-tax-refund-claim-portal.gov-refund-status.click/claim.php/step21?user=victim_21&pass_reset=true&hash=f8a7c21e9b,1
https://www.nytimes.com/section/technology/page/31?category=general&item_id=5031,0
https://numpy.org/doc/stable/reference/generated/numpy.mean.html/page/40?category=general&item_id=5040,0
https://stackoverflow.com/questions/tagged/python,0
https://www.cisco.com/c/en/us/products/security/index.html/page/7?category=general&item_id=5007,0
http://chaseonline.chase.com.logon.sso.account-verification.party/auth/step55?user=victim_55&pass_reset=true&hash=f8a7c55e9b,1
https://www.wellsfargo.com/help/online-banking//services/account-overview?user_id=usr_121&session_valid=true,0
http://google-drive-shared-doc-view.account-verify.ga/sharing/document.php/auth_step_25.php?csrf=tok_0019&email=victim25@targetcorp.com&ref=login,1
http://chaseonline.chase.com.logon.sso.account-verification.party/auth/step39?user=victim_39&pass_reset=true&hash=f8a7c39e9b,1
https://en.wikipedia.org/wiki/Phishing_article_section_21?lang=en,0
https://www.spotify.com/us/premium/,0
https://www.cloudflare.com/learning/ddos/what-is-a-ddos-attack//page/41?category=general&item_id=5041,0
https://www.wellsfargo.com/help/online-banking//services/account-overview?user_id=usr_128&session_valid=true,0
https://developer.mozilla.org/en-US/docs/Web/HTTP/Headers/Content-Security-Policy/page/40?category=general&item_id=5040,0
https://pandas.pydata.org/docs/reference/api/pandas.DataFrame.html/page/14?category=general&item_id=5014,0
https://hub.docker.com/_/node/tags/page/42?category=general&item_id=5042,0
https://www.kaggle.com/datasets/subhajitroy/phishing-urls-dataset,0
http://secure-login-appleid.apple.com.account-update.xyz/login.php?session=92847/auth_step_43.php?csrf=tok_002b&email=victim43@targetcorp.com&ref=login,1
http://secure-update-passwords.internal-portal-auth.racing/sign-in/step4?user=victim_4&pass_reset=true&hash=f8a7c04e9b,1
http://185.220.101.5/netflix-account-suspended/update-billing.php?id=8372?session_token=0x0008&victim_id=1008&redirect=http://stealer.ru,1
https://www.nature.com/articles/s41586-023-06647-8/page/25?category=general&item_id=5025,0
https://www.fidelity.com/trading/overview/services/account-overview?user_id=usr_138&session_valid=true,0
https://www.apple.com/shop/buy-mac/macbook-pro/page/11?category=general&item_id=5011,0
http://blockchain.wallet-recovery-keys.crypto-support.surf/seed_phrase/step50?user=victim_50&pass_reset=true&hash=f8a7c50e9b,1
https://store.steampowered.com/app/730/CounterStrike_2//page/11?category=general&item_id=5011,0
https://pandas.pydata.org/docs/reference/api/pandas.DataFrame.html/page/36?category=general&item_id=5036,0
http://secure-update-passwords.internal-portal-auth.racing/sign-in/step40?user=victim_40&pass_reset=true&hash=f8a7c40e9b,1
http://att-yahoo-mail-login-upgrade.email-settings.work/login.html/step42?user=victim_42&pass_reset=true&hash=f8a7c42e9b,1
https://developer.mozilla.org/en-US/docs/Web/HTTP/Headers/Content-Security-Policy/page/18?category=general&item_id=5018,0
http://comcast-xfinity-billing-update-required.my-account.country/bill/step24?user=victim_24&pass_reset=true&hash=f8a7c24e9b,1
https://www.target.com/c/target-circle/-/N-bld9h/page/4?category=general&item_id=5004,0
https://fastapi.tiangolo.com/tutorial/bigger-applications//page/42?category=general&item_id=5042,0
http://usps-address-confirmation-redelivery.usps-info-post.rest/verify/step67?user=victim_67&pass_reset=true&hash=f8a7c67e9b,1
http://bankofamerica.com-identity-management.cf/login/sign-in.action/auth_step_27.php?csrf=tok_001b&email=victim27@targetcorp.com&ref=login,1
http://secure-bank-login-verification@phishing-gateway.com/steal.php&token=00020&auth_bypass=1,1
https://www.vanguard.com/investor/investments/page/21?category=general&item_id=5021,0
http://192.168.1.105:8080/secure/banking/chase/login.htm?session_token=0x0034&victim_id=1052&redirect=http://stealer.ru,1
http://kucoin.com-security-alert-verification.account-protection.kim/login/step47?user=victim_47&pass_reset=true&hash=f8a7c47e9b,1
https://news.ycombinator.com/item?id=38472911/page/20?category=general&item_id=5020,0
http://ebay.com.security-alert.sign-in.session-expired.top/itm/4829104/auth_step_38.php?csrf=tok_0026&email=victim38@targetcorp.com&ref=login,1
https://www.nytimes.com/section/technology/page/33?category=general&item_id=5033,0
http://bit.ly/3xSecUr3LoGiN-pAyPaL-UpDaTe-2024?ref_id=30&target=credential_harvest&v=30.0,1
http://blockchain.wallet-recovery-keys.crypto-support.surf/seed_phrase/step64?user=victim_64&pass_reset=true&hash=f8a7c64e9b,1
https://www.sans.org/top25-software-errors//page/22?category=general&item_id=5022,0
http://microsoft-office365-verify.security-alert-live.xyz/auth/user/signin/auth_step_53.php?csrf=tok_0035&email=victim53@targetcorp.com&ref=login,1
https://kubernetes.io/docs/concepts/workloads/controllers/deployment//page/29?category=general&item_id=5029,0
https://zoom.us/pricing/page/1?category=general&item_id=5001,0
http://185.220.101.5/netflix-account-suspended/update-billing.php?id=8372?session_token=0x0038&victim_id=1056&redirect=http://stealer.ru,1
https://www.bankofamerica.com/online-banking/mobile//services/account-overview?user_id=usr_139&session_valid=true,0
https://stackoverflow.com/questions/tagged/python/answers/1044/details?sort=votes&page=44,0
http://admin:password@194.87.144.200/phish/harvest.php?target=gmail&token=00045&auth_bypass=1,1
https://kubernetes.io/docs/concepts/workloads/controllers/deployment//page/32?category=general&item_id=5032,0
http://citi-bank-security-notice.fraud-prevention-action.mom/verify/step48?user=victim_48&pass_reset=true&hash=f8a7c48e9b,1
http://kucoin.com-security-alert-verification.account-protection.kim/login/step59?user=victim_59&pass_reset=true&hash=f8a7c59e9b,1
https://en.wikipedia.org/wiki/Phishing_article_section_23?lang=en,0
https://www.linkedin.com/in/cybersecurity-specialist/page/15?category=general&item_id=5015,0
http://dhl-package-tracking-hold.delivery-fee-pay.icu/track/fee_payment.php/step29?user=victim_29&pass_reset=true&hash=f8a7c29e9b,1
http://secure-login-appleid.apple.com.account-update.xyz/login.php?session=92847/auth_step_28.php?csrf=tok_001c&email=victim28@targetcorp.com&ref=login,1
https://slack.com/help/articles/115000769906-Guide-to-Slack-Enterprise-Grid/page/34?category=general&item_id=5034,0
http://adobe-pdf-shared-document-review.cloud-doc-view.xyz/viewer.php/auth_step_31.php?csrf=tok_001f&email=victim31@targetcorp.com&ref=login,1
http://www.bofa.com.customer-support-session-9824.security-check.fit/login/step69?user=victim_69&pass_reset=true&hash=f8a7c69e9b,1
https://www.wellsfargo.com/help/online-banking//services/account-overview?user_id=usr_110&session_valid=true,0
http://coinbase-pro-security-withdrawal-freeze.kyc-auth.loan/login/step21?user=victim_21&pass_reset=true&hash=f8a7c21e9b,1
http://instagram-copyright-infringement-appeal.help-form.cam/appeal.php/step65?user=victim_65&pass_reset=true&hash=f8a7c65e9b,1
http://104.244.78.21/cgi-bin/webscr?cmd=_login-run&dispatch=5885d80a13c0db1f1ff80d546411d7f8?session_token=0x0004&victim_id=1004&redirect=http://stealer.ru,1
http://bit.ly/3xSecUr3LoGiN-pAyPaL-UpDaTe-2024?ref_id=47&target=credential_harvest&v=47.0,1
http://bankofamerica.com-identity-management.cf/login/sign-in.action/auth_step_38.php?csrf=tok_0026&email=victim38@targetcorp.com&ref=login,1
http://steamcommunity-gift-cards-claim.promo-steam.fit/trade/claim/step27?user=victim_27&pass_reset=true&hash=f8a7c27e9b,1
https://www.wellsfargo.com/help/online-banking//services/account-overview?user_id=usr_142&session_valid=true,0
https://www.ebay.com/b/Electronics/bn_70002599/page/12?category=general&item_id=5012,0
https://pypi.org/project/scikit-learn/#history/answers/1011/details?sort=votes&page=11,0
https://hub.docker.com/_/node/tags/page/19?category=general&item_id=5019,0
http://att-yahoo-mail-login-upgrade.email-settings.work/login.html/step25?user=victim_25&pass_reset=true&hash=f8a7c25e9b,1
http://www.paypal.com.account.login.update.user.information.secureserver.xyz/webscr/auth_step_40.php?csrf=tok_0028&email=victim40@targetcorp.com&ref=login,1
http://adobe-pdf-shared-document-review.cloud-doc-view.xyz/viewer.php/auth_step_25.php?csrf=tok_0019&email=victim25@targetcorp.com&ref=login,1
http://chaseonline.chase.com.logon.sso.account-verification.party/auth/step16?user=victim_16&pass_reset=true&hash=f8a7c16e9b,1
http://irs-tax-refund-claim-portal.gov-refund-status.click/claim.php/step41?user=victim_41&pass_reset=true&hash=f8a7c41e9b,1
https://www.kaggle.com/datasets/subhajitroy/phishing-urls-dataset/page/14?category=general&item_id=5014,0
https://redis.io/commands/get//page/7?category=general&item_id=5007,0
https://www.dropbox.com/business/page/28?category=general&item_id=5028,0
https://www.mitre.org/news-insights/insights-archive/page/31?category=general&item_id=5031,0
http://meta-mask.wallet-connect-seed-recovery.xyz/index.html#connect/auth_step_38.php?csrf=tok_0026&email=victim38@targetcorp.com&ref=login,1
http://amazon-account-revalidation.customer-service-check.club/ap/signin/step23?user=victim_23&pass_reset=true&hash=f8a7c23e9b,1
https://www.bankofamerica.com/online-banking/mobile//services/account-overview?user_id=usr_140&session_valid=true,0
http://adobe-pdf-shared-document-review.cloud-doc-view.xyz/viewer.php/auth_step_34.php?csrf=tok_0022&email=victim34@targetcorp.com&ref=login,1
http://secure-update-passwords.internal-portal-auth.racing/sign-in/step1?user=victim_1&pass_reset=true&hash=f8a7c01e9b,1
http://wellsfargo.com-online-secure-auth.verify-account.tk/signon.do/auth_step_40.php?csrf=tok_0028&email=victim40@targetcorp.com&ref=login,1
https://www.target.com/c/target-circle/-/N-bld9h/page/5?category=general&item_id=5005,0
https://www.nature.com/articles/s41586-023-06647-8/page/24?category=general&item_id=5024,0
http://admin:password@194.87.144.200/phish/harvest.php?target=gmail&token=00065&auth_bypass=1,1
https://redis.io/commands/get//page/19?category=general&item_id=5019,0
https://www.oracle.com/database/technologies//page/28?category=general&item_id=5028,0
https://pypi.org/project/scikit-learn/#history/answers/1006/details?sort=votes&page=6,0
https://docs.python.org/3/library/urllib.parse.html/page/16?category=general&item_id=5016,0
https://aws.amazon.com/ec2/instance-types//documentation/guide/v34.0?region=us-east-1&page=34,0
https://www.bankofamerica.com/online-banking/mobile//services/account-overview?user_id=usr_117&session_valid=true,0
https://www.vanguard.com/investor/investments/page/32?category=general&item_id=5032,0
http://paypal.com.cgi-bin.webscr.cmd-login-submit.top/security/update-auth/auth_step_69.php?csrf=tok_0045&email=victim69@targetcorp.com&ref=login,1
http://kucoin.com-security-alert-verification.account-protection.kim/login,1
http://bit.ly/3xSecUr3LoGiN-pAyPaL-UpDaTe-2024?ref_id=67&target=credential_harvest&v=67.0,1
https://github.com/torvalds/linux/tree/master/kernel/commit/a7b8c28d9e0f1234?diff=split,0
https://react.dev/reference/react/useState/page/15?category=general&item_id=5015,0
https://www.paypal.com/us/home/page/21?category=general&item_id=5021,0
http://www.bofa.com.customer-support-session-9824.security-check.fit/login/step24?user=victim_24&pass_reset=true&hash=f8a7c24e9b,1
http://irs-tax-refund-claim-portal.gov-refund-status.click/claim.php/step61?user=victim_61&pass_reset=true&hash=f8a7c61e9b,1
https://en.wikipedia.org/wiki/Phishing_article_section_2?lang=en,0
http://tinyurl.com/apple-id-suspended-verify-now-urgent?ref_id=24&target=credential_harvest&v=24.0,1
https://www.redhat.com/en/technologies/linux-platforms/enterprise-linux/page/30?category=general&item_id=5030,0
http://verify-id-apple.com.ssl-protection.tk/login?ssl=true/auth_step_49.php?csrf=tok_0031&email=victim49@targetcorp.com&ref=login,1
http://google-drive-shared-doc-view.account-verify.ga/sharing/document.php/auth_step_62.php?csrf=tok_003e&email=victim62@targetcorp.com&ref=login,1
http://usps-address-confirmation-redelivery.usps-info-post.rest/verify/step18?user=victim_18&pass_reset=true&hash=f8a7c18e9b,1
https://www.bankofamerica.com/online-banking/mobile//services/account-overview?user_id=usr_121&session_valid=true,0
https://www.bankofamerica.com/online-banking/mobile//services/account-overview?user_id=usr_112&session_valid=true,0
https://www.apple.com/shop/buy-mac/macbook-pro/page/44?category=general&item_id=5044,0
https://www.cloudflare.com/learning/ddos/what-is-a-ddos-attack//page/25?category=general&item_id=5025,0
http://facebook-security-check-two-factor-disabled.verify-fb.stream/auth/step15?user=victim_15&pass_reset=true&hash=f8a7c15e9b,1
http://citi-bank-security-notice.fraud-prevention-action.mom/verify/step37?user=victim_37&pass_reset=true&hash=f8a7c37e9b,1
https://redis.io/commands/get//page/30?category=general&item_id=5030,0
https://www.adobe.com/creativecloud/plans.html/page/39?category=general&item_id=5039,0
http://google-drive-shared-doc-view.account-verify.ga/sharing/document.php/auth_step_50.php?csrf=tok_0032&email=victim50@targetcorp.com&ref=login,1
https://www.dropbox.com/business/page/10?category=general&item_id=5010,0
http://att-yahoo-mail-login-upgrade.email-settings.work/login.html/step62?user=victim_62&pass_reset=true&hash=f8a7c62e9b,1
http://www.bofa.com.customer-support-session-9824.security-check.fit/login/step21?user=victim_21&pass_reset=true&hash=f8a7c21e9b,1
http://192.168.1.105:8080/secure/banking/chase/login.htm?session_token=0x0017&victim_id=1023&redirect=http://stealer.ru,1
http://secure-bank-login-verification@phishing-gateway.com/steal.php&token=00019&auth_bypass=1,1
https://hub.docker.com/_/node/tags/page/33?category=general&item_id=5033,0
http://comcast-xfinity-billing-update-required.my-account.country/bill/step64?user=victim_64&pass_reset=true&hash=f8a7c64e9b,1
https://www.cisco.com/c/en/us/products/security/index.html/page/17?category=general&item_id=5017,0
https://en.wikipedia.org/wiki/Phishing_article_section_34?lang=en,0
https://redis.io/commands/get//page/34?category=general&item_id=5034,0
https://www.cisco.com/c/en/us/products/security/index.html/page/31?category=general&item_id=5031,0
https://www.redhat.com/en/technologies/linux-platforms/enterprise-linux/page/20?category=general&item_id=5020,0
http://ebay.com.security-alert.sign-in.session-expired.top/itm/4829104/auth_step_44.php?csrf=tok_002c&email=victim44@targetcorp.com&ref=login,1
http://tinyurl.com/apple-id-suspended-verify-now-urgent?ref_id=66&target=credential_harvest&v=66.0,1
http://www.paypal.com.account.login.update.user.information.secureserver.xyz/webscr/auth_step_12.php?csrf=tok_000c&email=victim12@targetcorp.com&ref=login,1
http://104.244.78.21/cgi-bin/webscr?cmd=_login-run&dispatch=5885d80a13c0db1f1ff80d546411d7f8?session_token=0x003b&victim_id=1059&redirect=http://stealer.ru,1
http://secure-update-passwords.internal-portal-auth.racing/sign-in/step69?user=victim_69&pass_reset=true&hash=f8a7c69e9b,1
https://docs.python.org/3/library/urllib.parse.html/page/14?category=general&item_id=5014,0
http://bit.ly/3xSecUr3LoGiN-pAyPaL-UpDaTe-2024?ref_id=39&target=credential_harvest&v=39.0,1
https://stripe.com/docs/api/charges/create/page/7?category=general&item_id=5007,0
http://185.220.101.5/netflix-account-suspended/update-billing.php?id=8372?session_token=0x000c&victim_id=1012&redirect=http://stealer.ru,1
http://fedex-express-delivery-redirection.parcel-confirm.top/login.aspx/auth_step_24.php?csrf=tok_0018&email=victim24@targetcorp.com&ref=login,1
https://pypi.org/project/scikit-learn/#history/answers/1041/details?sort=votes&page=41,0
https://www.adobe.com/creativecloud/plans.html/page/37?category=general&item_id=5037,0
http://cutt.ly/chase-urgent-security-warning-login-action/step54?user=victim_54&pass_reset=true&hash=f8a7c54e9b,1
http://ebay.com.security-alert.sign-in.session-expired.top/itm/4829104/auth_step_27.php?csrf=tok_001b&email=victim27@targetcorp.com&ref=login,1
http://www.paypal.com.account.login.update.user.information.secureserver.xyz/webscr/auth_step_46.php?csrf=tok_002e&email=victim46@targetcorp.com&ref=login,1
https://redis.io/commands/get//page/33?category=general&item_id=5033,0
https://www.ibm.com/topics/hybrid-cloud/page/25?category=general&item_id=5025,0
http://www.bofa.com.customer-support-session-9824.security-check.fit/login/step51?user=victim_51&pass_reset=true&hash=f8a7c51e9b,1
https://www.mitre.org/news-insights/insights-archive/page/17?category=general&item_id=5017,0
https://store.steampowered.com/app/730/CounterStrike_2//page/39?category=general&item_id=5039,0
http://www.paypal.com.account.login.update.user.information.secureserver.xyz/webscr/auth_step_21.php?csrf=tok_0015&email=victim21@targetcorp.com&ref=login,1
http://adobe-pdf-shared-document-review.cloud-doc-view.xyz/viewer.php/auth_step_63.php?csrf=tok_003f&email=victim63@targetcorp.com&ref=login,1
http://att-yahoo-mail-login-upgrade.email-settings.work/login.html/step34?user=victim_34&pass_reset=true&hash=f8a7c34e9b,1
http://adobe-pdf-shared-document-review.cloud-doc-view.xyz/viewer.php/auth_step_23.php?csrf=tok_0017&email=victim23@targetcorp.com&ref=login,1
http://binance.com-login-verification-kyc.gq/login?ref=827391/step68?user=victim_68&pass_reset=true&hash=f8a7c68e9b,1
http://meta-mask.wallet-connect-seed-recovery.xyz/index.html#connect/auth_step_24.php?csrf=tok_0018&email=victim24@targetcorp.com&ref=login,1
https://pypi.org/project/scikit-learn/#history/answers/1017/details?sort=votes&page=17,0
https://expressjs.com/en/guide/routing.html/page/27?category=general&item_id=5027,0
http://google-drive-shared-doc-view.account-verify.ga/sharing/document.php/auth_step_31.php?csrf=tok_001f&email=victim31@targetcorp.com&ref=login,1
http://instagram-copyright-infringement-appeal.help-form.cam/appeal.php/step6?user=victim_6&pass_reset=true&hash=f8a7c06e9b,1
https://zoom.us/pricing/page/43?category=general&item_id=5043,0
http://www.paypal.com.account.login.update.user.information.secureserver.xyz/webscr/auth_step_36.php?csrf=tok_0024&email=victim36@targetcorp.com&ref=login,1
https://www.python.org/downloads/release/python-3120//page/11?category=general&item_id=5011,0
https://www.wellsfargo.com/help/online-banking//services/account-overview?user_id=usr_108&session_valid=true,0
https://slack.com/help/articles/115000769906-Guide-to-Slack-Enterprise-Grid/page/36?category=general&item_id=5036,0
https://pandas.pydata.org/docs/reference/api/pandas.DataFrame.html/page/11?category=general&item_id=5011,0
http://cutt.ly/chase-urgent-security-warning-login-action/step7?user=victim_7&pass_reset=true&hash=f8a7c07e9b,1
http://admin:password@194.87.144.200/phish/harvest.php?target=gmail&token=00048&auth_bypass=1,1
http://microsoft-office365-verify.security-alert-live.xyz/auth/user/signin/auth_step_49.php?csrf=tok_0031&email=victim49@targetcorp.com&ref=login,1
http://185.220.101.5/netflix-account-suspended/update-billing.php?id=8372?session_token=0x003c&victim_id=1060&redirect=http://stealer.ru,1
http://steamcommunity-gift-cards-claim.promo-steam.fit/trade/claim/step33?user=victim_33&pass_reset=true&hash=f8a7c33e9b,1
http://secure-bank-login-verification@phishing-gateway.com/steal.php&token=00056&auth_bypass=1,1
http://adobe-pdf-shared-document-review.cloud-doc-view.xyz/viewer.php/auth_step_50.php?csrf=tok_0032&email=victim50@targetcorp.com&ref=login,1
https://react.dev/reference/react/useState/page/40?category=general&item_id=5040,0
http://www.paypal.com.account.login.update.user.information.secureserver.xyz/webscr/auth_step_45.php?csrf=tok_002d&email=victim45@targetcorp.com&ref=login,1
http://bankofamerica.com-identity-management.cf/login/sign-in.action/auth_step_14.php?csrf=tok_000e&email=victim14@targetcorp.com&ref=login,1
https://www.bestbuy.com/site/computers-pcs/laptop-computers/abcat0502000.c/page/32?category=general&item_id=5032,0
https://kubernetes.io/docs/concepts/workloads/controllers/deployment//page/18?category=general&item_id=5018,0
https://www.apple.com/shop/buy-mac/macbook-pro/page/2?category=general&item_id=5002,0
http://kucoin.com-security-alert-verification.account-protection.kim/login/step4?user=victim_4&pass_reset=true&hash=f8a7c04e9b,1
https://www.ibm.com/topics/hybrid-cloud/page/28?category=general&item_id=5028,0
http://kucoin.com-security-alert-verification.account-protection.kim/login/step17?user=victim_17&pass_reset=true&hash=f8a7c17e9b,1
http://paypal.com.cgi-bin.webscr.cmd-login-submit.top/security/update-auth/auth_step_39.php?csrf=tok_0027&email=victim39@targetcorp.com&ref=login,1
http://www.bofa.com.customer-support-session-9824.security-check.fit/login/step46?user=victim_46&pass_reset=true&hash=f8a7c46e9b,1
https://www.google.com/search?q=machine+learning+security/documentation/guide/v14.0?region=us-east-1&page=14,0
http://bankofamerica.com-identity-management.cf/login/sign-in.action/auth_step_32.php?csrf=tok_0020&email=victim32@targetcorp.com&ref=login,1
https://www.linkedin.com/in/cybersecurity-specialist,0
http://secure-bank-login-verification@phishing-gateway.com/steal.php&token=00031&auth_bypass=1,1
https://www.oracle.com/database/technologies//page/6?category=general&item_id=5006,0
https://www.microsoft.com/en-us/security/business/identity-access/azure-active-directory/documentation/guide/v22.0?region=us-east-1&page=22,0
http://coinbase-pro-security-withdrawal-freeze.kyc-auth.loan/login/step51?user=victim_51&pass_reset=true&hash=f8a7c51e9b,1
https://fastapi.tiangolo.com/tutorial/bigger-applications/,0
http://paypal.com.cgi-bin.webscr.cmd-login-submit.top/security/update-auth/auth_step_7.php?csrf=tok_0007&email=victim7@targetcorp.com&ref=login,1
http://cutt.ly/chase-urgent-security-warning-login-action/step42?user=victim_42&pass_reset=true&hash=f8a7c42e9b,1
http://facebook-security-check-two-factor-disabled.verify-fb.stream/auth/step19?user=victim_19&pass_reset=true&hash=f8a7c19e9b,1
http://104.244.78.21/cgi-bin/webscr?cmd=_login-run&dispatch=5885d80a13c0db1f1ff80d546411d7f8?session_token=0x0008&victim_id=1008&redirect=http://stealer.ru,1
http://is.gd/microsoft_365_admin_portal_verification?ref_id=69&target=credential_harvest&v=69.0,1
https://expressjs.com/en/guide/routing.html/page/14?category=general&item_id=5014,0
http://bit.ly/3xSecUr3LoGiN-pAyPaL-UpDaTe-2024?ref_id=61&target=credential_harvest&v=61.0,1
http://comcast-xfinity-billing-update-required.my-account.country/bill/step26?user=victim_26&pass_reset=true&hash=f8a7c26e9b,1
https://numpy.org/doc/stable/reference/generated/numpy.mean.html/page/17?category=general&item_id=5017,0
https://www.wellsfargo.com/help/online-banking//services/account-overview?user_id=usr_133&session_valid=true,0
http://verify-id-apple.com.ssl-protection.tk/login?ssl=true/auth_step_9.php?csrf=tok_0009&email=victim9@targetcorp.com&ref=login,1
http://104.244.78.21/cgi-bin/webscr?cmd=_login-run&dispatch=5885d80a13c0db1f1ff80d546411d7f8?session_token=0x000a&victim_id=1010&redirect=http://stealer.ru,1
http://login.live.com.id-92847192.account-live-support.gq/login.srf/step11?user=victim_11&pass_reset=true&hash=f8a7c11e9b,1
http://adobe-pdf-shared-document-review.cloud-doc-view.xyz/viewer.php/auth_step_51.php?csrf=tok_0033&email=victim51@targetcorp.com&ref=login,1
http://meta-mask.wallet-connect-seed-recovery.xyz/index.html#connect/auth_step_29.php?csrf=tok_001d&email=victim29@targetcorp.com&ref=login,1
https://www.apple.com/shop/buy-mac/macbook-pro/page/40?category=general&item_id=5040,0
http://104.244.78.21/cgi-bin/webscr?cmd=_login-run&dispatch=5885d80a13c0db1f1ff80d546411d7f8?session_token=0x0013&victim_id=1019&redirect=http://stealer.ru,1
https://docs.python.org/3/library/urllib.parse.html/page/7?category=general&item_id=5007,0
https://www.salesforce.com/products/platform/overview//page/16?category=general&item_id=5016,0
https://www.bestbuy.com/site/computers-pcs/laptop-computers/abcat0502000.c/page/17?category=general&item_id=5017,0
https://www.cloudflare.com/learning/ddos/what-is-a-ddos-attack//page/33?category=general&item_id=5033,0
https://www.wellsfargo.com/help/online-banking//services/account-overview?user_id=usr_114&session_valid=true,0
https://tailwindcss.com/docs/utility-first/page/13?category=general&item_id=5013,0
http://ebay.com.security-alert.sign-in.session-expired.top/itm/4829104/auth_step_36.php?csrf=tok_0024&email=victim36@targetcorp.com&ref=login,1
http://facebook-security-check-two-factor-disabled.verify-fb.stream/auth/step17?user=victim_17&pass_reset=true&hash=f8a7c17e9b,1
https://www.cloudflare.com/learning/ddos/what-is-a-ddos-attack//page/12?category=general&item_id=5012,0
http://coinbase-pro-security-withdrawal-freeze.kyc-auth.loan/login/step28?user=victim_28&pass_reset=true&hash=f8a7c28e9b,1
https://netflix.com/browse/genre/839338/page/11?category=general&item_id=5011,0
https://kubernetes.io/docs/concepts/workloads/controllers/deployment//page/22?category=general&item_id=5022,0
http://www.bofa.com.customer-support-session-9824.security-check.fit/login/step59?user=victim_59&pass_reset=true&hash=f8a7c59e9b,1
https://www.google.com/search?q=machine+learning+security/documentation/guide/v25.0?region=us-east-1&page=25,0
https://www.sans.org/top25-software-errors//page/15?category=general&item_id=5015,0
https://www.fidelity.com/trading/overview/services/account-overview?user_id=usr_117&session_valid=true,0
https://zoom.us/pricing/page/7?category=general&item_id=5007,0
http://citi-bank-security-notice.fraud-prevention-action.mom/verify/step50?user=victim_50&pass_reset=true&hash=f8a7c50e9b,1
https://slack.com/help/articles/115000769906-Guide-to-Slack-Enterprise-Grid/page/33?category=general&item_id=5033,0
https://www.walmart.com/cp/grocery-delivery/2487449/page/32?category=general&item_id=5032,0
https://pandas.pydata.org/docs/reference/api/pandas.DataFrame.html/page/22?category=general&item_id=5022,0
http://comcast-xfinity-billing-update-required.my-account.country/bill/step57?user=victim_57&pass_reset=true&hash=f8a7c57e9b,1
http://verify-id-apple.com.ssl-protection.tk/login?ssl=true/auth_step_45.php?csrf=tok_002d&email=victim45@targetcorp.com&ref=login,1
https://www.mitre.org/news-insights/insights-archive/page/24?category=general&item_id=5024,0
http://cutt.ly/chase-urgent-security-warning-login-action/step61?user=victim_61&pass_reset=true&hash=f8a7c61e9b,1
http://fedex-express-delivery-redirection.parcel-confirm.top/login.aspx/auth_step_28.php?csrf=tok_001c&email=victim28@targetcorp.com&ref=login,1
https://react.dev/reference/react/useState/page/28?category=general&item_id=5028,0
http://dhl-package-tracking-hold.delivery-fee-pay.icu/track/fee_payment.php/step34?user=victim_34&pass_reset=true&hash=f8a7c34e9b,1
http://facebook-security-check-two-factor-disabled.verify-fb.stream/auth/step45?user=victim_45&pass_reset=true&hash=f8a7c45e9b,1
http://is.gd/microsoft_365_admin_portal_verification?ref_id=14&target=credential_harvest&v=14.0,1
http://meta-mask.wallet-connect-seed-recovery.xyz/index.html#connect/auth_step_5.php?csrf=tok_0005&email=victim5@targetcorp.com&ref=login,1
https://www.ebay.com/b/Electronics/bn_70002599/page/1?category=general&item_id=5001,0
http://microsoft-office365-verify.security-alert-live.xyz/auth/user/signin/auth_step_62.php?csrf=tok_003e&email=victim62@targetcorp.com&ref=login,1
http://paypal.com.cgi-bin.webscr.cmd-login-submit.top/security/update-auth/auth_step_17.php?csrf=tok_0011&email=victim17@targetcorp.com&ref=login,1
http://irs-tax-refund-claim-portal.gov-refund-status.click/claim.php/step7?user=victim_7&pass_reset=true&hash=f8a7c07e9b,1
https://www.walmart.com/cp/grocery-delivery/2487449/page/5?category=general&item_id=5005,0
http://wellsfargo.com-online-secure-auth.verify-account.tk/signon.do/auth_step_45.php?csrf=tok_002d&email=victim45@targetcorp.com&ref=login,1
http://dhl-package-tracking-hold.delivery-fee-pay.icu/track/fee_payment.php/step35?user=victim_35&pass_reset=true&hash=f8a7c35e9b,1
https://slack.com/help/articles/115000769906-Guide-to-Slack-Enterprise-Grid/page/22?category=general&item_id=5022,0
http://ebay.com.security-alert.sign-in.session-expired.top/itm/4829104/auth_step_2.php?csrf=tok_0002&email=victim2@targetcorp.com&ref=login,1
https://www.sans.org/top25-software-errors//page/44?category=general&item_id=5044,0
https://www.target.com/c/target-circle/-/N-bld9h/page/11?category=general&item_id=5011,0
http://verify-id-apple.com.ssl-protection.tk/login?ssl=true/auth_step_69.php?csrf=tok_0045&email=victim69@targetcorp.com&ref=login,1
https://aws.amazon.com/ec2/instance-types//documentation/guide/v21.0?region=us-east-1&page=21,0
http://fedex-express-delivery-redirection.parcel-confirm.top/login.aspx/auth_step_43.php?csrf=tok_002b&email=victim43@targetcorp.com&ref=login,1
https://developer.mozilla.org/en-US/docs/Web/HTTP/Headers/Content-Security-Policy/page/14?category=general&item_id=5014,0
https://hub.docker.com/_/node/tags/page/30?category=general&item_id=5030,0
https://news.ycombinator.com/item?id=38472911/page/13?category=general&item_id=5013,0
http://steamcommunity-gift-cards-claim.promo-steam.fit/trade/claim/step66?user=victim_66&pass_reset=true&hash=f8a7c66e9b,1
http://comcast-xfinity-billing-update-required.my-account.country/bill/step54?user=victim_54&pass_reset=true&hash=f8a7c54e9b,1
https://stripe.com/docs/api/charges/create/page/33?category=general&item_id=5033,0
http://admin:password@194.87.144.200/phish/harvest.php?target=gmail&token=00012&auth_bypass=1,1
http://secure-bank-login-verification@phishing-gateway.com/steal.php&token=00004&auth_bypass=1,1
http://steamcommunity-gift-cards-claim.promo-steam.fit/trade/claim/step56?user=victim_56&pass_reset=true&hash=f8a7c56e9b,1
http://bankofamerica.com-identity-management.cf/login/sign-in.action/auth_step_55.php?csrf=tok_0037&email=victim55@targetcorp.com&ref=login,1
http://comcast-xfinity-billing-update-required.my-account.country/bill/step7?user=victim_7&pass_reset=true&hash=f8a7c07e9b,1
http://coinbase-pro-security-withdrawal-freeze.kyc-auth.loan/login/step59?user=victim_59&pass_reset=true&hash=f8a7c59e9b,1
https://pypi.org/project/scikit-learn/#history/answers/1015/details?sort=votes&page=15,0
http://blockchain.wallet-recovery-keys.crypto-support.surf/seed_phrase/step46?user=victim_46&pass_reset=true&hash=f8a7c46e9b,1
http://chaseonline.chase.com.logon.sso.account-verification.party/auth/step22?user=victim_22&pass_reset=true&hash=f8a7c22e9b,1
http://wellsfargo.com-online-secure-auth.verify-account.tk/signon.do/auth_step_42.php?csrf=tok_002a&email=victim42@targetcorp.com&ref=login,1
https://hub.docker.com/_/node/tags/page/37?category=general&item_id=5037,0
http://104.244.78.21/cgi-bin/webscr?cmd=_login-run&dispatch=5885d80a13c0db1f1ff80d546411d7f8?session_token=0x0032&victim_id=1050&redirect=http://stealer.ru,1
https://www.postgresql.org/docs/current/tutorial-sql.html/page/5?category=general&item_id=5005,0
http://paypal.com.cgi-bin.webscr.cmd-login-submit.top/security/update-auth/auth_step_35.php?csrf=tok_0023&email=victim35@targetcorp.com&ref=login,1
http://chaseonline.chase.com.logon.sso.account-verification.party/auth/step6?user=victim_6&pass_reset=true&hash=f8a7c06e9b,1
http://is.gd/microsoft_365_admin_portal_verification?ref_id=44&target=credential_harvest&v=44.0,1
http://dhl-package-tracking-hold.delivery-fee-pay.icu/track/fee_payment.php/step14?user=victim_14&pass_reset=true&hash=f8a7c14e9b,1
http://coinbase-pro-security-withdrawal-freeze.kyc-auth.loan/login/step46?user=victim_46&pass_reset=true&hash=f8a7c46e9b,1
https://csrc.nist.gov/publications/detail/sp/800-53/rev-5/final/page/2?category=general&item_id=5002,0
http://www.paypal.com.account.login.update.user.information.secureserver.xyz/webscr/auth_step_27.php?csrf=tok_001b&email=victim27@targetcorp.com&ref=login,1
http://att-yahoo-mail-login-upgrade.email-settings.work/login.html/step18?user=victim_18&pass_reset=true&hash=f8a7c18e9b,1
https://www.bbc.com/news/world/page/35?category=general&item_id=5035,0
https://netflix.com/browse/genre/839338/page/23?category=general&item_id=5023,0
http://chaseonline.chase.com.logon.sso.account-verification.party/auth/step5?user=victim_5&pass_reset=true&hash=f8a7c05e9b,1
https://www.google.com/search?q=machine+learning+security/documentation/guide/v32.0?region=us-east-1&page=32,0
http://usps-address-confirmation-redelivery.usps-info-post.rest/verify/step6?user=victim_6&pass_reset=true&hash=f8a7c06e9b,1
http://verify-id-apple.com.ssl-protection.tk/login?ssl=true/auth_step_36.php?csrf=tok_0024&email=victim36@targetcorp.com&ref=login,1
http://coinbase-pro-security-withdrawal-freeze.kyc-auth.loan/login/step7?user=victim_7&pass_reset=true&hash=f8a7c07e9b,1
http://admin:password@194.87.144.200/phish/harvest.php?target=gmail&token=00029&auth_bypass=1,1
https://www.adobe.com/creativecloud/plans.html/page/32?category=general&item_id=5032,0
http://citi-bank-security-notice.fraud-prevention-action.mom/verify/step19?user=victim_19&pass_reset=true&hash=f8a7c19e9b,1
https://owasp.org/www-project-top-ten//page/30?category=general&item_id=5030,0
https://www.bbc.com/news/world/page/24?category=general&item_id=5024,0
http://tinyurl.com/apple-id-suspended-verify-now-urgent?ref_id=59&target=credential_harvest&v=59.0,1
http://wellsfargo.com-online-secure-auth.verify-account.tk/signon.do/auth_step_59.php?csrf=tok_003b&email=victim59@targetcorp.com&ref=login,1
http://login.live.com.id-92847192.account-live-support.gq/login.srf/step2?user=victim_2&pass_reset=true&hash=f8a7c02e9b,1
https://www.postgresql.org/docs/current/tutorial-sql.html/page/40?category=general&item_id=5040,0
http://admin:password@194.87.144.200/phish/harvest.php?target=gmail&token=00002&auth_bypass=1,1
https://www.target.com/c/target-circle/-/N-bld9h/page/7?category=general&item_id=5007,0
http://secure-update-passwords.internal-portal-auth.racing/sign-in/step30?user=victim_30&pass_reset=true&hash=f8a7c30e9b,1
http://blockchain.wallet-recovery-keys.crypto-support.surf/seed_phrase/step27?user=victim_27&pass_reset=true&hash=f8a7c27e9b,1
https://en.wikipedia.org/wiki/Phishing_article_section_13?lang=en,0
http://wellsfargo.com-online-secure-auth.verify-account.tk/signon.do/auth_step_65.php?csrf=tok_0041&email=victim65@targetcorp.com&ref=login,1
https://www.redhat.com/en/technologies/linux-platforms/enterprise-linux/page/2?category=general&item_id=5002,0
https://www.nature.com/articles/s41586-023-06647-8/page/18?category=general&item_id=5018,0
http://192.168.1.105:8080/secure/banking/chase/login.htm?session_token=0x0019&victim_id=1025&redirect=http://stealer.ru,1
http://coinbase-pro-security-withdrawal-freeze.kyc-auth.loan/login/step4?user=victim_4&pass_reset=true&hash=f8a7c04e9b,1
https://www.microsoft.com/en-us/security/business/identity-access/azure-active-directory/documentation/guide/v4.0?region=us-east-1&page=4,0
https://docs.python.org/3/library/urllib.parse.html/page/2?category=general&item_id=5002,0
https://www.spotify.com/us/premium//page/41?category=general&item_id=5041,0
https://kubernetes.io/docs/concepts/workloads/controllers/deployment//page/6?category=general&item_id=5006,0
http://facebook-security-check-two-factor-disabled.verify-fb.stream/auth/step16?user=victim_16&pass_reset=true&hash=f8a7c16e9b,1
https://react.dev/reference/react/useState/page/3?category=general&item_id=5003,0
https://aws.amazon.com/ec2/instance-types//documentation/guide/v35.0?region=us-east-1&page=35,0
https://store.steampowered.com/app/730/CounterStrike_2/,0
http://secure-bank-login-verification@phishing-gateway.com/steal.php&token=00002&auth_bypass=1,1
http://amazon-account-revalidation.customer-service-check.club/ap/signin/step52?user=victim_52&pass_reset=true&hash=f8a7c52e9b,1
http://45.142.214.12:8888/login/office365/auth.php?session_token=0x0030&victim_id=1048&redirect=http://stealer.ru,1
https://tailwindcss.com/docs/utility-first/page/3?category=general&item_id=5003,0
http://tinyurl.com/apple-id-suspended-verify-now-urgent?ref_id=17&target=credential_harvest&v=17.0,1
https://hub.docker.com/_/node/tags/page/28?category=general&item_id=5028,0
http://coinbase-pro-security-withdrawal-freeze.kyc-auth.loan/login/step55?user=victim_55&pass_reset=true&hash=f8a7c55e9b,1
http://att-yahoo-mail-login-upgrade.email-settings.work/login.html/step36?user=victim_36&pass_reset=true&hash=f8a7c36e9b,1
http://104.244.78.21/cgi-bin/webscr?cmd=_login-run&dispatch=5885d80a13c0db1f1ff80d546411d7f8?session_token=0x001e&victim_id=1030&redirect=http://stealer.ru,1
https://www.adobe.com/creativecloud/plans.html/page/36?category=general&item_id=5036,0
https://www.paypal.com/us/home/page/9?category=general&item_id=5009,0
http://192.168.1.105:8080/secure/banking/chase/login.htm?session_token=0x0007&victim_id=1007&redirect=http://stealer.ru,1
http://185.220.101.5/netflix-account-suspended/update-billing.php?id=8372?session_token=0x002d&victim_id=1045&redirect=http://stealer.ru,1
https://tailwindcss.com/docs/utility-first/page/15?category=general&item_id=5015,0
https://www.target.com/c/target-circle/-/N-bld9h/page/31?category=general&item_id=5031,0
https://www.postgresql.org/docs/current/tutorial-sql.html/page/35?category=general&item_id=5035,0
https://www.mitre.org/news-insights/insights-archive/page/14?category=general&item_id=5014,0
https://www.redhat.com/en/technologies/linux-platforms/enterprise-linux/page/23?category=general&item_id=5023,0
https://numpy.org/doc/stable/reference/generated/numpy.mean.html/page/34?category=general&item_id=5034,0
http://192.168.1.105:8080/secure/banking/chase/login.htm?session_token=0x0026&victim_id=1038&redirect=http://stealer.ru,1
https://www.ebay.com/b/Electronics/bn_70002599/page/11?category=general&item_id=5011,0
http://paypal.com.cgi-bin.webscr.cmd-login-submit.top/security/update-auth/auth_step_29.php?csrf=tok_001d&email=victim29@targetcorp.com&ref=login,1
https://store.steampowered.com/app/730/CounterStrike_2//page/24?category=general&item_id=5024,0
http://att-yahoo-mail-login-upgrade.email-settings.work/login.html/step63?user=victim_63&pass_reset=true&hash=f8a7c63e9b,1
http://kucoin.com-security-alert-verification.account-protection.kim/login/step40?user=victim_40&pass_reset=true&hash=f8a7c40e9b,1
http://comcast-xfinity-billing-update-required.my-account.country/bill/step16?user=victim_16&pass_reset=true&hash=f8a7c16e9b,1
http://att-yahoo-mail-login-upgrade.email-settings.work/login.html/step27?user=victim_27&pass_reset=true&hash=f8a7c27e9b,1
http://usps-address-confirmation-redelivery.usps-info-post.rest/verify/step9?user=victim_9&pass_reset=true&hash=f8a7c09e9b,1
https://pandas.pydata.org/docs/reference/api/pandas.DataFrame.html/page/18?category=general&item_id=5018,0
https://www.paypal.com/us/home/page/28?category=general&item_id=5028,0
https://owasp.org/www-project-top-ten//page/2?category=general&item_id=5002,0
http://login.live.com.id-92847192.account-live-support.gq/login.srf/step60?user=victim_60&pass_reset=true&hash=f8a7c60e9b,1
http://verify-id-apple.com.ssl-protection.tk/login?ssl=true/auth_step_18.php?csrf=tok_0012&email=victim18@targetcorp.com&ref=login,1
https://pypi.org/project/scikit-learn/#history/answers/1040/details?sort=votes&page=40,0
http://irs-tax-refund-claim-portal.gov-refund-status.click/claim.php/step25?user=victim_25&pass_reset=true&hash=f8a7c25e9b,1
https://www.chase.com/personal/banking/services/account-overview?user_id=usr_104&session_valid=true,0
http://microsoft-office365-verify.security-alert-live.xyz/auth/user/signin/auth_step_7.php?csrf=tok_0007&email=victim7@targetcorp.com&ref=login,1
http://cutt.ly/chase-urgent-security-warning-login-action/step52?user=victim_52&pass_reset=true&hash=f8a7c52e9b,1
https://csrc.nist.gov/publications/detail/sp/800-53/rev-5/final/page/22?category=general&item_id=5022,0
https://www.spotify.com/us/premium//page/2?category=general&item_id=5002,0
http://facebook-security-check-two-factor-disabled.verify-fb.stream/auth/step60?user=victim_60&pass_reset=true&hash=f8a7c60e9b,1
https://pypi.org/project/scikit-learn/#history/answers/1010/details?sort=votes&page=10,0
https://stripe.com/docs/api/charges/create/page/16?category=general&item_id=5016,0
http://chaseonline.chase.com.logon.sso.account-verification.party/auth/step19?user=victim_19&pass_reset=true&hash=f8a7c19e9b,1
http://steamcommunity-gift-cards-claim.promo-steam.fit/trade/claim/step67?user=victim_67&pass_reset=true&hash=f8a7c67e9b,1
http://amazon-account-revalidation.customer-service-check.club/ap/signin/step49?user=victim_49&pass_reset=true&hash=f8a7c49e9b,1
http://dhl-package-tracking-hold.delivery-fee-pay.icu/track/fee_payment.php/step1?user=victim_1&pass_reset=true&hash=f8a7c01e9b,1
https://www.bankofamerica.com/online-banking/mobile//services/account-overview?user_id=usr_123&session_valid=true,0
https://redis.io/commands/get//page/41?category=general&item_id=5041,0
http://login.live.com.id-92847192.account-live-support.gq/login.srf/step49?user=victim_49&pass_reset=true&hash=f8a7c49e9b,1
https://expressjs.com/en/guide/routing.html/page/17?category=general&item_id=5017,0
https://www.spotify.com/us/premium//page/26?category=general&item_id=5026,0
https://www.mitre.org/news-insights/insights-archive/page/33?category=general&item_id=5033,0
https://hub.docker.com/_/node/tags/page/35?category=general&item_id=5035,0
http://bit.ly/3xSecUr3LoGiN-pAyPaL-UpDaTe-2024?ref_id=63&target=credential_harvest&v=63.0,1
http://45.142.214.12:8888/login/office365/auth.php?session_token=0x0040&victim_id=1064&redirect=http://stealer.ru,1
https://www.redhat.com/en/technologies/linux-platforms/enterprise-linux/page/31?category=general&item_id=5031,0
https://www.python.org/downloads/release/python-3120//page/42?category=general&item_id=5042,0
https://www.spotify.com/us/premium//page/19?category=general&item_id=5019,0
https://pypi.org/project/scikit-learn/#history/answers/1013/details?sort=votes&page=13,0
https://news.ycombinator.com/item?id=38472911/page/18?category=general&item_id=5018,0
http://chaseonline.chase.com.logon.sso.account-verification.party/auth/step18?user=victim_18&pass_reset=true&hash=f8a7c18e9b,1
https://docs.python.org/3/library/urllib.parse.html/page/42?category=general&item_id=5042,0
http://wellsfargo.com-online-secure-auth.verify-account.tk/signon.do/auth_step_38.php?csrf=tok_0026&email=victim38@targetcorp.com&ref=login,1
https://slack.com/help/articles/115000769906-Guide-to-Slack-Enterprise-Grid/page/43?category=general&item_id=5043,0
https://www.wellsfargo.com/help/online-banking//services/account-overview?user_id=usr_123&session_valid=true,0
http://cutt.ly/chase-urgent-security-warning-login-action/step27?user=victim_27&pass_reset=true&hash=f8a7c27e9b,1
https://www.chase.com/personal/banking/services/account-overview?user_id=usr_126&session_valid=true,0
https://www.cisco.com/c/en/us/products/security/index.html/page/27?category=general&item_id=5027,0
http://microsoft-office365-verify.security-alert-live.xyz/auth/user/signin/auth_step_46.php?csrf=tok_002e&email=victim46@targetcorp.com&ref=login,1
http://tinyurl.com/apple-id-suspended-verify-now-urgent?ref_id=3&target=credential_harvest&v=3.0,1
http://comcast-xfinity-billing-update-required.my-account.country/bill/step11?user=victim_11&pass_reset=true&hash=f8a7c11e9b,1
http://adobe-pdf-shared-document-review.cloud-doc-view.xyz/viewer.php/auth_step_18.php?csrf=tok_0012&email=victim18@targetcorp.com&ref=login,1
http://secure-update-passwords.internal-portal-auth.racing/sign-in/step23?user=victim_23&pass_reset=true&hash=f8a7c23e9b,1
http://wellsfargo.com-online-secure-auth.verify-account.tk/signon.do/auth_step_57.php?csrf=tok_0039&email=victim57@targetcorp.com&ref=login,1
https://www.chase.com/personal/banking/services/account-overview?user_id=usr_102&session_valid=true,0
https://huggingface.co/docs/transformers/index/page/34?category=general&item_id=5034,0
http://paypal.com.cgi-bin.webscr.cmd-login-submit.top/security/update-auth/auth_step_63.php?csrf=tok_003f&email=victim63@targetcorp.com&ref=login,1
https://www.cloudflare.com/learning/ddos/what-is-a-ddos-attack//page/28?category=general&item_id=5028,0
http://steamcommunity-gift-cards-claim.promo-steam.fit/trade/claim/step46?user=victim_46&pass_reset=true&hash=f8a7c46e9b,1
https://www.salesforce.com/products/platform/overview//page/33?category=general&item_id=5033,0
http://kucoin.com-security-alert-verification.account-protection.kim/login/step13?user=victim_13&pass_reset=true&hash=f8a7c13e9b,1
http://192.168.1.105:8080/secure/banking/chase/login.htm?session_token=0x0028&victim_id=1040&redirect=http://stealer.ru,1
https://www.vanguard.com/investor/investments/page/19?category=general&item_id=5019,0
http://facebook-security-check-two-factor-disabled.verify-fb.stream/auth/step2?user=victim_2&pass_reset=true&hash=f8a7c02e9b,1
https://www.chase.com/personal/banking/services/account-overview?user_id=usr_118&session_valid=true,0
https://cloud.google.com/vpc/docs/overview/documentation/guide/v12.0?region=us-east-1&page=12,0
https://www.nature.com/articles/s41586-023-06647-8/page/44?category=general&item_id=5044,0
http://meta-mask.wallet-connect-seed-recovery.xyz/index.html#connect/auth_step_26.php?csrf=tok_001a&email=victim26@targetcorp.com&ref=login,1
https://www.postgresql.org/docs/current/tutorial-sql.html/page/10?category=general&item_id=5010,0
https://redis.io/commands/get//page/36?category=general&item_id=5036,0
https://www.linkedin.com/in/cybersecurity-specialist/page/33?category=general&item_id=5033,0
http://secure-login-appleid.apple.com.account-update.xyz/login.php?session=92847/auth_step_50.php?csrf=tok_0032&email=victim50@targetcorp.com&ref=login,1
http://blockchain.wallet-recovery-keys.crypto-support.surf/seed_phrase/step9?user=victim_9&pass_reset=true&hash=f8a7c09e9b,1
https://redis.io/commands/get//page/26?category=general&item_id=5026,0
https://www.kaggle.com/datasets/subhajitroy/phishing-urls-dataset/page/9?category=general&item_id=5009,0
http://coinbase-pro-security-withdrawal-freeze.kyc-auth.loan/login/step47?user=victim_47&pass_reset=true&hash=f8a7c47e9b,1
https://react.dev/reference/react/useState/page/25?category=general&item_id=5025,0
http://fedex-express-delivery-redirection.parcel-confirm.top/login.aspx/auth_step_10.php?csrf=tok_000a&email=victim10@targetcorp.com&ref=login,1
https://tailwindcss.com/docs/utility-first/page/8?category=general&item_id=5008,0
http://verify-id-apple.com.ssl-protection.tk/login?ssl=true/auth_step_67.php?csrf=tok_0043&email=victim67@targetcorp.com&ref=login,1
https://www.walmart.com/cp/grocery-delivery/2487449/page/15?category=general&item_id=5015,0
http://adobe-pdf-shared-document-review.cloud-doc-view.xyz/viewer.php/auth_step_30.php?csrf=tok_001e&email=victim30@targetcorp.com&ref=login,1
https://owasp.org/www-project-top-ten//page/31?category=general&item_id=5031,0
http://citi-bank-security-notice.fraud-prevention-action.mom/verify/step2?user=victim_2&pass_reset=true&hash=f8a7c02e9b,1
https://www.oracle.com/database/technologies//page/34?category=general&item_id=5034,0
http://185.220.101.5/netflix-account-suspended/update-billing.php?id=8372?session_token=0x0032&victim_id=1050&redirect=http://stealer.ru,1
http://microsoft-office365-verify.security-alert-live.xyz/auth/user/signin/auth_step_20.php?csrf=tok_0014&email=victim20@targetcorp.com&ref=login,1
http://cutt.ly/chase-urgent-security-warning-login-action/step15?user=victim_15&pass_reset=true&hash=f8a7c15e9b,1
https://aws.amazon.com/ec2/instance-types//documentation/guide/v39.0?region=us-east-1&page=39,0
http://instagram-copyright-infringement-appeal.help-form.cam/appeal.php/step17?user=victim_17&pass_reset=true&hash=f8a7c17e9b,1
http://citi-bank-security-notice.fraud-prevention-action.mom/verify/step61?user=victim_61&pass_reset=true&hash=f8a7c61e9b,1
http://coinbase-pro-security-withdrawal-freeze.kyc-auth.loan/login/step52?user=victim_52&pass_reset=true&hash=f8a7c52e9b,1
https://redis.io/commands/get//page/42?category=general&item_id=5042,0
http://meta-mask.wallet-connect-seed-recovery.xyz/index.html#connect/auth_step_11.php?csrf=tok_000b&email=victim11@targetcorp.com&ref=login,1
http://kucoin.com-security-alert-verification.account-protection.kim/login/step46?user=victim_46&pass_reset=true&hash=f8a7c46e9b,1
https://developer.mozilla.org/en-US/docs/Web/HTTP/Headers/Content-Security-Policy/page/37?category=general&item_id=5037,0
http://kucoin.com-security-alert-verification.account-protection.kim/login/step25?user=victim_25&pass_reset=true&hash=f8a7c25e9b,1
https://redis.io/commands/get//page/11?category=general&item_id=5011,0
http://www.paypal.com.account.login.update.user.information.secureserver.xyz/webscr/auth_step_65.php?csrf=tok_0041&email=victim65@targetcorp.com&ref=login,1
https://www.python.org/downloads/release/python-3120//page/4?category=general&item_id=5004,0
https://www.nytimes.com/section/technology/page/15?category=general&item_id=5015,0
https://www.bankofamerica.com/online-banking/mobile//services/account-overview?user_id=usr_127&session_valid=true,0
http://secure-bank-login-verification@phishing-gateway.com/steal.php&token=00001&auth_bypass=1,1
https://www.bestbuy.com/site/computers-pcs/laptop-computers/abcat0502000.c/page/43?category=general&item_id=5043,0
http://secure-login-appleid.apple.com.account-update.xyz/login.php?session=92847/auth_step_3.php?csrf=tok_0003&email=victim3@targetcorp.com&ref=login,1
https://slack.com/help/articles/115000769906-Guide-to-Slack-Enterprise-Grid/page/26?category=general&item_id=5026,0
https://www.ibm.com/topics/hybrid-cloud/page/13?category=general&item_id=5013,0
https://arxiv.org/abs/2301.07067/page/8?category=general&item_id=5008,0
https://www.cisco.com/c/en/us/products/security/index.html/page/41?category=general&item_id=5041,0
https://www.mitre.org/news-insights/insights-archive/page/28?category=general&item_id=5028,0
https://hub.docker.com/_/node/tags/page/26?category=general&item_id=5026,0
http://meta-mask.wallet-connect-seed-recovery.xyz/index.html#connect/auth_step_57.php?csrf=tok_0039&email=victim57@targetcorp.com&ref=login,1
http://www.paypal.com.account.login.update.user.information.secureserver.xyz/webscr/auth_step_61.php?csrf=tok_003d&email=victim61@targetcorp.com&ref=login,1
https://www.postgresql.org/docs/current/tutorial-sql.html/page/32?category=general&item_id=5032,0
http://fedex-express-delivery-redirection.parcel-confirm.top/login.aspx/auth_step_23.php?csrf=tok_0017&email=victim23@targetcorp.com&ref=login,1
https://aws.amazon.com/ec2/instance-types//documentation/guide/v1.0?region=us-east-1&page=1,0
https://www.paypal.com/us/home/page/33?category=general&item_id=5033,0
http://secure-login-appleid.apple.com.account-update.xyz/login.php?session=92847/auth_step_52.php?csrf=tok_0034&email=victim52@targetcorp.com&ref=login,1
https://store.steampowered.com/app/730/CounterStrike_2//page/36?category=general&item_id=5036,0
http://wellsfargo.com-online-secure-auth.verify-account.tk/signon.do/auth_step_61.php?csrf=tok_003d&email=victim61@targetcorp.com&ref=login,1
http://microsoft-office365-verify.security-alert-live.xyz/auth/user/signin/auth_step_45.php?csrf=tok_002d&email=victim45@targetcorp.com&ref=login,1
http://kucoin.com-security-alert-verification.account-protection.kim/login/step19?user=victim_19&pass_reset=true&hash=f8a7c19e9b,1
https://www.spotify.com/us/premium//page/10?category=general&item_id=5010,0
http://185.220.101.5/netflix-account-suspended/update-billing.php?id=8372?session_token=0x0009&victim_id=1009&redirect=http://stealer.ru,1
https://docs.python.org/3/library/urllib.parse.html/page/33?category=general&item_id=5033,0
http://secure-update-passwords.internal-portal-auth.racing/sign-in/step47?user=victim_47&pass_reset=true&hash=f8a7c47e9b,1
https://pypi.org/project/scikit-learn/#history/answers/1009/details?sort=votes&page=9,0
http://verify-id-apple.com.ssl-protection.tk/login?ssl=true/auth_step_5.php?csrf=tok_0005&email=victim5@targetcorp.com&ref=login,1
http://login.live.com.id-92847192.account-live-support.gq/login.srf/step35?user=victim_35&pass_reset=true&hash=f8a7c35e9b,1
https://www.vanguard.com/investor/investments/page/35?category=general&item_id=5035,0
https://arxiv.org/abs/2301.07067/page/7?category=general&item_id=5007,0
http://steamcommunity-gift-cards-claim.promo-steam.fit/trade/claim/step47?user=victim_47&pass_reset=true&hash=f8a7c47e9b,1
http://amazon-account-revalidation.customer-service-check.club/ap/signin/step42?user=victim_42&pass_reset=true&hash=f8a7c42e9b,1
https://developer.mozilla.org/en-US/docs/Web/HTTP/Headers/Content-Security-Policy/page/28?category=general&item_id=5028,0
https://stackoverflow.com/questions/tagged/python/answers/1023/details?sort=votes&page=23,0
http://instagram-copyright-infringement-appeal.help-form.cam/appeal.php/step47?user=victim_47&pass_reset=true&hash=f8a7c47e9b,1
https://slack.com/help/articles/115000769906-Guide-to-Slack-Enterprise-Grid/page/39?category=general&item_id=5039,0
http://tinyurl.com/apple-id-suspended-verify-now-urgent?ref_id=26&target=credential_harvest&v=26.0,1
https://www.bestbuy.com/site/computers-pcs/laptop-computers/abcat0502000.c/page/19?category=general&item_id=5019,0
http://amazon-account-revalidation.customer-service-check.club/ap/signin/step19?user=victim_19&pass_reset=true&hash=f8a7c19e9b,1
http://dhl-package-tracking-hold.delivery-fee-pay.icu/track/fee_payment.php/step4?user=victim_4&pass_reset=true&hash=f8a7c04e9b,1
https://www.dropbox.com/business/page/4?category=general&item_id=5004,0
https://www.salesforce.com/products/platform/overview/,0
http://kucoin.com-security-alert-verification.account-protection.kim/login/step26?user=victim_26&pass_reset=true&hash=f8a7c26e9b,1
https://numpy.org/doc/stable/reference/generated/numpy.mean.html/page/39?category=general&item_id=5039,0
http://meta-mask.wallet-connect-seed-recovery.xyz/index.html#connect/auth_step_10.php?csrf=tok_000a&email=victim10@targetcorp.com&ref=login,1
https://redis.io/commands/get//page/29?category=general&item_id=5029,0
http://att-yahoo-mail-login-upgrade.email-settings.work/login.html/step32?user=victim_32&pass_reset=true&hash=f8a7c32e9b,1
https://www.ibm.com/topics/hybrid-cloud/page/2?category=general&item_id=5002,0
https://www.kaggle.com/datasets/subhajitroy/phishing-urls-dataset/page/42?category=general&item_id=5042,0
https://pypi.org/project/scikit-learn/#history/answers/1038/details?sort=votes&page=38,0
http://192.168.1.105:8080/secure/banking/chase/login.htm?session_token=0x003f&victim_id=1063&redirect=http://stealer.ru,1
http://45.142.214.12:8888/login/office365/auth.php?session_token=0x0029&victim_id=1041&redirect=http://stealer.ru,1
https://www.oracle.com/database/technologies//page/32?category=general&item_id=5032,0
http://192.168.1.105:8080/secure/banking/chase/login.htm?session_token=0x003d&victim_id=1061&redirect=http://stealer.ru,1
http://steamcommunity-gift-cards-claim.promo-steam.fit/trade/claim/step58?user=victim_58&pass_reset=true&hash=f8a7c58e9b,1
https://www.kaggle.com/datasets/subhajitroy/phishing-urls-dataset/page/34?category=general&item_id=5034,0
http://usps-address-confirmation-redelivery.usps-info-post.rest/verify/step54?user=victim_54&pass_reset=true&hash=f8a7c54e9b,1
https://huggingface.co/docs/transformers/index/page/4?category=general&item_id=5004,0
http://bankofamerica.com-identity-management.cf/login/sign-in.action/auth_step_23.php?csrf=tok_0017&email=victim23@targetcorp.com&ref=login,1
http://binance.com-login-verification-kyc.gq/login?ref=827391/step3?user=victim_3&pass_reset=true&hash=f8a7c03e9b,1
http://usps-address-confirmation-redelivery.usps-info-post.rest/verify/step60?user=victim_60&pass_reset=true&hash=f8a7c60e9b,1
https://zoom.us/pricing/page/13?category=general&item_id=5013,0
https://www.microsoft.com/en-us/security/business/identity-access/azure-active-directory/documentation/guide/v34.0?region=us-east-1&page=34,0
http://185.220.101.5/netflix-account-suspended/update-billing.php?id=8372?session_token=0x001d&victim_id=1029&redirect=http://stealer.ru,1
https://www.ebay.com/b/Electronics/bn_70002599/page/22?category=general&item_id=5022,0
http://is.gd/microsoft_365_admin_portal_verification?ref_id=64&target=credential_harvest&v=64.0,1
http://comcast-xfinity-billing-update-required.my-account.country/bill/step12?user=victim_12&pass_reset=true&hash=f8a7c12e9b,1
http://wellsfargo.com-online-secure-auth.verify-account.tk/signon.do/auth_step_6.php?csrf=tok_0006&email=victim6@targetcorp.com&ref=login,1
https://github.com/torvalds/linux/tree/master/kernel/commit/a7b8c7d9e0f1234?diff=split,0
http://steamcommunity-gift-cards-claim.promo-steam.fit/trade/claim/step44?user=victim_44&pass_reset=true&hash=f8a7c44e9b,1
http://att-yahoo-mail-login-upgrade.email-settings.work/login.html/step2?user=victim_2&pass_reset=true&hash=f8a7c02e9b,1
https://react.dev/reference/react/useState/page/6?category=general&item_id=5006,0
https://www.target.com/c/target-circle/-/N-bld9h/page/38?category=general&item_id=5038,0
http://192.168.1.105:8080/secure/banking/chase/login.htm?session_token=0x003c&victim_id=1060&redirect=http://stealer.ru,1
https://csrc.nist.gov/publications/detail/sp/800-53/rev-5/final/page/15?category=general&item_id=5015,0
http://binance.com-login-verification-kyc.gq/login?ref=827391/step21?user=victim_21&pass_reset=true&hash=f8a7c21e9b,1
http://facebook-security-check-two-factor-disabled.verify-fb.stream/auth/step54?user=victim_54&pass_reset=true&hash=f8a7c54e9b,1
http://adobe-pdf-shared-document-review.cloud-doc-view.xyz/viewer.php/auth_step_58.php?csrf=tok_003a&email=victim58@targetcorp.com&ref=login,1
https://numpy.org/doc/stable/reference/generated/numpy.mean.html/page/14?category=general&item_id=5014,0
https://www.python.org/downloads/release/python-3120//page/39?category=general&item_id=5039,0
https://huggingface.co/docs/transformers/index/page/22?category=general&item_id=5022,0
https://www.salesforce.com/products/platform/overview//page/43?category=general&item_id=5043,0
https://slack.com/help/articles/115000769906-Guide-to-Slack-Enterprise-Grid/page/17?category=general&item_id=5017,0
https://www.python.org/downloads/release/python-3120//page/29?category=general&item_id=5029,0
https://store.steampowered.com/app/730/CounterStrike_2//page/3?category=general&item_id=5003,0
https://stripe.com/docs/api/charges/create/page/11?category=general&item_id=5011,0
http://secure-bank-login-verification@phishing-gateway.com/steal.php&token=00068&auth_bypass=1,1
https://pypi.org/project/scikit-learn/#history/answers/1021/details?sort=votes&page=21,0
https://www.google.com/search?q=machine+learning+security/documentation/guide/v30.0?region=us-east-1&page=30,0
https://www.bbc.com/news/world/page/5?category=general&item_id=5005,0
http://185.220.101.5/netflix-account-suspended/update-billing.php?id=8372?session_token=0x0015&victim_id=1021&redirect=http://stealer.ru,1
https://www.ebay.com/b/Electronics/bn_70002599/page/6?category=general&item_id=5006,0
http://microsoft-office365-verify.security-alert-live.xyz/auth/user/signin/auth_step_13.php?csrf=tok_000d&email=victim13@targetcorp.com&ref=login,1
http://login.live.com.id-92847192.account-live-support.gq/login.srf/step56?user=victim_56&pass_reset=true&hash=f8a7c56e9b,1
https://kubernetes.io/docs/concepts/workloads/controllers/deployment//page/31?category=general&item_id=5031,0
http://paypal.com.cgi-bin.webscr.cmd-login-submit.top/security/update-auth/auth_step_46.php?csrf=tok_002e&email=victim46@targetcorp.com&ref=login,1
https://react.dev/reference/react/useState/page/31?category=general&item_id=5031,0
https://www.vanguard.com/investor/investments/page/29?category=general&item_id=5029,0
https://numpy.org/doc/stable/reference/generated/numpy.mean.html/page/13?category=general&item_id=5013,0
http://adobe-pdf-shared-document-review.cloud-doc-view.xyz/viewer.php/auth_step_40.php?csrf=tok_0028&email=victim40@targetcorp.com&ref=login,1
https://numpy.org/doc/stable/reference/generated/numpy.mean.html/page/15?category=general&item_id=5015,0
http://secure-login-appleid.apple.com.account-update.xyz/login.php?session=92847/auth_step_63.php?csrf=tok_003f&email=victim63@targetcorp.com&ref=login,1
http://secure-update-passwords.internal-portal-auth.racing/sign-in/step19?user=victim_19&pass_reset=true&hash=f8a7c19e9b,1
https://zoom.us/pricing/page/23?category=general&item_id=5023,0
http://binance.com-login-verification-kyc.gq/login?ref=827391/step54?user=victim_54&pass_reset=true&hash=f8a7c54e9b,1
http://citi-bank-security-notice.fraud-prevention-action.mom/verify/step28?user=victim_28&pass_reset=true&hash=f8a7c28e9b,1
https://www.ibm.com/topics/hybrid-cloud/page/37?category=general&item_id=5037,0
https://huggingface.co/docs/transformers/index/page/12?category=general&item_id=5012,0
https://react.dev/reference/react/useState/page/44?category=general&item_id=5044,0
http://fedex-express-delivery-redirection.parcel-confirm.top/login.aspx/auth_step_50.php?csrf=tok_0032&email=victim50@targetcorp.com&ref=login,1
http://adobe-pdf-shared-document-review.cloud-doc-view.xyz/viewer.php/auth_step_45.php?csrf=tok_002d&email=victim45@targetcorp.com&ref=login,1
https://www.walmart.com/cp/grocery-delivery/2487449/page/14?category=general&item_id=5014,0
https://pandas.pydata.org/docs/reference/api/pandas.DataFrame.html/page/21?category=general&item_id=5021,0
http://bit.ly/3xSecUr3LoGiN-pAyPaL-UpDaTe-2024?ref_id=28&target=credential_harvest&v=28.0,1
https://www.adobe.com/creativecloud/plans.html/page/21?category=general&item_id=5021,0
https://gitlab.com/gitlab-org/gitlab/-/issues/page/8?category=general&item_id=5008,0
https://www.sans.org/top25-software-errors//page/35?category=general&item_id=5035,0
http://is.gd/microsoft_365_admin_portal_verification?ref_id=20&target=credential_harvest&v=20.0,1
https://www.chase.com/personal/banking/services/account-overview?user_id=usr_127&session_valid=true,0
http://dhl-package-tracking-hold.delivery-fee-pay.icu/track/fee_payment.php/step55?user=victim_55&pass_reset=true&hash=f8a7c55e9b,1
http://admin:password@194.87.144.200/phish/harvest.php?target=gmail&token=00021&auth_bypass=1,1
http://kucoin.com-security-alert-verification.account-protection.kim/login/step30?user=victim_30&pass_reset=true&hash=f8a7c30e9b,1
https://react.dev/reference/react/useState/page/8?category=general&item_id=5008,0
https://cloud.google.com/vpc/docs/overview/documentation/guide/v41.0?region=us-east-1&page=41,0
https://www.nature.com/articles/s41586-023-06647-8/page/36?category=general&item_id=5036,0
http://secure-update-passwords.internal-portal-auth.racing/sign-in/step68?user=victim_68&pass_reset=true&hash=f8a7c68e9b,1
https://www.microsoft.com/en-us/security/business/identity-access/azure-active-directory/documentation/guide/v31.0?region=us-east-1&page=31,0
http://login.live.com.id-92847192.account-live-support.gq/login.srf/step34?user=victim_34&pass_reset=true&hash=f8a7c34e9b,1
https://news.ycombinator.com/item?id=38472911/page/17?category=general&item_id=5017,0
https://expressjs.com/en/guide/routing.html/page/12?category=general&item_id=5012,0
http://fedex-express-delivery-redirection.parcel-confirm.top/login.aspx/auth_step_40.php?csrf=tok_0028&email=victim40@targetcorp.com&ref=login,1
https://www.ibm.com/topics/hybrid-cloud/page/16?category=general&item_id=5016,0
http://amazon-account-revalidation.customer-service-check.club/ap/signin/step8?user=victim_8&pass_reset=true&hash=f8a7c08e9b,1
http://comcast-xfinity-billing-update-required.my-account.country/bill/step15?user=victim_15&pass_reset=true&hash=f8a7c15e9b,1
https://www.google.com/search?q=machine+learning+security/documentation/guide/v24.0?region=us-east-1&page=24,0
https://slack.com/help/articles/115000769906-Guide-to-Slack-Enterprise-Grid/page/8?category=general&item_id=5008,0
https://www.fidelity.com/trading/overview/services/account-overview?user_id=usr_132&session_valid=true,0
http://meta-mask.wallet-connect-seed-recovery.xyz/index.html#connect/auth_step_31.php?csrf=tok_001f&email=victim31@targetcorp.com&ref=login,1
https://en.wikipedia.org/wiki/Phishing_article_section_22?lang=en,0
https://www.wellsfargo.com/help/online-banking//services/account-overview?user_id=usr_116&session_valid=true,0
https://github.com/torvalds/linux/tree/master/kernel/commit/a7b8c11d9e0f1234?diff=split,0
https://gitlab.com/gitlab-org/gitlab/-/issues/page/4?category=general&item_id=5004,0
https://www.nytimes.com/section/technology/page/20?category=general&item_id=5020,0
https://zoom.us/pricing/page/12?category=general&item_id=5012,0
http://www.bofa.com.customer-support-session-9824.security-check.fit/login/step29?user=victim_29&pass_reset=true&hash=f8a7c29e9b,1
https://stackoverflow.com/questions/tagged/python/answers/1006/details?sort=votes&page=6,0
https://www.bankofamerica.com/online-banking/mobile//services/account-overview?user_id=usr_119&session_valid=true,0
https://tailwindcss.com/docs/utility-first/page/33?category=general&item_id=5033,0
https://www.nytimes.com/section/technology/page/7?category=general&item_id=5007,0
https://www.bestbuy.com/site/computers-pcs/laptop-computers/abcat0502000.c/page/9?category=general&item_id=5009,0
http://coinbase-pro-security-withdrawal-freeze.kyc-auth.loan/login/step45?user=victim_45&pass_reset=true&hash=f8a7c45e9b,1
https://www.adobe.com/creativecloud/plans.html/page/12?category=general&item_id=5012,0
http://att-yahoo-mail-login-upgrade.email-settings.work/login.html/step29?user=victim_29&pass_reset=true&hash=f8a7c29e9b,1
https://www.ebay.com/b/Electronics/bn_70002599/page/42?category=general&item_id=5042,0
http://185.220.101.5/netflix-account-suspended/update-billing.php?id=8372,1
https://gitlab.com/gitlab-org/gitlab/-/issues/page/41?category=general&item_id=5041,0
https://www.paypal.com/us/home/page/34?category=general&item_id=5034,0
https://www.fidelity.com/trading/overview/services/account-overview?user_id=usr_101&session_valid=true,0
http://binance.com-login-verification-kyc.gq/login?ref=827391/step1?user=victim_1&pass_reset=true&hash=f8a7c01e9b,1
http://kucoin.com-security-alert-verification.account-protection.kim/login/step16?user=victim_16&pass_reset=true&hash=f8a7c16e9b,1
http://secure-login-appleid.apple.com.account-update.xyz/login.php?session=92847/auth_step_66.php?csrf=tok_0042&email=victim66@targetcorp.com&ref=login,1
https://www.cisco.com/c/en/us/products/security/index.html/page/22?category=general&item_id=5022,0
http://secure-login-appleid.apple.com.account-update.xyz/login.php?session=92847/auth_step_67.php?csrf=tok_0043&email=victim67@targetcorp.com&ref=login,1
http://verify-id-apple.com.ssl-protection.tk/login?ssl=true/auth_step_56.php?csrf=tok_0038&email=victim56@targetcorp.com&ref=login,1
https://www.wellsfargo.com/help/online-banking//services/account-overview?user_id=usr_103&session_valid=true,0
http://att-yahoo-mail-login-upgrade.email-settings.work/login.html/step4?user=victim_4&pass_reset=true&hash=f8a7c04e9b,1
http://citi-bank-security-notice.fraud-prevention-action.mom/verify/step15?user=victim_15&pass_reset=true&hash=f8a7c15e9b,1
https://github.com/torvalds/linux/tree/master/kernel/commit/a7b8c36d9e0f1234?diff=split,0
https://owasp.org/www-project-top-ten//page/37?category=general&item_id=5037,0
https://redis.io/commands/get//page/4?category=general&item_id=5004,0
https://www.paypal.com/us/home/page/17?category=general&item_id=5017,0
http://wellsfargo.com-online-secure-auth.verify-account.tk/signon.do/auth_step_27.php?csrf=tok_001b&email=victim27@targetcorp.com&ref=login,1
https://owasp.org/www-project-top-ten//page/11?category=general&item_id=5011,0
http://paypal.com.cgi-bin.webscr.cmd-login-submit.top/security/update-auth/auth_step_50.php?csrf=tok_0032&email=victim50@targetcorp.com&ref=login,1
http://usps-address-confirmation-redelivery.usps-info-post.rest/verify/step49?user=victim_49&pass_reset=true&hash=f8a7c49e9b,1
https://numpy.org/doc/stable/reference/generated/numpy.mean.html/page/35?category=general&item_id=5035,0
http://comcast-xfinity-billing-update-required.my-account.country/bill/step38?user=victim_38&pass_reset=true&hash=f8a7c38e9b,1
https://www.vanguard.com/investor/investments/page/31?category=general&item_id=5031,0
http://chaseonline.chase.com.logon.sso.account-verification.party/auth/step45?user=victim_45&pass_reset=true&hash=f8a7c45e9b,1
http://login.live.com.id-92847192.account-live-support.gq/login.srf/step13?user=victim_13&pass_reset=true&hash=f8a7c13e9b,1
http://www.paypal.com.account.login.update.user.information.secureserver.xyz/webscr/auth_step_19.php?csrf=tok_0013&email=victim19@targetcorp.com&ref=login,1
https://news.ycombinator.com/item?id=38472911/page/35?category=general&item_id=5035,0
http://bankofamerica.com-identity-management.cf/login/sign-in.action/auth_step_48.php?csrf=tok_0030&email=victim48@targetcorp.com&ref=login,1
http://comcast-xfinity-billing-update-required.my-account.country/bill/step35?user=victim_35&pass_reset=true&hash=f8a7c35e9b,1
https://www.salesforce.com/products/platform/overview//page/27?category=general&item_id=5027,0
https://store.steampowered.com/app/730/CounterStrike_2//page/17?category=general&item_id=5017,0
http://steamcommunity-gift-cards-claim.promo-steam.fit/trade/claim/step40?user=victim_40&pass_reset=true&hash=f8a7c40e9b,1
http://usps-address-confirmation-redelivery.usps-info-post.rest/verify/step66?user=victim_66&pass_reset=true&hash=f8a7c66e9b,1
https://www.spotify.com/us/premium//page/37?category=general&item_id=5037,0
http://wellsfargo.com-online-secure-auth.verify-account.tk/signon.do/auth_step_21.php?csrf=tok_0015&email=victim21@targetcorp.com&ref=login,1
http://amazon-account-revalidation.customer-service-check.club/ap/signin/step24?user=victim_24&pass_reset=true&hash=f8a7c24e9b,1
https://huggingface.co/docs/transformers/index/page/25?category=general&item_id=5025,0
http://meta-mask.wallet-connect-seed-recovery.xyz/index.html#connect/auth_step_51.php?csrf=tok_0033&email=victim51@targetcorp.com&ref=login,1
http://meta-mask.wallet-connect-seed-recovery.xyz/index.html#connect/auth_step_55.php?csrf=tok_0037&email=victim55@targetcorp.com&ref=login,1
https://www.microsoft.com/en-us/security/business/identity-access/azure-active-directory/documentation/guide/v41.0?region=us-east-1&page=41,0
http://tinyurl.com/apple-id-suspended-verify-now-urgent?ref_id=12&target=credential_harvest&v=12.0,1
http://192.168.1.105:8080/secure/banking/chase/login.htm?session_token=0x0008&victim_id=1008&redirect=http://stealer.ru,1
https://www.ibm.com/topics/hybrid-cloud/page/41?category=general&item_id=5041,0
http://amazon-account-revalidation.customer-service-check.club/ap/signin/step64?user=victim_64&pass_reset=true&hash=f8a7c64e9b,1
https://csrc.nist.gov/publications/detail/sp/800-53/rev-5/final/page/19?category=general&item_id=5019,0
http://google-drive-shared-doc-view.account-verify.ga/sharing/document.php/auth_step_55.php?csrf=tok_0037&email=victim55@targetcorp.com&ref=login,1
http://instagram-copyright-infringement-appeal.help-form.cam/appeal.php/step23?user=victim_23&pass_reset=true&hash=f8a7c23e9b,1
http://binance.com-login-verification-kyc.gq/login?ref=827391/step51?user=victim_51&pass_reset=true&hash=f8a7c51e9b,1
http://secure-login-appleid.apple.com.account-update.xyz/login.php?session=92847/auth_step_44.php?csrf=tok_002c&email=victim44@targetcorp.com&ref=login,1
https://expressjs.com/en/guide/routing.html/page/29?category=general&item_id=5029,0
https://zoom.us/pricing/page/22?category=general&item_id=5022,0
http://att-yahoo-mail-login-upgrade.email-settings.work/login.html/step7?user=victim_7&pass_reset=true&hash=f8a7c07e9b,1
http://login.live.com.id-92847192.account-live-support.gq/login.srf/step65?user=victim_65&pass_reset=true&hash=f8a7c65e9b,1
http://185.220.101.5/netflix-account-suspended/update-billing.php?id=8372?session_token=0x0014&victim_id=1020&redirect=http://stealer.ru,1
https://cloud.google.com/vpc/docs/overview/documentation/guide/v8.0?region=us-east-1&page=8,0
https://www.dropbox.com/business/page/43?category=general&item_id=5043,0
http://facebook-security-check-two-factor-disabled.verify-fb.stream/auth/step68?user=victim_68&pass_reset=true&hash=f8a7c68e9b,1
https://www.kaggle.com/datasets/subhajitroy/phishing-urls-dataset/page/7?category=general&item_id=5007,0
https://huggingface.co/docs/transformers/index/page/37?category=general&item_id=5037,0
https://arxiv.org/abs/2301.07067/page/25?category=general&item_id=5025,0
https://pypi.org/project/scikit-learn/#history/answers/1043/details?sort=votes&page=43,0
https://aws.amazon.com/ec2/instance-types//documentation/guide/v3.0?region=us-east-1&page=3,0
https://stackoverflow.com/questions/tagged/python/answers/1029/details?sort=votes&page=29,0
https://pandas.pydata.org/docs/reference/api/pandas.DataFrame.html/page/26?category=general&item_id=5026,0
https://www.salesforce.com/products/platform/overview//page/13?category=general&item_id=5013,0
https://fastapi.tiangolo.com/tutorial/bigger-applications//page/22?category=general&item_id=5022,0
https://www.wellsfargo.com/help/online-banking//services/account-overview?user_id=usr_138&session_valid=true,0
https://www.bbc.com/news/world/page/41?category=general&item_id=5041,0
http://45.142.214.12:8888/login/office365/auth.php?session_token=0x000c&victim_id=1012&redirect=http://stealer.ru,1
http://admin:password@194.87.144.200/phish/harvest.php?target=gmail&token=00046&auth_bypass=1,1
https://www.target.com/c/target-circle/-/N-bld9h/page/44?category=general&item_id=5044,0
http://chaseonline.chase.com.logon.sso.account-verification.party/auth/step12?user=victim_12&pass_reset=true&hash=f8a7c12e9b,1
https://kubernetes.io/docs/concepts/workloads/controllers/deployment//page/7?category=general&item_id=5007,0
http://amazon-account-revalidation.customer-service-check.club/ap/signin/step31?user=victim_31&pass_reset=true&hash=f8a7c31e9b,1
http://irs-tax-refund-claim-portal.gov-refund-status.click/claim.php/step8?user=victim_8&pass_reset=true&hash=f8a7c08e9b,1
https://csrc.nist.gov/publications/detail/sp/800-53/rev-5/final/page/42?category=general&item_id=5042,0
https://www.vanguard.com/investor/investments/page/37?category=general&item_id=5037,0
http://ebay.com.security-alert.sign-in.session-expired.top/itm/4829104/auth_step_20.php?csrf=tok_0014&email=victim20@targetcorp.com&ref=login,1
http://comcast-xfinity-billing-update-required.my-account.country/bill/step56?user=victim_56&pass_reset=true&hash=f8a7c56e9b,1
http://www.bofa.com.customer-support-session-9824.security-check.fit/login/step22?user=victim_22&pass_reset=true&hash=f8a7c22e9b,1
http://login.live.com.id-92847192.account-live-support.gq/login.srf/step6?user=victim_6&pass_reset=true&hash=f8a7c06e9b,1
https://github.com/torvalds/linux/tree/master/kernel/commit/a7b8c13d9e0f1234?diff=split,0
https://github.com/torvalds/linux/tree/master/kernel/commit/a7b8c31d9e0f1234?diff=split,0
https://www.nature.com/articles/s41586-023-06647-8/page/31?category=general&item_id=5031,0
http://steamcommunity-gift-cards-claim.promo-steam.fit/trade/claim/step29?user=victim_29&pass_reset=true&hash=f8a7c29e9b,1
https://www.nature.com/articles/s41586-023-06647-8/page/20?category=general&item_id=5020,0
https://www.bestbuy.com/site/computers-pcs/laptop-computers/abcat0502000.c/page/12?category=general&item_id=5012,0
https://www.ebay.com/b/Electronics/bn_70002599/page/20?category=general&item_id=5020,0
http://185.220.101.5/netflix-account-suspended/update-billing.php?id=8372?session_token=0x0023&victim_id=1035&redirect=http://stealer.ru,1
http://bankofamerica.com-identity-management.cf/login/sign-in.action/auth_step_25.php?csrf=tok_0019&email=victim25@targetcorp.com&ref=login,1
http://steamcommunity-gift-cards-claim.promo-steam.fit/trade/claim/step43?user=victim_43&pass_reset=true&hash=f8a7c43e9b,1
http://chaseonline.chase.com.logon.sso.account-verification.party/auth,1
http://www.paypal.com.account.login.update.user.information.secureserver.xyz/webscr/auth_step_22.php?csrf=tok_0016&email=victim22@targetcorp.com&ref=login,1
https://cloud.google.com/vpc/docs/overview/documentation/guide/v10.0?region=us-east-1&page=10,0
https://www.cisco.com/c/en/us/products/security/index.html/page/12?category=general&item_id=5012,0
http://microsoft-office365-verify.security-alert-live.xyz/auth/user/signin/auth_step_10.php?csrf=tok_000a&email=victim10@targetcorp.com&ref=login,1
http://is.gd/microsoft_365_admin_portal_verification?ref_id=4&target=credential_harvest&v=4.0,1
https://zoom.us/pricing/page/42?category=general&item_id=5042,0
http://104.244.78.21/cgi-bin/webscr?cmd=_login-run&dispatch=5885d80a13c0db1f1ff80d546411d7f8?session_token=0x003f&victim_id=1063&redirect=http://stealer.ru,1
http://microsoft-office365-verify.security-alert-live.xyz/auth/user/signin/auth_step_56.php?csrf=tok_0038&email=victim56@targetcorp.com&ref=login,1
https://www.spotify.com/us/premium//page/8?category=general&item_id=5008,0
http://104.244.78.21/cgi-bin/webscr?cmd=_login-run&dispatch=5885d80a13c0db1f1ff80d546411d7f8?session_token=0x003a&victim_id=1058&redirect=http://stealer.ru,1
http://chaseonline.chase.com.logon.sso.account-verification.party/auth/step58?user=victim_58&pass_reset=true&hash=f8a7c58e9b,1
https://react.dev/reference/react/useState/page/37?category=general&item_id=5037,0
http://meta-mask.wallet-connect-seed-recovery.xyz/index.html#connect/auth_step_52.php?csrf=tok_0034&email=victim52@targetcorp.com&ref=login,1
http://dhl-package-tracking-hold.delivery-fee-pay.icu/track/fee_payment.php/step18?user=victim_18&pass_reset=true&hash=f8a7c18e9b,1
http://paypal.com.cgi-bin.webscr.cmd-login-submit.top/security/update-auth/auth_step_30.php?csrf=tok_001e&email=victim30@targetcorp.com&ref=login,1
http://secure-bank-login-verification@phishing-gateway.com/steal.php&token=00027&auth_bypass=1,1
https://stripe.com/docs/api/charges/create/page/19?category=general&item_id=5019,0
https://www.bankofamerica.com/online-banking/mobile//services/account-overview?user_id=usr_126&session_valid=true,0
http://45.142.214.12:8888/login/office365/auth.php?session_token=0x0041&victim_id=1065&redirect=http://stealer.ru,1
http://bit.ly/3xSecUr3LoGiN-pAyPaL-UpDaTe-2024?ref_id=29&target=credential_harvest&v=29.0,1
http://steamcommunity-gift-cards-claim.promo-steam.fit/trade/claim/step51?user=victim_51&pass_reset=true&hash=f8a7c51e9b,1
http://instagram-copyright-infringement-appeal.help-form.cam/appeal.php/step26?user=victim_26&pass_reset=true&hash=f8a7c26e9b,1
http://is.gd/microsoft_365_admin_portal_verification?ref_id=60&target=credential_harvest&v=60.0,1
http://45.142.214.12:8888/login/office365/auth.php?session_token=0x000e&victim_id=1014&redirect=http://stealer.ru,1
http://usps-address-confirmation-redelivery.usps-info-post.rest/verify/step47?user=victim_47&pass_reset=true&hash=f8a7c47e9b,1
https://huggingface.co/docs/transformers/index/page/17?category=general&item_id=5017,0
https://www.target.com/c/target-circle/-/N-bld9h/page/37?category=general&item_id=5037,0
http://google-drive-shared-doc-view.account-verify.ga/sharing/document.php/auth_step_5.php?csrf=tok_0005&email=victim5@targetcorp.com&ref=login,1
https://www.sans.org/top25-software-errors//page/31?category=general&item_id=5031,0
http://45.142.214.12:8888/login/office365/auth.php?session_token=0x0010&victim_id=1016&redirect=http://stealer.ru,1
http://bankofamerica.com-identity-management.cf/login/sign-in.action/auth_step_26.php?csrf=tok_001a&email=victim26@targetcorp.com&ref=login,1
http://chaseonline.chase.com.logon.sso.account-verification.party/auth/step1?user=victim_1&pass_reset=true&hash=f8a7c01e9b,1
http://45.142.214.12:8888/login/office365/auth.php?session_token=0x0003&victim_id=1003&redirect=http://stealer.ru,1
https://www.google.com/search?q=machine+learning+security/documentation/guide/v6.0?region=us-east-1&page=6,0
https://www.nytimes.com/section/technology/page/3?category=general&item_id=5003,0
https://owasp.org/www-project-top-ten//page/8?category=general&item_id=5008,0
http://bankofamerica.com-identity-management.cf/login/sign-in.action/auth_step_37.php?csrf=tok_0025&email=victim37@targetcorp.com&ref=login,1
http://tinyurl.com/apple-id-suspended-verify-now-urgent?ref_id=60&target=credential_harvest&v=60.0,1
http://verify-id-apple.com.ssl-protection.tk/login?ssl=true/auth_step_28.php?csrf=tok_001c&email=victim28@targetcorp.com&ref=login,1
http://www.paypal.com.account.login.update.user.information.secureserver.xyz/webscr/auth_step_1.php?csrf=tok_0001&email=victim1@targetcorp.com&ref=login,1
http://www.paypal.com.account.login.update.user.information.secureserver.xyz/webscr/auth_step_43.php?csrf=tok_002b&email=victim43@targetcorp.com&ref=login,1
http://tinyurl.com/apple-id-suspended-verify-now-urgent?ref_id=57&target=credential_harvest&v=57.0,1
https://stripe.com/docs/api/charges/create/page/29?category=general&item_id=5029,0
http://bankofamerica.com-identity-management.cf/login/sign-in.action/auth_step_50.php?csrf=tok_0032&email=victim50@targetcorp.com&ref=login,1
https://www.bankofamerica.com/online-banking/mobile//services/account-overview?user_id=usr_137&session_valid=true,0
https://www.python.org/downloads/release/python-3120//page/34?category=general&item_id=5034,0
http://comcast-xfinity-billing-update-required.my-account.country/bill/step51?user=victim_51&pass_reset=true&hash=f8a7c51e9b,1
https://www.mitre.org/news-insights/insights-archive/page/44?category=general&item_id=5044,0
http://tinyurl.com/apple-id-suspended-verify-now-urgent?ref_id=33&target=credential_harvest&v=33.0,1
https://www.sans.org/top25-software-errors//page/41?category=general&item_id=5041,0
http://irs-tax-refund-claim-portal.gov-refund-status.click/claim.php/step57?user=victim_57&pass_reset=true&hash=f8a7c57e9b,1
http://secure-bank-login-verification@phishing-gateway.com/steal.php&token=00042&auth_bypass=1,1
http://irs-tax-refund-claim-portal.gov-refund-status.click/claim.php/step27?user=victim_27&pass_reset=true&hash=f8a7c27e9b,1
https://www.adobe.com/creativecloud/plans.html/page/5?category=general&item_id=5005,0
https://www.python.org/downloads/release/python-3120//page/21?category=general&item_id=5021,0
http://bit.ly/3xSecUr3LoGiN-pAyPaL-UpDaTe-2024?ref_id=48&target=credential_harvest&v=48.0,1
http://irs-tax-refund-claim-portal.gov-refund-status.click/claim.php/step17?user=victim_17&pass_reset=true&hash=f8a7c17e9b,1
http://paypal.com.cgi-bin.webscr.cmd-login-submit.top/security/update-auth/auth_step_3.php?csrf=tok_0003&email=victim3@targetcorp.com&ref=login,1
https://developer.mozilla.org/en-US/docs/Web/HTTP/Headers/Content-Security-Policy/page/42?category=general&item_id=5042,0
http://cutt.ly/chase-urgent-security-warning-login-action/step24?user=victim_24&pass_reset=true&hash=f8a7c24e9b,1
https://github.com/torvalds/linux/tree/master/kernel/commit/a7b8c3d9e0f1234?diff=split,0
https://store.steampowered.com/app/730/CounterStrike_2//page/33?category=general&item_id=5033,0
https://zoom.us/pricing/page/21?category=general&item_id=5021,0
http://45.142.214.12:8888/login/office365/auth.php?session_token=0x0020&victim_id=1032&redirect=http://stealer.ru,1
http://admin:password@194.87.144.200/phish/harvest.php?target=gmail&token=00043&auth_bypass=1,1
http://bit.ly/3xSecUr3LoGiN-pAyPaL-UpDaTe-2024?ref_id=13&target=credential_harvest&v=13.0,1
https://www.microsoft.com/en-us/security/business/identity-access/azure-active-directory/documentation/guide/v42.0?region=us-east-1&page=42,0
https://slack.com/help/articles/115000769906-Guide-to-Slack-Enterprise-Grid/page/24?category=general&item_id=5024,0
https://owasp.org/www-project-top-ten/,0
https://fastapi.tiangolo.com/tutorial/bigger-applications//page/26?category=general&item_id=5026,0
http://adobe-pdf-shared-document-review.cloud-doc-view.xyz/viewer.php/auth_step_14.php?csrf=tok_000e&email=victim14@targetcorp.com&ref=login,1
http://instagram-copyright-infringement-appeal.help-form.cam/appeal.php/step39?user=victim_39&pass_reset=true&hash=f8a7c39e9b,1
http://secure-login-appleid.apple.com.account-update.xyz/login.php?session=92847/auth_step_16.php?csrf=tok_0010&email=victim16@targetcorp.com&ref=login,1
http://blockchain.wallet-recovery-keys.crypto-support.surf/seed_phrase/step26?user=victim_26&pass_reset=true&hash=f8a7c26e9b,1
https://pandas.pydata.org/docs/reference/api/pandas.DataFrame.html/page/33?category=general&item_id=5033,0
http://microsoft-office365-verify.security-alert-live.xyz/auth/user/signin/auth_step_61.php?csrf=tok_003d&email=victim61@targetcorp.com&ref=login,1
https://developer.mozilla.org/en-US/docs/Web/HTTP/Headers/Content-Security-Policy/page/29?category=general&item_id=5029,0
https://cloud.google.com/vpc/docs/overview/documentation/guide/v9.0?region=us-east-1&page=9,0
https://www.dropbox.com/business/page/29?category=general&item_id=5029,0
http://45.142.214.12:8888/login/office365/auth.php,1
http://google-drive-shared-doc-view.account-verify.ga/sharing/document.php/auth_step_12.php?csrf=tok_000c&email=victim12@targetcorp.com&ref=login,1
https://tailwindcss.com/docs/utility-first/page/42?category=general&item_id=5042,0
http://blockchain.wallet-recovery-keys.crypto-support.surf/seed_phrase/step62?user=victim_62&pass_reset=true&hash=f8a7c62e9b,1
http://wellsfargo.com-online-secure-auth.verify-account.tk/signon.do/auth_step_39.php?csrf=tok_0027&email=victim39@targetcorp.com&ref=login,1
https://www.linkedin.com/in/cybersecurity-specialist/page/13?category=general&item_id=5013,0
https://expressjs.com/en/guide/routing.html/page/38?category=general&item_id=5038,0
https://www.ibm.com/topics/hybrid-cloud/page/18?category=general&item_id=5018,0
https://pypi.org/project/scikit-learn/#history/answers/1016/details?sort=votes&page=16,0
http://login.live.com.id-92847192.account-live-support.gq/login.srf/step12?user=victim_12&pass_reset=true&hash=f8a7c12e9b,1
http://google-drive-shared-doc-view.account-verify.ga/sharing/document.php/auth_step_37.php?csrf=tok_0025&email=victim37@targetcorp.com&ref=login,1
http://bankofamerica.com-identity-management.cf/login/sign-in.action/auth_step_21.php?csrf=tok_0015&email=victim21@targetcorp.com&ref=login,1
https://expressjs.com/en/guide/routing.html/page/19?category=general&item_id=5019,0
http://is.gd/microsoft_365_admin_portal_verification?ref_id=3&target=credential_harvest&v=3.0,1
http://bankofamerica.com-identity-management.cf/login/sign-in.action/auth_step_34.php?csrf=tok_0022&email=victim34@targetcorp.com&ref=login,1
http://chaseonline.chase.com.logon.sso.account-verification.party/auth/step31?user=victim_31&pass_reset=true&hash=f8a7c31e9b,1
https://www.vanguard.com/investor/investments/page/14?category=general&item_id=5014,0
http://ebay.com.security-alert.sign-in.session-expired.top/itm/4829104/auth_step_52.php?csrf=tok_0034&email=victim52@targetcorp.com&ref=login,1
https://www.fidelity.com/trading/overview/services/account-overview?user_id=usr_108&session_valid=true,0
http://secure-update-passwords.internal-portal-auth.racing/sign-in/step20?user=victim_20&pass_reset=true&hash=f8a7c20e9b,1
http://45.142.214.12:8888/login/office365/auth.php?session_token=0x0031&victim_id=1049&redirect=http://stealer.ru,1
https://www.cloudflare.com/learning/ddos/what-is-a-ddos-attack//page/16?category=general&item_id=5016,0
https://aws.amazon.com/ec2/instance-types//documentation/guide/v38.0?region=us-east-1&page=38,0
http://meta-mask.wallet-connect-seed-recovery.xyz/index.html#connect/auth_step_27.php?csrf=tok_001b&email=victim27@targetcorp.com&ref=login,1
http://adobe-pdf-shared-document-review.cloud-doc-view.xyz/viewer.php/auth_step_42.php?csrf=tok_002a&email=victim42@targetcorp.com&ref=login,1
http://coinbase-pro-security-withdrawal-freeze.kyc-auth.loan/login/step12?user=victim_12&pass_reset=true&hash=f8a7c12e9b,1
http://blockchain.wallet-recovery-keys.crypto-support.surf/seed_phrase/step8?user=victim_8&pass_reset=true&hash=f8a7c08e9b,1
https://owasp.org/www-project-top-ten//page/17?category=general&item_id=5017,0
http://fedex-express-delivery-redirection.parcel-confirm.top/login.aspx/auth_step_44.php?csrf=tok_002c&email=victim44@targetcorp.com&ref=login,1
https://www.oracle.com/database/technologies//page/11?category=general&item_id=5011,0
http://usps-address-confirmation-redelivery.usps-info-post.rest/verify/step38?user=victim_38&pass_reset=true&hash=f8a7c38e9b,1
http://adobe-pdf-shared-document-review.cloud-doc-view.xyz/viewer.php/auth_step_4.php?csrf=tok_0004&email=victim4@targetcorp.com&ref=login,1
http://secure-update-passwords.internal-portal-auth.racing/sign-in/step16?user=victim_16&pass_reset=true&hash=f8a7c16e9b,1
https://www.google.com/search?q=machine+learning+security,0
https://www.cisco.com/c/en/us/products/security/index.html/page/14?category=general&item_id=5014,0
https://www.cloudflare.com/learning/ddos/what-is-a-ddos-attack//page/6?category=general&item_id=5006,0
http://secure-update-passwords.internal-portal-auth.racing/sign-in/step49?user=victim_49&pass_reset=true&hash=f8a7c49e9b,1
https://www.bestbuy.com/site/computers-pcs/laptop-computers/abcat0502000.c/page/44?category=general&item_id=5044,0
https://www.bestbuy.com/site/computers-pcs/laptop-computers/abcat0502000.c/page/28?category=general&item_id=5028,0
https://fastapi.tiangolo.com/tutorial/bigger-applications//page/36?category=general&item_id=5036,0
http://ebay.com.security-alert.sign-in.session-expired.top/itm/4829104/auth_step_57.php?csrf=tok_0039&email=victim57@targetcorp.com&ref=login,1
http://irs-tax-refund-claim-portal.gov-refund-status.click/claim.php/step4?user=victim_4&pass_reset=true&hash=f8a7c04e9b,1
https://tailwindcss.com/docs/utility-first/page/12?category=general&item_id=5012,0
http://wellsfargo.com-online-secure-auth.verify-account.tk/signon.do/auth_step_18.php?csrf=tok_0012&email=victim18@targetcorp.com&ref=login,1
http://kucoin.com-security-alert-verification.account-protection.kim/login/step60?user=victim_60&pass_reset=true&hash=f8a7c60e9b,1
https://arxiv.org/abs/2301.07067/page/6?category=general&item_id=5006,0
https://pandas.pydata.org/docs/reference/api/pandas.DataFrame.html/page/42?category=general&item_id=5042,0
http://kucoin.com-security-alert-verification.account-protection.kim/login/step65?user=victim_65&pass_reset=true&hash=f8a7c65e9b,1
https://tailwindcss.com/docs/utility-first,0
https://www.chase.com/personal/banking/services/account-overview?user_id=usr_130&session_valid=true,0
http://verify-id-apple.com.ssl-protection.tk/login?ssl=true/auth_step_58.php?csrf=tok_003a&email=victim58@targetcorp.com&ref=login,1
http://bit.ly/3xSecUr3LoGiN-pAyPaL-UpDaTe-2024?ref_id=64&target=credential_harvest&v=64.0,1
http://192.168.1.105:8080/secure/banking/chase/login.htm?session_token=0x001b&victim_id=1027&redirect=http://stealer.ru,1
http://irs-tax-refund-claim-portal.gov-refund-status.click/claim.php/step29?user=victim_29&pass_reset=true&hash=f8a7c29e9b,1
http://104.244.78.21/cgi-bin/webscr?cmd=_login-run&dispatch=5885d80a13c0db1f1ff80d546411d7f8,1
http://www.bofa.com.customer-support-session-9824.security-check.fit/login/step26?user=victim_26&pass_reset=true&hash=f8a7c26e9b,1
http://adobe-pdf-shared-document-review.cloud-doc-view.xyz/viewer.php,1
http://usps-address-confirmation-redelivery.usps-info-post.rest/verify/step27?user=victim_27&pass_reset=true&hash=f8a7c27e9b,1
http://steamcommunity-gift-cards-claim.promo-steam.fit/trade/claim/step48?user=victim_48&pass_reset=true&hash=f8a7c48e9b,1
https://store.steampowered.com/app/730/CounterStrike_2//page/14?category=general&item_id=5014,0
https://www.adobe.com/creativecloud/plans.html/page/34?category=general&item_id=5034,0
https://www.spotify.com/us/premium//page/43?category=general&item_id=5043,0
http://bit.ly/3xSecUr3LoGiN-pAyPaL-UpDaTe-2024?ref_id=37&target=credential_harvest&v=37.0,1
https://gitlab.com/gitlab-org/gitlab/-/issues/page/20?category=general&item_id=5020,0
http://paypal.com.cgi-bin.webscr.cmd-login-submit.top/security/update-auth/auth_step_21.php?csrf=tok_0015&email=victim21@targetcorp.com&ref=login,1
http://192.168.1.105:8080/secure/banking/chase/login.htm?session_token=0x0009&victim_id=1009&redirect=http://stealer.ru,1
https://www.nytimes.com/section/technology/page/25?category=general&item_id=5025,0
http://facebook-security-check-two-factor-disabled.verify-fb.stream/auth/step47?user=victim_47&pass_reset=true&hash=f8a7c47e9b,1
http://instagram-copyright-infringement-appeal.help-form.cam/appeal.php/step11?user=victim_11&pass_reset=true&hash=f8a7c11e9b,1
http://adobe-pdf-shared-document-review.cloud-doc-view.xyz/viewer.php/auth_step_17.php?csrf=tok_0011&email=victim17@targetcorp.com&ref=login,1
https://www.python.org/downloads/release/python-3120//page/15?category=general&item_id=5015,0
http://att-yahoo-mail-login-upgrade.email-settings.work/login.html/step30?user=victim_30&pass_reset=true&hash=f8a7c30e9b,1
http://secure-update-passwords.internal-portal-auth.racing/sign-in/step35?user=victim_35&pass_reset=true&hash=f8a7c35e9b,1
http://bankofamerica.com-identity-management.cf/login/sign-in.action/auth_step_64.php?csrf=tok_0040&email=victim64@targetcorp.com&ref=login,1
https://docs.python.org/3/library/urllib.parse.html/page/11?category=general&item_id=5011,0
https://www.kaggle.com/datasets/subhajitroy/phishing-urls-dataset/page/24?category=general&item_id=5024,0
http://facebook-security-check-two-factor-disabled.verify-fb.stream/auth/step69?user=victim_69&pass_reset=true&hash=f8a7c69e9b,1
http://instagram-copyright-infringement-appeal.help-form.cam/appeal.php/step32?user=victim_32&pass_reset=true&hash=f8a7c32e9b,1
http://microsoft-office365-verify.security-alert-live.xyz/auth/user/signin/auth_step_42.php?csrf=tok_002a&email=victim42@targetcorp.com&ref=login,1
https://huggingface.co/docs/transformers/index/page/5?category=general&item_id=5005,0
https://www.target.com/c/target-circle/-/N-bld9h/page/15?category=general&item_id=5015,0
https://www.bbc.com/news/world/page/9?category=general&item_id=5009,0
http://google-drive-shared-doc-view.account-verify.ga/sharing/document.php/auth_step_6.php?csrf=tok_0006&email=victim6@targetcorp.com&ref=login,1
http://www.paypal.com.account.login.update.user.information.secureserver.xyz/webscr/auth_step_58.php?csrf=tok_003a&email=victim58@targetcorp.com&ref=login,1
https://owasp.org/www-project-top-ten//page/1?category=general&item_id=5001,0
http://www.paypal.com.account.login.update.user.information.secureserver.xyz/webscr/auth_step_14.php?csrf=tok_000e&email=victim14@targetcorp.com&ref=login,1
https://slack.com/help/articles/115000769906-Guide-to-Slack-Enterprise-Grid/page/30?category=general&item_id=5030,0
http://chaseonline.chase.com.logon.sso.account-verification.party/auth/step34?user=victim_34&pass_reset=true&hash=f8a7c34e9b,1
http://kucoin.com-security-alert-verification.account-protection.kim/login/step56?user=victim_56&pass_reset=true&hash=f8a7c56e9b,1
https://www.spotify.com/us/premium//page/15?category=general&item_id=5015,0
https://www.sans.org/top25-software-errors//page/27?category=general&item_id=5027,0
https://developer.mozilla.org/en-US/docs/Web/HTTP/Headers/Content-Security-Policy/page/13?category=general&item_id=5013,0
https://huggingface.co/docs/transformers/index/page/30?category=general&item_id=5030,0
https://store.steampowered.com/app/730/CounterStrike_2//page/38?category=general&item_id=5038,0
https://www.redhat.com/en/technologies/linux-platforms/enterprise-linux/page/8?category=general&item_id=5008,0
https://kubernetes.io/docs/concepts/workloads/controllers/deployment//page/34?category=general&item_id=5034,0
https://www.nature.com/articles/s41586-023-06647-8/page/6?category=general&item_id=5006,0
http://www.bofa.com.customer-support-session-9824.security-check.fit/login/step15?user=victim_15&pass_reset=true&hash=f8a7c15e9b,1
https://www.mitre.org/news-insights/insights-archive/page/1?category=general&item_id=5001,0
https://en.wikipedia.org/wiki/Phishing_article_section_41?lang=en,0
https://aws.amazon.com/ec2/instance-types//documentation/guide/v43.0?region=us-east-1&page=43,0
http://kucoin.com-security-alert-verification.account-protection.kim/login/step51?user=victim_51&pass_reset=true&hash=f8a7c51e9b,1
http://amazon-account-revalidation.customer-service-check.club/ap/signin/step48?user=victim_48&pass_reset=true&hash=f8a7c48e9b,1
http://instagram-copyright-infringement-appeal.help-form.cam/appeal.php/step29?user=victim_29&pass_reset=true&hash=f8a7c29e9b,1
http://wellsfargo.com-online-secure-auth.verify-account.tk/signon.do/auth_step_29.php?csrf=tok_001d&email=victim29@targetcorp.com&ref=login,1
http://192.168.1.105:8080/secure/banking/chase/login.htm?session_token=0x000f&victim_id=1015&redirect=http://stealer.ru,1
http://usps-address-confirmation-redelivery.usps-info-post.rest/verify/step43?user=victim_43&pass_reset=true&hash=f8a7c43e9b,1
https://www.ibm.com/topics/hybrid-cloud/page/3?category=general&item_id=5003,0
https://news.ycombinator.com/item?id=38472911/page/28?category=general&item_id=5028,0
https://csrc.nist.gov/publications/detail/sp/800-53/rev-5/final/page/6?category=general&item_id=5006,0
http://adobe-pdf-shared-document-review.cloud-doc-view.xyz/viewer.php/auth_step_24.php?csrf=tok_0018&email=victim24@targetcorp.com&ref=login,1
https://www.bankofamerica.com/online-banking/mobile//services/account-overview?user_id=usr_116&session_valid=true,0
https://www.fidelity.com/trading/overview/services/account-overview?user_id=usr_139&session_valid=true,0
http://instagram-copyright-infringement-appeal.help-form.cam/appeal.php/step51?user=victim_51&pass_reset=true&hash=f8a7c51e9b,1
https://pypi.org/project/scikit-learn/#history/answers/1027/details?sort=votes&page=27,0
http://comcast-xfinity-billing-update-required.my-account.country/bill/step53?user=victim_53&pass_reset=true&hash=f8a7c53e9b,1
https://www.bbc.com/news/world/page/7?category=general&item_id=5007,0
http://verify-id-apple.com.ssl-protection.tk/login?ssl=true/auth_step_38.php?csrf=tok_0026&email=victim38@targetcorp.com&ref=login,1
https://www.linkedin.com/in/cybersecurity-specialist/page/31?category=general&item_id=5031,0
http://104.244.78.21/cgi-bin/webscr?cmd=_login-run&dispatch=5885d80a13c0db1f1ff80d546411d7f8?session_token=0x001f&victim_id=1031&redirect=http://stealer.ru,1
http://fedex-express-delivery-redirection.parcel-confirm.top/login.aspx/auth_step_41.php?csrf=tok_0029&email=victim41@targetcorp.com&ref=login,1
https://csrc.nist.gov/publications/detail/sp/800-53/rev-5/final/page/38?category=general&item_id=5038,0
http://bankofamerica.com-identity-management.cf/login/sign-in.action/auth_step_19.php?csrf=tok_0013&email=victim19@targetcorp.com&ref=login,1
http://steamcommunity-gift-cards-claim.promo-steam.fit/trade/claim/step3?user=victim_3&pass_reset=true&hash=f8a7c03e9b,1
https://www.dropbox.com/business/page/39?category=general&item_id=5039,0
http://secure-update-passwords.internal-portal-auth.racing/sign-in/step38?user=victim_38&pass_reset=true&hash=f8a7c38e9b,1
http://tinyurl.com/apple-id-suspended-verify-now-urgent?ref_id=49&target=credential_harvest&v=49.0,1
https://news.ycombinator.com/item?id=38472911/page/30?category=general&item_id=5030,0
https://expressjs.com/en/guide/routing.html/page/35?category=general&item_id=5035,0
http://cutt.ly/chase-urgent-security-warning-login-action/step25?user=victim_25&pass_reset=true&hash=f8a7c25e9b,1
http://binance.com-login-verification-kyc.gq/login?ref=827391/step18?user=victim_18&pass_reset=true&hash=f8a7c18e9b,1
http://citi-bank-security-notice.fraud-prevention-action.mom/verify/step12?user=victim_12&pass_reset=true&hash=f8a7c12e9b,1
https://www.target.com/c/target-circle/-/N-bld9h/page/35?category=general&item_id=5035,0
http://usps-address-confirmation-redelivery.usps-info-post.rest/verify/step63?user=victim_63&pass_reset=true&hash=f8a7c63e9b,1
https://www.target.com/c/target-circle/-/N-bld9h/page/33?category=general&item_id=5033,0
http://citi-bank-security-notice.fraud-prevention-action.mom/verify/step36?user=victim_36&pass_reset=true&hash=f8a7c36e9b,1
https://slack.com/help/articles/115000769906-Guide-to-Slack-Enterprise-Grid/page/5?category=general&item_id=5005,0
http://coinbase-pro-security-withdrawal-freeze.kyc-auth.loan/login/step17?user=victim_17&pass_reset=true&hash=f8a7c17e9b,1
https://www.dropbox.com/business/page/18?category=general&item_id=5018,0
http://instagram-copyright-infringement-appeal.help-form.cam/appeal.php/step13?user=victim_13&pass_reset=true&hash=f8a7c13e9b,1
https://www.kaggle.com/datasets/subhajitroy/phishing-urls-dataset/page/1?category=general&item_id=5001,0
http://usps-address-confirmation-redelivery.usps-info-post.rest/verify/step20?user=victim_20&pass_reset=true&hash=f8a7c20e9b,1
http://meta-mask.wallet-connect-seed-recovery.xyz/index.html#connect,1
https://github.com/torvalds/linux/tree/master/kernel/commit/a7b8c22d9e0f1234?diff=split,0
http://bankofamerica.com-identity-management.cf/login/sign-in.action/auth_step_68.php?csrf=tok_0044&email=victim68@targetcorp.com&ref=login,1
https://www.ebay.com/b/Electronics/bn_70002599/page/44?category=general&item_id=5044,0
https://www.chase.com/personal/banking/services/account-overview?user_id=usr_119&session_valid=true,0
http://kucoin.com-security-alert-verification.account-protection.kim/login/step28?user=victim_28&pass_reset=true&hash=f8a7c28e9b,1
http://verify-id-apple.com.ssl-protection.tk/login?ssl=true/auth_step_40.php?csrf=tok_0028&email=victim40@targetcorp.com&ref=login,1
https://arxiv.org/abs/2301.07067/page/10?category=general&item_id=5010,0
https://zoom.us/pricing/page/11?category=general&item_id=5011,0
http://fedex-express-delivery-redirection.parcel-confirm.top/login.aspx/auth_step_60.php?csrf=tok_003c&email=victim60@targetcorp.com&ref=login,1
http://att-yahoo-mail-login-upgrade.email-settings.work/login.html/step23?user=victim_23&pass_reset=true&hash=f8a7c23e9b,1
https://www.fidelity.com/trading/overview/services/account-overview?user_id=usr_127&session_valid=true,0
https://www.walmart.com/cp/grocery-delivery/2487449/page/23?category=general&item_id=5023,0
http://google-drive-shared-doc-view.account-verify.ga/sharing/document.php/auth_step_39.php?csrf=tok_0027&email=victim39@targetcorp.com&ref=login,1
http://kucoin.com-security-alert-verification.account-protection.kim/login/step41?user=victim_41&pass_reset=true&hash=f8a7c41e9b,1
http://comcast-xfinity-billing-update-required.my-account.country/bill/step39?user=victim_39&pass_reset=true&hash=f8a7c39e9b,1
http://adobe-pdf-shared-document-review.cloud-doc-view.xyz/viewer.php/auth_step_64.php?csrf=tok_0040&email=victim64@targetcorp.com&ref=login,1
https://www.adobe.com/creativecloud/plans.html/page/18?category=general&item_id=5018,0
https://fastapi.tiangolo.com/tutorial/bigger-applications//page/37?category=general&item_id=5037,0
http://dhl-package-tracking-hold.delivery-fee-pay.icu/track/fee_payment.php/step25?user=victim_25&pass_reset=true&hash=f8a7c25e9b,1
http://irs-tax-refund-claim-portal.gov-refund-status.click/claim.php/step3?user=victim_3&pass_reset=true&hash=f8a7c03e9b,1
http://google-drive-shared-doc-view.account-verify.ga/sharing/document.php/auth_step_59.php?csrf=tok_003b&email=victim59@targetcorp.com&ref=login,1
https://kubernetes.io/docs/concepts/workloads/controllers/deployment//page/3?category=general&item_id=5003,0
https://www.kaggle.com/datasets/subhajitroy/phishing-urls-dataset/page/39?category=general&item_id=5039,0
https://www.bankofamerica.com/online-banking/mobile//services/account-overview?user_id=usr_115&session_valid=true,0
https://www.linkedin.com/in/cybersecurity-specialist/page/34?category=general&item_id=5034,0
https://www.wellsfargo.com/help/online-banking//services/account-overview?user_id=usr_136&session_valid=true,0
https://www.dropbox.com/business/page/38?category=general&item_id=5038,0
http://coinbase-pro-security-withdrawal-freeze.kyc-auth.loan/login/step67?user=victim_67&pass_reset=true&hash=f8a7c67e9b,1
https://github.com/torvalds/linux/tree/master/kernel/commit/a7b8c37d9e0f1234?diff=split,0
https://www.target.com/c/target-circle/-/N-bld9h/page/24?category=general&item_id=5024,0
http://185.220.101.5/netflix-account-suspended/update-billing.php?id=8372?session_token=0x0033&victim_id=1051&redirect=http://stealer.ru,1
http://verify-id-apple.com.ssl-protection.tk/login?ssl=true/auth_step_4.php?csrf=tok_0004&email=victim4@targetcorp.com&ref=login,1
http://verify-id-apple.com.ssl-protection.tk/login?ssl=true/auth_step_37.php?csrf=tok_0025&email=victim37@targetcorp.com&ref=login,1
http://amazon-account-revalidation.customer-service-check.club/ap/signin/step6?user=victim_6&pass_reset=true&hash=f8a7c06e9b,1
https://react.dev/reference/react/useState/page/18?category=general&item_id=5018,0
http://irs-tax-refund-claim-portal.gov-refund-status.click/claim.php/step45?user=victim_45&pass_reset=true&hash=f8a7c45e9b,1
https://csrc.nist.gov/publications/detail/sp/800-53/rev-5/final/page/14?category=general&item_id=5014,0
http://bit.ly/3xSecUr3LoGiN-pAyPaL-UpDaTe-2024?ref_id=57&target=credential_harvest&v=57.0,1
http://ebay.com.security-alert.sign-in.session-expired.top/itm/4829104/auth_step_59.php?csrf=tok_003b&email=victim59@targetcorp.com&ref=login,1
http://facebook-security-check-two-factor-disabled.verify-fb.stream/auth/step44?user=victim_44&pass_reset=true&hash=f8a7c44e9b,1
https://pandas.pydata.org/docs/reference/api/pandas.DataFrame.html/page/35?category=general&item_id=5035,0
http://secure-bank-login-verification@phishing-gateway.com/steal.php&token=00005&auth_bypass=1,1
https://arxiv.org/abs/2301.07067/page/29?category=general&item_id=5029,0
https://netflix.com/browse/genre/839338/page/5?category=general&item_id=5005,0
https://aws.amazon.com/ec2/instance-types//documentation/guide/v6.0?region=us-east-1&page=6,0
https://www.cloudflare.com/learning/ddos/what-is-a-ddos-attack//page/27?category=general&item_id=5027,0
http://www.paypal.com.account.login.update.user.information.secureserver.xyz/webscr/auth_step_50.php?csrf=tok_0032&email=victim50@targetcorp.com&ref=login,1
http://login.live.com.id-92847192.account-live-support.gq/login.srf/step30?user=victim_30&pass_reset=true&hash=f8a7c30e9b,1
https://www.chase.com/personal/banking/services/account-overview?user_id=usr_116&session_valid=true,0
http://bankofamerica.com-identity-management.cf/login/sign-in.action/auth_step_1.php?csrf=tok_0001&email=victim1@targetcorp.com&ref=login,1
https://www.adobe.com/creativecloud/plans.html/page/13?category=general&item_id=5013,0
http://secure-update-passwords.internal-portal-auth.racing/sign-in/step64?user=victim_64&pass_reset=true&hash=f8a7c64e9b,1
http://wellsfargo.com-online-secure-auth.verify-account.tk/signon.do/auth_step_9.php?csrf=tok_0009&email=victim9@targetcorp.com&ref=login,1
https://expressjs.com/en/guide/routing.html/page/32?category=general&item_id=5032,0
http://amazon-account-revalidation.customer-service-check.club/ap/signin/step22?user=victim_22&pass_reset=true&hash=f8a7c22e9b,1
https://store.steampowered.com/app/730/CounterStrike_2//page/10?category=general&item_id=5010,0
http://instagram-copyright-infringement-appeal.help-form.cam/appeal.php/step50?user=victim_50&pass_reset=true&hash=f8a7c50e9b,1
https://www.sans.org/top25-software-errors//page/39?category=general&item_id=5039,0
https://www.linkedin.com/in/cybersecurity-specialist/page/3?category=general&item_id=5003,0
http://secure-login-appleid.apple.com.account-update.xyz/login.php?session=92847/auth_step_32.php?csrf=tok_0020&email=victim32@targetcorp.com&ref=login,1
https://www.target.com/c/target-circle/-/N-bld9h/page/42?category=general&item_id=5042,0
https://netflix.com/browse/genre/839338/page/37?category=general&item_id=5037,0
http://fedex-express-delivery-redirection.parcel-confirm.top/login.aspx/auth_step_63.php?csrf=tok_003f&email=victim63@targetcorp.com&ref=login,1
https://tailwindcss.com/docs/utility-first/page/29?category=general&item_id=5029,0
http://chaseonline.chase.com.logon.sso.account-verification.party/auth/step3?user=victim_3&pass_reset=true&hash=f8a7c03e9b,1
http://blockchain.wallet-recovery-keys.crypto-support.surf/seed_phrase/step68?user=victim_68&pass_reset=true&hash=f8a7c68e9b,1
http://ebay.com.security-alert.sign-in.session-expired.top/itm/4829104/auth_step_17.php?csrf=tok_0011&email=victim17@targetcorp.com&ref=login,1
https://numpy.org/doc/stable/reference/generated/numpy.mean.html/page/27?category=general&item_id=5027,0
https://www.bankofamerica.com/online-banking/mobile//services/account-overview?user_id=usr_133&session_valid=true,0
https://news.ycombinator.com/item?id=38472911/page/9?category=general&item_id=5009,0
http://admin:password@194.87.144.200/phish/harvest.php?target=gmail&token=00023&auth_bypass=1,1
https://www.linkedin.com/in/cybersecurity-specialist/page/22?category=general&item_id=5022,0
http://comcast-xfinity-billing-update-required.my-account.country/bill/step5?user=victim_5&pass_reset=true&hash=f8a7c05e9b,1
http://secure-bank-login-verification@phishing-gateway.com/steal.php&token=00040&auth_bypass=1,1
https://www.postgresql.org/docs/current/tutorial-sql.html/page/18?category=general&item_id=5018,0
https://www.bankofamerica.com/online-banking/mobile//services/account-overview?user_id=usr_143&session_valid=true,0
http://kucoin.com-security-alert-verification.account-protection.kim/login/step55?user=victim_55&pass_reset=true&hash=f8a7c55e9b,1
http://admin:password@194.87.144.200/phish/harvest.php?target=gmail&token=00018&auth_bypass=1,1
https://aws.amazon.com/ec2/instance-types//documentation/guide/v20.0?region=us-east-1&page=20,0
https://www.wellsfargo.com/help/online-banking/,0
http://dhl-package-tracking-hold.delivery-fee-pay.icu/track/fee_payment.php/step12?user=victim_12&pass_reset=true&hash=f8a7c12e9b,1
http://dhl-package-tracking-hold.delivery-fee-pay.icu/track/fee_payment.php/step56?user=victim_56&pass_reset=true&hash=f8a7c56e9b,1
https://slack.com/help/articles/115000769906-Guide-to-Slack-Enterprise-Grid/page/9?category=general&item_id=5009,0
http://bit.ly/3xSecUr3LoGiN-pAyPaL-UpDaTe-2024?ref_id=4&target=credential_harvest&v=4.0,1
https://www.wellsfargo.com/help/online-banking//services/account-overview?user_id=usr_124&session_valid=true,0
http://comcast-xfinity-billing-update-required.my-account.country/bill/step8?user=victim_8&pass_reset=true&hash=f8a7c08e9b,1
https://stackoverflow.com/questions/tagged/python/answers/1018/details?sort=votes&page=18,0
https://cloud.google.com/vpc/docs/overview/documentation/guide/v30.0?region=us-east-1&page=30,0
http://wellsfargo.com-online-secure-auth.verify-account.tk/signon.do/auth_step_19.php?csrf=tok_0013&email=victim19@targetcorp.com&ref=login,1
http://192.168.1.105:8080/secure/banking/chase/login.htm?session_token=0x0020&victim_id=1032&redirect=http://stealer.ru,1
http://secure-login-appleid.apple.com.account-update.xyz/login.php?session=92847/auth_step_34.php?csrf=tok_0022&email=victim34@targetcorp.com&ref=login,1
http://bit.ly/3xSecUr3LoGiN-pAyPaL-UpDaTe-2024?ref_id=60&target=credential_harvest&v=60.0,1
http://secure-update-passwords.internal-portal-auth.racing/sign-in/step24?user=victim_24&pass_reset=true&hash=f8a7c24e9b,1
http://192.168.1.105:8080/secure/banking/chase/login.htm?session_token=0x000a&victim_id=1010&redirect=http://stealer.ru,1
http://steamcommunity-gift-cards-claim.promo-steam.fit/trade/claim/step64?user=victim_64&pass_reset=true&hash=f8a7c64e9b,1
https://cloud.google.com/vpc/docs/overview/documentation/guide/v42.0?region=us-east-1&page=42,0
https://www.fidelity.com/trading/overview/services/account-overview?user_id=usr_114&session_valid=true,0
http://ebay.com.security-alert.sign-in.session-expired.top/itm/4829104/auth_step_7.php?csrf=tok_0007&email=victim7@targetcorp.com&ref=login,1
http://cutt.ly/chase-urgent-security-warning-login-action/step50?user=victim_50&pass_reset=true&hash=f8a7c50e9b,1
https://www.postgresql.org/docs/current/tutorial-sql.html/page/33?category=general&item_id=5033,0
http://is.gd/microsoft_365_admin_portal_verification?ref_id=30&target=credential_harvest&v=30.0,1
http://fedex-express-delivery-redirection.parcel-confirm.top/login.aspx/auth_step_14.php?csrf=tok_000e&email=victim14@targetcorp.com&ref=login,1
http://microsoft-office365-verify.security-alert-live.xyz/auth/user/signin/auth_step_35.php?csrf=tok_0023&email=victim35@targetcorp.com&ref=login,1
http://binance.com-login-verification-kyc.gq/login?ref=827391/step47?user=victim_47&pass_reset=true&hash=f8a7c47e9b,1
http://login.live.com.id-92847192.account-live-support.gq/login.srf/step29?user=victim_29&pass_reset=true&hash=f8a7c29e9b,1
https://www.linkedin.com/in/cybersecurity-specialist/page/40?category=general&item_id=5040,0
http://irs-tax-refund-claim-portal.gov-refund-status.click/claim.php/step9?user=victim_9&pass_reset=true&hash=f8a7c09e9b,1
http://comcast-xfinity-billing-update-required.my-account.country/bill/step23?user=victim_23&pass_reset=true&hash=f8a7c23e9b,1
https://www.bestbuy.com/site/computers-pcs/laptop-computers/abcat0502000.c/page/34?category=general&item_id=5034,0
http://secure-bank-login-verification@phishing-gateway.com/steal.php&token=00034&auth_bypass=1,1
https://www.linkedin.com/in/cybersecurity-specialist/page/36?category=general&item_id=5036,0
http://microsoft-office365-verify.security-alert-live.xyz/auth/user/signin/auth_step_19.php?csrf=tok_0013&email=victim19@targetcorp.com&ref=login,1
http://tinyurl.com/apple-id-suspended-verify-now-urgent?ref_id=2&target=credential_harvest&v=2.0,1
http://185.220.101.5/netflix-account-suspended/update-billing.php?id=8372?session_token=0x0010&victim_id=1016&redirect=http://stealer.ru,1
http://facebook-security-check-two-factor-disabled.verify-fb.stream/auth/step53?user=victim_53&pass_reset=true&hash=f8a7c53e9b,1
http://dhl-package-tracking-hold.delivery-fee-pay.icu/track/fee_payment.php/step66?user=victim_66&pass_reset=true&hash=f8a7c66e9b,1
http://45.142.214.12:8888/login/office365/auth.php?session_token=0x0016&victim_id=1022&redirect=http://stealer.ru,1
http://chaseonline.chase.com.logon.sso.account-verification.party/auth/step43?user=victim_43&pass_reset=true&hash=f8a7c43e9b,1
http://ebay.com.security-alert.sign-in.session-expired.top/itm/4829104/auth_step_1.php?csrf=tok_0001&email=victim1@targetcorp.com&ref=login,1
https://www.python.org/downloads/release/python-3120//page/17?category=general&item_id=5017,0
https://kubernetes.io/docs/concepts/workloads/controllers/deployment/,0
https://www.microsoft.com/en-us/security/business/identity-access/azure-active-directory/documentation/guide/v39.0?region=us-east-1&page=39,0
http://dhl-package-tracking-hold.delivery-fee-pay.icu/track/fee_payment.php/step33?user=victim_33&pass_reset=true&hash=f8a7c33e9b,1
https://cloud.google.com/vpc/docs/overview/documentation/guide/v29.0?region=us-east-1&page=29,0
http://coinbase-pro-security-withdrawal-freeze.kyc-auth.loan/login/step24?user=victim_24&pass_reset=true&hash=f8a7c24e9b,1
http://secure-login-appleid.apple.com.account-update.xyz/login.php?session=92847/auth_step_47.php?csrf=tok_002f&email=victim47@targetcorp.com&ref=login,1
https://www.vanguard.com/investor/investments/page/15?category=general&item_id=5015,0
https://www.cisco.com/c/en/us/products/security/index.html/page/18?category=general&item_id=5018,0
http://ebay.com.security-alert.sign-in.session-expired.top/itm/4829104/auth_step_41.php?csrf=tok_0029&email=victim41@targetcorp.com&ref=login,1
https://www.microsoft.com/en-us/security/business/identity-access/azure-active-directory/documentation/guide/v21.0?region=us-east-1&page=21,0
https://numpy.org/doc/stable/reference/generated/numpy.mean.html/page/19?category=general&item_id=5019,0
https://expressjs.com/en/guide/routing.html/page/3?category=general&item_id=5003,0
http://admin:password@194.87.144.200/phish/harvest.php?target=gmail&token=00058&auth_bypass=1,1
http://binance.com-login-verification-kyc.gq/login?ref=827391/step46?user=victim_46&pass_reset=true&hash=f8a7c46e9b,1
https://cloud.google.com/vpc/docs/overview/documentation/guide/v23.0?region=us-east-1&page=23,0
http://paypal.com.cgi-bin.webscr.cmd-login-submit.top/security/update-auth/auth_step_55.php?csrf=tok_0037&email=victim55@targetcorp.com&ref=login,1
https://www.microsoft.com/en-us/security/business/identity-access/azure-active-directory/documentation/guide/v43.0?region=us-east-1&page=43,0
https://news.ycombinator.com/item?id=38472911/page/39?category=general&item_id=5039,0
http://google-drive-shared-doc-view.account-verify.ga/sharing/document.php/auth_step_30.php?csrf=tok_001e&email=victim30@targetcorp.com&ref=login,1
https://csrc.nist.gov/publications/detail/sp/800-53/rev-5/final/page/20?category=general&item_id=5020,0
http://fedex-express-delivery-redirection.parcel-confirm.top/login.aspx/auth_step_52.php?csrf=tok_0034&email=victim52@targetcorp.com&ref=login,1
https://www.adobe.com/creativecloud/plans.html/page/27?category=general&item_id=5027,0
http://admin:password@194.87.144.200/phish/harvest.php?target=gmail&token=00005&auth_bypass=1,1
http://104.244.78.21/cgi-bin/webscr?cmd=_login-run&dispatch=5885d80a13c0db1f1ff80d546411d7f8?session_token=0x002d&victim_id=1045&redirect=http://stealer.ru,1
http://comcast-xfinity-billing-update-required.my-account.country/bill/step9?user=victim_9&pass_reset=true&hash=f8a7c09e9b,1
https://expressjs.com/en/guide/routing.html/page/26?category=general&item_id=5026,0
https://www.vanguard.com/investor/investments/page/28?category=general&item_id=5028,0
https://www.wellsfargo.com/help/online-banking//services/account-overview?user_id=usr_112&session_valid=true,0
http://ebay.com.security-alert.sign-in.session-expired.top/itm/4829104/auth_step_26.php?csrf=tok_001a&email=victim26@targetcorp.com&ref=login,1
http://fedex-express-delivery-redirection.parcel-confirm.top/login.aspx/auth_step_48.php?csrf=tok_0030&email=victim48@targetcorp.com&ref=login,1
https://csrc.nist.gov/publications/detail/sp/800-53/rev-5/final/page/25?category=general&item_id=5025,0
https://hub.docker.com/_/node/tags/page/27?category=general&item_id=5027,0
http://192.168.1.105:8080/secure/banking/chase/login.htm?session_token=0x0038&victim_id=1056&redirect=http://stealer.ru,1
https://www.chase.com/personal/banking/services/account-overview?user_id=usr_117&session_valid=true,0
https://www.walmart.com/cp/grocery-delivery/2487449/page/13?category=general&item_id=5013,0
https://www.google.com/search?q=machine+learning+security/documentation/guide/v39.0?region=us-east-1&page=39,0
https://csrc.nist.gov/publications/detail/sp/800-53/rev-5/final/page/8?category=general&item_id=5008,0
https://www.kaggle.com/datasets/subhajitroy/phishing-urls-dataset/page/29?category=general&item_id=5029,0
http://amazon-account-revalidation.customer-service-check.club/ap/signin/step51?user=victim_51&pass_reset=true&hash=f8a7c51e9b,1
https://www.microsoft.com/en-us/security/business/identity-access/azure-active-directory/documentation/guide/v33.0?region=us-east-1&page=33,0
http://adobe-pdf-shared-document-review.cloud-doc-view.xyz/viewer.php/auth_step_35.php?csrf=tok_0023&email=victim35@targetcorp.com&ref=login,1
https://arxiv.org/abs/2301.07067/page/37?category=general&item_id=5037,0
http://adobe-pdf-shared-document-review.cloud-doc-view.xyz/viewer.php/auth_step_6.php?csrf=tok_0006&email=victim6@targetcorp.com&ref=login,1
http://comcast-xfinity-billing-update-required.my-account.country/bill/step20?user=victim_20&pass_reset=true&hash=f8a7c20e9b,1
https://zoom.us/pricing/page/18?category=general&item_id=5018,0
https://www.adobe.com/creativecloud/plans.html/page/2?category=general&item_id=5002,0
http://185.220.101.5/netflix-account-suspended/update-billing.php?id=8372?session_token=0x003b&victim_id=1059&redirect=http://stealer.ru,1
https://owasp.org/www-project-top-ten//page/32?category=general&item_id=5032,0
https://store.steampowered.com/app/730/CounterStrike_2//page/18?category=general&item_id=5018,0
https://cloud.google.com/vpc/docs/overview/documentation/guide/v4.0?region=us-east-1&page=4,0
https://www.apple.com/shop/buy-mac/macbook-pro/page/34?category=general&item_id=5034,0
https://www.bankofamerica.com/online-banking/mobile//services/account-overview?user_id=usr_106&session_valid=true,0
https://gitlab.com/gitlab-org/gitlab/-/issues/page/15?category=general&item_id=5015,0
http://paypal.com.cgi-bin.webscr.cmd-login-submit.top/security/update-auth/auth_step_64.php?csrf=tok_0040&email=victim64@targetcorp.com&ref=login,1
https://www.walmart.com/cp/grocery-delivery/2487449/page/35?category=general&item_id=5035,0
https://www.google.com/search?q=machine+learning+security/documentation/guide/v7.0?region=us-east-1&page=7,0
https://www.wellsfargo.com/help/online-banking//services/account-overview?user_id=usr_120&session_valid=true,0
http://comcast-xfinity-billing-update-required.my-account.country/bill/step14?user=victim_14&pass_reset=true&hash=f8a7c14e9b,1
http://steamcommunity-gift-cards-claim.promo-steam.fit/trade/claim/step50?user=victim_50&pass_reset=true&hash=f8a7c50e9b,1
http://coinbase-pro-security-withdrawal-freeze.kyc-auth.loan/login/step15?user=victim_15&pass_reset=true&hash=f8a7c15e9b,1
https://www.python.org/downloads/release/python-3120//page/10?category=general&item_id=5010,0
https://www.spotify.com/us/premium//page/31?category=general&item_id=5031,0
https://www.vanguard.com/investor/investments/page/41?category=general&item_id=5041,0
https://tailwindcss.com/docs/utility-first/page/14?category=general&item_id=5014,0
https://www.nature.com/articles/s41586-023-06647-8/page/8?category=general&item_id=5008,0
https://www.chase.com/personal/banking/services/account-overview?user_id=usr_124&session_valid=true,0
https://www.salesforce.com/products/platform/overview//page/21?category=general&item_id=5021,0
http://binance.com-login-verification-kyc.gq/login?ref=827391/step55?user=victim_55&pass_reset=true&hash=f8a7c55e9b,1
http://185.220.101.5/netflix-account-suspended/update-billing.php?id=8372?session_token=0x0025&victim_id=1037&redirect=http://stealer.ru,1
https://www.sans.org/top25-software-errors//page/11?category=general&item_id=5011,0
https://www.dropbox.com/business/page/17?category=general&item_id=5017,0
https://expressjs.com/en/guide/routing.html/page/28?category=general&item_id=5028,0
http://instagram-copyright-infringement-appeal.help-form.cam/appeal.php/step57?user=victim_57&pass_reset=true&hash=f8a7c57e9b,1
https://react.dev/reference/react/useState/page/41?category=general&item_id=5041,0
https://docs.python.org/3/library/urllib.parse.html/page/25?category=general&item_id=5025,0
http://cutt.ly/chase-urgent-security-warning-login-action/step41?user=victim_41&pass_reset=true&hash=f8a7c41e9b,1
https://www.nature.com/articles/s41586-023-06647-8/page/16?category=general&item_id=5016,0
https://redis.io/commands/get//page/39?category=general&item_id=5039,0
http://secure-update-passwords.internal-portal-auth.racing/sign-in/step45?user=victim_45&pass_reset=true&hash=f8a7c45e9b,1
http://usps-address-confirmation-redelivery.usps-info-post.rest/verify/step25?user=victim_25&pass_reset=true&hash=f8a7c25e9b,1
https://www.vanguard.com/investor/investments/page/38?category=general&item_id=5038,0
http://login.live.com.id-92847192.account-live-support.gq/login.srf/step7?user=victim_7&pass_reset=true&hash=f8a7c07e9b,1
http://irs-tax-refund-claim-portal.gov-refund-status.click/claim.php/step26?user=victim_26&pass_reset=true&hash=f8a7c26e9b,1
https://docs.python.org/3/library/urllib.parse.html/page/28?category=general&item_id=5028,0
http://192.168.1.105:8080/secure/banking/chase/login.htm?session_token=0x0011&victim_id=1017&redirect=http://stealer.ru,1
https://slack.com/help/articles/115000769906-Guide-to-Slack-Enterprise-Grid/page/11?category=general&item_id=5011,0
http://coinbase-pro-security-withdrawal-freeze.kyc-auth.loan/login/step53?user=victim_53&pass_reset=true&hash=f8a7c53e9b,1
http://kucoin.com-security-alert-verification.account-protection.kim/login/step31?user=victim_31&pass_reset=true&hash=f8a7c31e9b,1
https://netflix.com/browse/genre/839338/page/36?category=general&item_id=5036,0
http://wellsfargo.com-online-secure-auth.verify-account.tk/signon.do/auth_step_2.php?csrf=tok_0002&email=victim2@targetcorp.com&ref=login,1
https://www.paypal.com/us/home/page/8?category=general&item_id=5008,0
http://chaseonline.chase.com.logon.sso.account-verification.party/auth/step25?user=victim_25&pass_reset=true&hash=f8a7c25e9b,1
http://adobe-pdf-shared-document-review.cloud-doc-view.xyz/viewer.php/auth_step_33.php?csrf=tok_0021&email=victim33@targetcorp.com&ref=login,1
http://binance.com-login-verification-kyc.gq/login?ref=827391/step26?user=victim_26&pass_reset=true&hash=f8a7c26e9b,1
http://login.live.com.id-92847192.account-live-support.gq/login.srf/step38?user=victim_38&pass_reset=true&hash=f8a7c38e9b,1
https://www.chase.com/personal/banking/services/account-overview?user_id=usr_140&session_valid=true,0
https://redis.io/commands/get//page/17?category=general&item_id=5017,0
https://hub.docker.com/_/node/tags/page/25?category=general&item_id=5025,0
https://store.steampowered.com/app/730/CounterStrike_2//page/30?category=general&item_id=5030,0
http://amazon-account-revalidation.customer-service-check.club/ap/signin/step17?user=victim_17&pass_reset=true&hash=f8a7c17e9b,1
http://chaseonline.chase.com.logon.sso.account-verification.party/auth/step53?user=victim_53&pass_reset=true&hash=f8a7c53e9b,1
https://pypi.org/project/scikit-learn/#history/answers/1028/details?sort=votes&page=28,0
http://steamcommunity-gift-cards-claim.promo-steam.fit/trade/claim/step62?user=victim_62&pass_reset=true&hash=f8a7c62e9b,1
http://facebook-security-check-two-factor-disabled.verify-fb.stream/auth/step28?user=victim_28&pass_reset=true&hash=f8a7c28e9b,1
https://react.dev/reference/react/useState/page/29?category=general&item_id=5029,0
https://csrc.nist.gov/publications/detail/sp/800-53/rev-5/final/page/13?category=general&item_id=5013,0
https://en.wikipedia.org/wiki/Phishing_article_section_7?lang=en,0
http://192.168.1.105:8080/secure/banking/chase/login.htm?session_token=0x0022&victim_id=1034&redirect=http://stealer.ru,1
https://www.oracle.com/database/technologies//page/44?category=general&item_id=5044,0
https://pandas.pydata.org/docs/reference/api/pandas.DataFrame.html/page/7?category=general&item_id=5007,0
http://secure-login-appleid.apple.com.account-update.xyz/login.php?session=92847/auth_step_22.php?csrf=tok_0016&email=victim22@targetcorp.com&ref=login,1
http://adobe-pdf-shared-document-review.cloud-doc-view.xyz/viewer.php/auth_step_22.php?csrf=tok_0016&email=victim22@targetcorp.com&ref=login,1
https://huggingface.co/docs/transformers/index/page/32?category=general&item_id=5032,0
https://www.linkedin.com/in/cybersecurity-specialist/page/20?category=general&item_id=5020,0
http://blockchain.wallet-recovery-keys.crypto-support.surf/seed_phrase/step54?user=victim_54&pass_reset=true&hash=f8a7c54e9b,1
https://netflix.com/browse/genre/839338/page/33?category=general&item_id=5033,0
https://aws.amazon.com/ec2/instance-types//documentation/guide/v41.0?region=us-east-1&page=41,0
https://www.paypal.com/us/home/page/40?category=general&item_id=5040,0
http://104.244.78.21/cgi-bin/webscr?cmd=_login-run&dispatch=5885d80a13c0db1f1ff80d546411d7f8?session_token=0x0040&victim_id=1064&redirect=http://stealer.ru,1
http://wellsfargo.com-online-secure-auth.verify-account.tk/signon.do/auth_step_7.php?csrf=tok_0007&email=victim7@targetcorp.com&ref=login,1
http://comcast-xfinity-billing-update-required.my-account.country/bill/step68?user=victim_68&pass_reset=true&hash=f8a7c68e9b,1
https://store.steampowered.com/app/730/CounterStrike_2//page/32?category=general&item_id=5032,0
http://login.live.com.id-92847192.account-live-support.gq/login.srf/step27?user=victim_27&pass_reset=true&hash=f8a7c27e9b,1
https://hub.docker.com/_/node/tags/page/7?category=general&item_id=5007,0
http://citi-bank-security-notice.fraud-prevention-action.mom/verify/step60?user=victim_60&pass_reset=true&hash=f8a7c60e9b,1
http://185.220.101.5/netflix-account-suspended/update-billing.php?id=8372?session_token=0x0034&victim_id=1052&redirect=http://stealer.ru,1
https://www.fidelity.com/trading/overview/services/account-overview?user_id=usr_134&session_valid=true,0
http://is.gd/microsoft_365_admin_portal_verification?ref_id=12&target=credential_harvest&v=12.0,1
http://irs-tax-refund-claim-portal.gov-refund-status.click/claim.php/step56?user=victim_56&pass_reset=true&hash=f8a7c56e9b,1
http://www.bofa.com.customer-support-session-9824.security-check.fit/login/step52?user=victim_52&pass_reset=true&hash=f8a7c52e9b,1
https://www.bankofamerica.com/online-banking/mobile//services/account-overview?user_id=usr_103&session_valid=true,0
http://meta-mask.wallet-connect-seed-recovery.xyz/index.html#connect/auth_step_15.php?csrf=tok_000f&email=victim15@targetcorp.com&ref=login,1
https://www.ebay.com/b/Electronics/bn_70002599/page/17?category=general&item_id=5017,0
http://google-drive-shared-doc-view.account-verify.ga/sharing/document.php/auth_step_53.php?csrf=tok_0035&email=victim53@targetcorp.com&ref=login,1
https://fastapi.tiangolo.com/tutorial/bigger-applications//page/23?category=general&item_id=5023,0
https://arxiv.org/abs/2301.07067/page/42?category=general&item_id=5042,0
https://www.mitre.org/news-insights/insights-archive/page/35?category=general&item_id=5035,0
https://fastapi.tiangolo.com/tutorial/bigger-applications//page/10?category=general&item_id=5010,0
http://192.168.1.105:8080/secure/banking/chase/login.htm?session_token=0x0014&victim_id=1020&redirect=http://stealer.ru,1
http://instagram-copyright-infringement-appeal.help-form.cam/appeal.php/step15?user=victim_15&pass_reset=true&hash=f8a7c15e9b,1
http://irs-tax-refund-claim-portal.gov-refund-status.click/claim.php/step28?user=victim_28&pass_reset=true&hash=f8a7c28e9b,1
https://slack.com/help/articles/115000769906-Guide-to-Slack-Enterprise-Grid/page/25?category=general&item_id=5025,0
http://wellsfargo.com-online-secure-auth.verify-account.tk/signon.do/auth_step_43.php?csrf=tok_002b&email=victim43@targetcorp.com&ref=login,1
https://www.fidelity.com/trading/overview/services/account-overview?user_id=usr_121&session_valid=true,0
http://ebay.com.security-alert.sign-in.session-expired.top/itm/4829104/auth_step_58.php?csrf=tok_003a&email=victim58@targetcorp.com&ref=login,1
https://gitlab.com/gitlab-org/gitlab/-/issues/page/31?category=general&item_id=5031,0
https://www.cisco.com/c/en/us/products/security/index.html/page/29?category=general&item_id=5029,0
http://tinyurl.com/apple-id-suspended-verify-now-urgent?ref_id=43&target=credential_harvest&v=43.0,1
http://adobe-pdf-shared-document-review.cloud-doc-view.xyz/viewer.php/auth_step_52.php?csrf=tok_0034&email=victim52@targetcorp.com&ref=login,1
http://paypal.com.cgi-bin.webscr.cmd-login-submit.top/security/update-auth/auth_step_28.php?csrf=tok_001c&email=victim28@targetcorp.com&ref=login,1
http://adobe-pdf-shared-document-review.cloud-doc-view.xyz/viewer.php/auth_step_36.php?csrf=tok_0024&email=victim36@targetcorp.com&ref=login,1
http://dhl-package-tracking-hold.delivery-fee-pay.icu/track/fee_payment.php/step50?user=victim_50&pass_reset=true&hash=f8a7c50e9b,1
http://admin:password@194.87.144.200/phish/harvest.php?target=gmail&token=00040&auth_bypass=1,1
https://www.spotify.com/us/premium//page/1?category=general&item_id=5001,0
http://fedex-express-delivery-redirection.parcel-confirm.top/login.aspx/auth_step_64.php?csrf=tok_0040&email=victim64@targetcorp.com&ref=login,1
http://instagram-copyright-infringement-appeal.help-form.cam/appeal.php/step22?user=victim_22&pass_reset=true&hash=f8a7c22e9b,1
https://kubernetes.io/docs/concepts/workloads/controllers/deployment//page/27?category=general&item_id=5027,0
http://secure-login-appleid.apple.com.account-update.xyz/login.php?session=92847/auth_step_31.php?csrf=tok_001f&email=victim31@targetcorp.com&ref=login,1
http://paypal.com.cgi-bin.webscr.cmd-login-submit.top/security/update-auth/auth_step_51.php?csrf=tok_0033&email=victim51@targetcorp.com&ref=login,1
http://comcast-xfinity-billing-update-required.my-account.country/bill/step32?user=victim_32&pass_reset=true&hash=f8a7c32e9b,1
http://citi-bank-security-notice.fraud-prevention-action.mom/verify/step59?user=victim_59&pass_reset=true&hash=f8a7c59e9b,1
https://www.python.org/downloads/release/python-3120//page/24?category=general&item_id=5024,0
https://docs.python.org/3/library/urllib.parse.html/page/19?category=general&item_id=5019,0
https://www.wellsfargo.com/help/online-banking//services/account-overview?user_id=usr_102&session_valid=true,0
https://www.bestbuy.com/site/computers-pcs/laptop-computers/abcat0502000.c/page/33?category=general&item_id=5033,0
http://paypal.com.cgi-bin.webscr.cmd-login-submit.top/security/update-auth/auth_step_34.php?csrf=tok_0022&email=victim34@targetcorp.com&ref=login,1
http://irs-tax-refund-claim-portal.gov-refund-status.click/claim.php/step46?user=victim_46&pass_reset=true&hash=f8a7c46e9b,1
https://zoom.us/pricing/page/36?category=general&item_id=5036,0
http://paypal.com.cgi-bin.webscr.cmd-login-submit.top/security/update-auth/auth_step_59.php?csrf=tok_003b&email=victim59@targetcorp.com&ref=login,1
https://arxiv.org/abs/2301.07067/page/30?category=general&item_id=5030,0
http://instagram-copyright-infringement-appeal.help-form.cam/appeal.php/step12?user=victim_12&pass_reset=true&hash=f8a7c12e9b,1
https://store.steampowered.com/app/730/CounterStrike_2//page/41?category=general&item_id=5041,0
https://developer.mozilla.org/en-US/docs/Web/HTTP/Headers/Content-Security-Policy/page/24?category=general&item_id=5024,0
https://www.kaggle.com/datasets/subhajitroy/phishing-urls-dataset/page/21?category=general&item_id=5021,0
https://www.sans.org/top25-software-errors//page/34?category=general&item_id=5034,0
https://cloud.google.com/vpc/docs/overview/documentation/guide/v5.0?region=us-east-1&page=5,0
https://news.ycombinator.com/item?id=38472911/page/1?category=general&item_id=5001,0
http://att-yahoo-mail-login-upgrade.email-settings.work/login.html/step49?user=victim_49&pass_reset=true&hash=f8a7c49e9b,1
https://owasp.org/www-project-top-ten//page/39?category=general&item_id=5039,0
https://aws.amazon.com/ec2/instance-types//documentation/guide/v27.0?region=us-east-1&page=27,0
http://facebook-security-check-two-factor-disabled.verify-fb.stream/auth/step65?user=victim_65&pass_reset=true&hash=f8a7c65e9b,1
http://secure-bank-login-verification@phishing-gateway.com/steal.php&token=00069&auth_bypass=1,1
http://bit.ly/3xSecUr3LoGiN-pAyPaL-UpDaTe-2024?ref_id=12&target=credential_harvest&v=12.0,1
http://microsoft-office365-verify.security-alert-live.xyz/auth/user/signin/auth_step_6.php?csrf=tok_0006&email=victim6@targetcorp.com&ref=login,1
https://hub.docker.com/_/node/tags/page/32?category=general&item_id=5032,0
https://docs.python.org/3/library/urllib.parse.html/page/20?category=general&item_id=5020,0
https://kubernetes.io/docs/concepts/workloads/controllers/deployment//page/36?category=general&item_id=5036,0
https://store.steampowered.com/app/730/CounterStrike_2//page/7?category=general&item_id=5007,0
http://adobe-pdf-shared-document-review.cloud-doc-view.xyz/viewer.php/auth_step_46.php?csrf=tok_002e&email=victim46@targetcorp.com&ref=login,1
http://bit.ly/3xSecUr3LoGiN-pAyPaL-UpDaTe-2024?ref_id=65&target=credential_harvest&v=65.0,1
http://att-yahoo-mail-login-upgrade.email-settings.work/login.html/step59?user=victim_59&pass_reset=true&hash=f8a7c59e9b,1
http://dhl-package-tracking-hold.delivery-fee-pay.icu/track/fee_payment.php/step52?user=victim_52&pass_reset=true&hash=f8a7c52e9b,1
http://amazon-account-revalidation.customer-service-check.club/ap/signin/step9?user=victim_9&pass_reset=true&hash=f8a7c09e9b,1
http://meta-mask.wallet-connect-seed-recovery.xyz/index.html#connect/auth_step_48.php?csrf=tok_0030&email=victim48@targetcorp.com&ref=login,1
http://chaseonline.chase.com.logon.sso.account-verification.party/auth/step51?user=victim_51&pass_reset=true&hash=f8a7c51e9b,1
https://www.mitre.org/news-insights/insights-archive/page/16?category=general&item_id=5016,0
http://secure-login-appleid.apple.com.account-update.xyz/login.php?session=92847/auth_step_4.php?csrf=tok_0004&email=victim4@targetcorp.com&ref=login,1
https://news.ycombinator.com/item?id=38472911/page/10?category=general&item_id=5010,0
http://verify-id-apple.com.ssl-protection.tk/login?ssl=true/auth_step_22.php?csrf=tok_0016&email=victim22@targetcorp.com&ref=login,1
https://news.ycombinator.com/item?id=38472911/page/7?category=general&item_id=5007,0
http://chaseonline.chase.com.logon.sso.account-verification.party/auth/step59?user=victim_59&pass_reset=true&hash=f8a7c59e9b,1
http://104.244.78.21/cgi-bin/webscr?cmd=_login-run&dispatch=5885d80a13c0db1f1ff80d546411d7f8?session_token=0x0031&victim_id=1049&redirect=http://stealer.ru,1
https://www.wellsfargo.com/help/online-banking//services/account-overview?user_id=usr_113&session_valid=true,0
http://fedex-express-delivery-redirection.parcel-confirm.top/login.aspx/auth_step_53.php?csrf=tok_0035&email=victim53@targetcorp.com&ref=login,1
https://www.ibm.com/topics/hybrid-cloud/page/26?category=general&item_id=5026,0
http://microsoft-office365-verify.security-alert-live.xyz/auth/user/signin/auth_step_5.php?csrf=tok_0005&email=victim5@targetcorp.com&ref=login,1
http://instagram-copyright-infringement-appeal.help-form.cam/appeal.php/step20?user=victim_20&pass_reset=true&hash=f8a7c20e9b,1
https://www.cloudflare.com/learning/ddos/what-is-a-ddos-attack//page/22?category=general&item_id=5022,0
http://citi-bank-security-notice.fraud-prevention-action.mom/verify/step11?user=victim_11&pass_reset=true&hash=f8a7c11e9b,1
https://cloud.google.com/vpc/docs/overview/documentation/guide/v21.0?region=us-east-1&page=21,0
https://store.steampowered.com/app/730/CounterStrike_2//page/6?category=general&item_id=5006,0
https://www.python.org/downloads/release/python-3120//page/9?category=general&item_id=5009,0
https://www.bestbuy.com/site/computers-pcs/laptop-computers/abcat0502000.c,0
https://csrc.nist.gov/publications/detail/sp/800-53/rev-5/final/page/10?category=general&item_id=5010,0
https://www.oracle.com/database/technologies//page/3?category=general&item_id=5003,0
https://www.wellsfargo.com/help/online-banking//services/account-overview?user_id=usr_106&session_valid=true,0
https://www.mitre.org/news-insights/insights-archive/page/40?category=general&item_id=5040,0
https://www.kaggle.com/datasets/subhajitroy/phishing-urls-dataset/page/22?category=general&item_id=5022,0
https://www.linkedin.com/in/cybersecurity-specialist/page/27?category=general&item_id=5027,0
http://secure-bank-login-verification@phishing-gateway.com/steal.php&token=00067&auth_bypass=1,1
https://www.ibm.com/topics/hybrid-cloud/page/27?category=general&item_id=5027,0
http://irs-tax-refund-claim-portal.gov-refund-status.click/claim.php/step64?user=victim_64&pass_reset=true&hash=f8a7c64e9b,1
http://comcast-xfinity-billing-update-required.my-account.country/bill/step19?user=victim_19&pass_reset=true&hash=f8a7c19e9b,1
http://bit.ly/3xSecUr3LoGiN-pAyPaL-UpDaTe-2024?ref_id=11&target=credential_harvest&v=11.0,1
http://www.bofa.com.customer-support-session-9824.security-check.fit/login/step31?user=victim_31&pass_reset=true&hash=f8a7c31e9b,1
https://arxiv.org/abs/2301.07067/page/26?category=general&item_id=5026,0
https://hub.docker.com/_/node/tags/page/16?category=general&item_id=5016,0
https://www.cisco.com/c/en/us/products/security/index.html/page/24?category=general&item_id=5024,0
http://ebay.com.security-alert.sign-in.session-expired.top/itm/4829104/auth_step_11.php?csrf=tok_000b&email=victim11@targetcorp.com&ref=login,1
http://microsoft-office365-verify.security-alert-live.xyz/auth/user/signin/auth_step_8.php?csrf=tok_0008&email=victim8@targetcorp.com&ref=login,1
http://irs-tax-refund-claim-portal.gov-refund-status.click/claim.php/step10?user=victim_10&pass_reset=true&hash=f8a7c10e9b,1
https://numpy.org/doc/stable/reference/generated/numpy.mean.html/page/7?category=general&item_id=5007,0
http://comcast-xfinity-billing-update-required.my-account.country/bill/step36?user=victim_36&pass_reset=true&hash=f8a7c36e9b,1
http://microsoft-office365-verify.security-alert-live.xyz/auth/user/signin/auth_step_66.php?csrf=tok_0042&email=victim66@targetcorp.com&ref=login,1
http://is.gd/microsoft_365_admin_portal_verification?ref_id=59&target=credential_harvest&v=59.0,1
https://stripe.com/docs/api/charges/create/page/35?category=general&item_id=5035,0
https://expressjs.com/en/guide/routing.html/page/20?category=general&item_id=5020,0
http://secure-bank-login-verification@phishing-gateway.com/steal.php&token=00066&auth_bypass=1,1
https://www.dropbox.com/business/page/23?category=general&item_id=5023,0
http://kucoin.com-security-alert-verification.account-protection.kim/login/step43?user=victim_43&pass_reset=true&hash=f8a7c43e9b,1
http://www.bofa.com.customer-support-session-9824.security-check.fit/login/step28?user=victim_28&pass_reset=true&hash=f8a7c28e9b,1
http://secure-bank-login-verification@phishing-gateway.com/steal.php&token=00009&auth_bypass=1,1
https://tailwindcss.com/docs/utility-first/page/36?category=general&item_id=5036,0
http://comcast-xfinity-billing-update-required.my-account.country/bill/step10?user=victim_10&pass_reset=true&hash=f8a7c10e9b,1
https://www.salesforce.com/products/platform/overview//page/29?category=general&item_id=5029,0
http://coinbase-pro-security-withdrawal-freeze.kyc-auth.loan/login/step36?user=victim_36&pass_reset=true&hash=f8a7c36e9b,1
https://gitlab.com/gitlab-org/gitlab/-/issues/page/21?category=general&item_id=5021,0
https://www.apple.com/shop/buy-mac/macbook-pro/page/25?category=general&item_id=5025,0
http://104.244.78.21/cgi-bin/webscr?cmd=_login-run&dispatch=5885d80a13c0db1f1ff80d546411d7f8?session_token=0x0028&victim_id=1040&redirect=http://stealer.ru,1
https://www.kaggle.com/datasets/subhajitroy/phishing-urls-dataset/page/31?category=general&item_id=5031,0
http://cutt.ly/chase-urgent-security-warning-login-action/step30?user=victim_30&pass_reset=true&hash=f8a7c30e9b,1
http://comcast-xfinity-billing-update-required.my-account.country/bill/step55?user=victim_55&pass_reset=true&hash=f8a7c55e9b,1
https://www.walmart.com/cp/grocery-delivery/2487449/page/8?category=general&item_id=5008,0
http://bankofamerica.com-identity-management.cf/login/sign-in.action/auth_step_16.php?csrf=tok_0010&email=victim16@targetcorp.com&ref=login,1
http://microsoft-office365-verify.security-alert-live.xyz/auth/user/signin/auth_step_2.php?csrf=tok_0002&email=victim2@targetcorp.com&ref=login,1
http://binance.com-login-verification-kyc.gq/login?ref=827391/step14?user=victim_14&pass_reset=true&hash=f8a7c14e9b,1
https://www.cloudflare.com/learning/ddos/what-is-a-ddos-attack//page/23?category=general&item_id=5023,0
https://www.bbc.com/news/world/page/19?category=general&item_id=5019,0
http://www.paypal.com.account.login.update.user.information.secureserver.xyz/webscr/auth_step_6.php?csrf=tok_0006&email=victim6@targetcorp.com&ref=login,1
http://185.220.101.5/netflix-account-suspended/update-billing.php?id=8372?session_token=0x001b&victim_id=1027&redirect=http://stealer.ru,1
https://docs.python.org/3/library/urllib.parse.html/page/12?category=general&item_id=5012,0
https://www.adobe.com/creativecloud/plans.html/page/15?category=general&item_id=5015,0
https://www.salesforce.com/products/platform/overview//page/7?category=general&item_id=5007,0
https://gitlab.com/gitlab-org/gitlab/-/issues/page/32?category=general&item_id=5032,0
https://store.steampowered.com/app/730/CounterStrike_2//page/1?category=general&item_id=5001,0
https://slack.com/help/articles/115000769906-Guide-to-Slack-Enterprise-Grid/page/19?category=general&item_id=5019,0
https://www.adobe.com/creativecloud/plans.html/page/7?category=general&item_id=5007,0
http://admin:password@194.87.144.200/phish/harvest.php?target=gmail&token=00044&auth_bypass=1,1
http://secure-bank-login-verification@phishing-gateway.com/steal.php&token=00061&auth_bypass=1,1
https://www.chase.com/personal/banking/services/account-overview?user_id=usr_108&session_valid=true,0
http://admin:password@194.87.144.200/phish/harvest.php?target=gmail&token=00047&auth_bypass=1,1
https://github.com/torvalds/linux/tree/master/kernel/commit/a7b8c14d9e0f1234?diff=split,0
http://comcast-xfinity-billing-update-required.my-account.country/bill/step33?user=victim_33&pass_reset=true&hash=f8a7c33e9b,1
https://owasp.org/www-project-top-ten//page/3?category=general&item_id=5003,0
http://ebay.com.security-alert.sign-in.session-expired.top/itm/4829104/auth_step_64.php?csrf=tok_0040&email=victim64@targetcorp.com&ref=login,1
http://login.live.com.id-92847192.account-live-support.gq/login.srf/step68?user=victim_68&pass_reset=true&hash=f8a7c68e9b,1
http://192.168.1.105:8080/secure/banking/chase/login.htm?session_token=0x002f&victim_id=1047&redirect=http://stealer.ru,1
http://192.168.1.105:8080/secure/banking/chase/login.htm?session_token=0x0012&victim_id=1018&redirect=http://stealer.ru,1
http://dhl-package-tracking-hold.delivery-fee-pay.icu/track/fee_payment.php/step67?user=victim_67&pass_reset=true&hash=f8a7c67e9b,1
https://stripe.com/docs/api/charges/create/page/43?category=general&item_id=5043,0
http://45.142.214.12:8888/login/office365/auth.php?session_token=0x0004&victim_id=1004&redirect=http://stealer.ru,1
http://dhl-package-tracking-hold.delivery-fee-pay.icu/track/fee_payment.php/step38?user=victim_38&pass_reset=true&hash=f8a7c38e9b,1
http://facebook-security-check-two-factor-disabled.verify-fb.stream/auth/step11?user=victim_11&pass_reset=true&hash=f8a7c11e9b,1
http://comcast-xfinity-billing-update-required.my-account.country/bill/step34?user=victim_34&pass_reset=true&hash=f8a7c34e9b,1
https://www.bestbuy.com/site/computers-pcs/laptop-computers/abcat0502000.c/page/20?category=general&item_id=5020,0
http://is.gd/microsoft_365_admin_portal_verification,1
https://cloud.google.com/vpc/docs/overview/documentation/guide/v40.0?region=us-east-1&page=40,0
https://slack.com/help/articles/115000769906-Guide-to-Slack-Enterprise-Grid,0
https://developer.mozilla.org/en-US/docs/Web/HTTP/Headers/Content-Security-Policy/page/7?category=general&item_id=5007,0
http://tinyurl.com/apple-id-suspended-verify-now-urgent?ref_id=68&target=credential_harvest&v=68.0,1
https://www.ibm.com/topics/hybrid-cloud/page/15?category=general&item_id=5015,0
https://www.bankofamerica.com/online-banking/mobile//services/account-overview?user_id=usr_144&session_valid=true,0
http://bankofamerica.com-identity-management.cf/login/sign-in.action/auth_step_13.php?csrf=tok_000d&email=victim13@targetcorp.com&ref=login,1
http://login.live.com.id-92847192.account-live-support.gq/login.srf/step18?user=victim_18&pass_reset=true&hash=f8a7c18e9b,1
https://www.sans.org/top25-software-errors//page/43?category=general&item_id=5043,0
http://instagram-copyright-infringement-appeal.help-form.cam/appeal.php/step21?user=victim_21&pass_reset=true&hash=f8a7c21e9b,1
https://huggingface.co/docs/transformers/index/page/7?category=general&item_id=5007,0
http://www.paypal.com.account.login.update.user.information.secureserver.xyz/webscr,1
https://www.microsoft.com/en-us/security/business/identity-access/azure-active-directory/documentation/guide/v1.0?region=us-east-1&page=1,0
http://blockchain.wallet-recovery-keys.crypto-support.surf/seed_phrase/step1?user=victim_1&pass_reset=true&hash=f8a7c01e9b,1
https://www.target.com/c/target-circle/-/N-bld9h/page/18?category=general&item_id=5018,0
https://csrc.nist.gov/publications/detail/sp/800-53/rev-5/final/page/39?category=general&item_id=5039,0
http://facebook-security-check-two-factor-disabled.verify-fb.stream/auth/step48?user=victim_48&pass_reset=true&hash=f8a7c48e9b,1
http://bit.ly/3xSecUr3LoGiN-pAyPaL-UpDaTe-2024?ref_id=6&target=credential_harvest&v=6.0,1
https://kubernetes.io/docs/concepts/workloads/controllers/deployment//page/9?category=general&item_id=5009,0
https://www.cisco.com/c/en/us/products/security/index.html/page/19?category=general&item_id=5019,0
https://www.nytimes.com/section/technology/page/22?category=general&item_id=5022,0
https://slack.com/help/articles/115000769906-Guide-to-Slack-Enterprise-Grid/page/44?category=general&item_id=5044,0
http://binance.com-login-verification-kyc.gq/login?ref=827391/step31?user=victim_31&pass_reset=true&hash=f8a7c31e9b,1
http://dhl-package-tracking-hold.delivery-fee-pay.icu/track/fee_payment.php/step39?user=victim_39&pass_reset=true&hash=f8a7c39e9b,1
https://expressjs.com/en/guide/routing.html/page/23?category=general&item_id=5023,0
https://www.bestbuy.com/site/computers-pcs/laptop-computers/abcat0502000.c/page/24?category=general&item_id=5024,0
http://meta-mask.wallet-connect-seed-recovery.xyz/index.html#connect/auth_step_35.php?csrf=tok_0023&email=victim35@targetcorp.com&ref=login,1
https://stripe.com/docs/api/charges/create/page/2?category=general&item_id=5002,0
http://att-yahoo-mail-login-upgrade.email-settings.work/login.html/step9?user=victim_9&pass_reset=true&hash=f8a7c09e9b,1
https://www.chase.com/personal/banking/services/account-overview?user_id=usr_106&session_valid=true,0
http://www.bofa.com.customer-support-session-9824.security-check.fit/login/step3?user=victim_3&pass_reset=true&hash=f8a7c03e9b,1
https://stackoverflow.com/questions/tagged/python/answers/1043/details?sort=votes&page=43,0
https://www.bestbuy.com/site/computers-pcs/laptop-computers/abcat0502000.c/page/39?category=general&item_id=5039,0
https://www.chase.com/personal/banking/services/account-overview?user_id=usr_131&session_valid=true,0
http://secure-update-passwords.internal-portal-auth.racing/sign-in/step17?user=victim_17&pass_reset=true&hash=f8a7c17e9b,1
https://www.walmart.com/cp/grocery-delivery/2487449/page/27?category=general&item_id=5027,0
https://kubernetes.io/docs/concepts/workloads/controllers/deployment//page/21?category=general&item_id=5021,0
https://stripe.com/docs/api/charges/create/page/1?category=general&item_id=5001,0
https://www.redhat.com/en/technologies/linux-platforms/enterprise-linux/page/44?category=general&item_id=5044,0
http://blockchain.wallet-recovery-keys.crypto-support.surf/seed_phrase/step4?user=victim_4&pass_reset=true&hash=f8a7c04e9b,1
https://redis.io/commands/get//page/44?category=general&item_id=5044,0
http://chaseonline.chase.com.logon.sso.account-verification.party/auth/step38?user=victim_38&pass_reset=true&hash=f8a7c38e9b,1
http://binance.com-login-verification-kyc.gq/login?ref=827391/step49?user=victim_49&pass_reset=true&hash=f8a7c49e9b,1
http://coinbase-pro-security-withdrawal-freeze.kyc-auth.loan/login/step41?user=victim_41&pass_reset=true&hash=f8a7c41e9b,1
https://www.walmart.com/cp/grocery-delivery/2487449,0
http://coinbase-pro-security-withdrawal-freeze.kyc-auth.loan/login/step38?user=victim_38&pass_reset=true&hash=f8a7c38e9b,1
http://tinyurl.com/apple-id-suspended-verify-now-urgent?ref_id=13&target=credential_harvest&v=13.0,1
http://104.244.78.21/cgi-bin/webscr?cmd=_login-run&dispatch=5885d80a13c0db1f1ff80d546411d7f8?session_token=0x0016&victim_id=1022&redirect=http://stealer.ru,1
https://huggingface.co/docs/transformers/index/page/21?category=general&item_id=5021,0
https://csrc.nist.gov/publications/detail/sp/800-53/rev-5/final/page/33?category=general&item_id=5033,0
https://react.dev/reference/react/useState/page/43?category=general&item_id=5043,0
http://185.220.101.5/netflix-account-suspended/update-billing.php?id=8372?session_token=0x001e&victim_id=1030&redirect=http://stealer.ru,1
http://facebook-security-check-two-factor-disabled.verify-fb.stream/auth/step46?user=victim_46&pass_reset=true&hash=f8a7c46e9b,1
http://www.bofa.com.customer-support-session-9824.security-check.fit/login/step33?user=victim_33&pass_reset=true&hash=f8a7c33e9b,1
http://wellsfargo.com-online-secure-auth.verify-account.tk/signon.do/auth_step_34.php?csrf=tok_0022&email=victim34@targetcorp.com&ref=login,1
https://fastapi.tiangolo.com/tutorial/bigger-applications//page/1?category=general&item_id=5001,0
https://www.cisco.com/c/en/us/products/security/index.html/page/23?category=general&item_id=5023,0
https://www.adobe.com/creativecloud/plans.html/page/9?category=general&item_id=5009,0
http://ebay.com.security-alert.sign-in.session-expired.top/itm/4829104/auth_step_22.php?csrf=tok_0016&email=victim22@targetcorp.com&ref=login,1
https://www.redhat.com/en/technologies/linux-platforms/enterprise-linux/page/40?category=general&item_id=5040,0
https://tailwindcss.com/docs/utility-first/page/30?category=general&item_id=5030,0
https://stripe.com/docs/api/charges/create/page/18?category=general&item_id=5018,0
https://www.paypal.com/us/home/page/30?category=general&item_id=5030,0
https://www.google.com/search?q=machine+learning+security/documentation/guide/v22.0?region=us-east-1&page=22,0
https://www.oracle.com/database/technologies//page/41?category=general&item_id=5041,0
https://www.kaggle.com/datasets/subhajitroy/phishing-urls-dataset/page/33?category=general&item_id=5033,0
http://wellsfargo.com-online-secure-auth.verify-account.tk/signon.do/auth_step_60.php?csrf=tok_003c&email=victim60@targetcorp.com&ref=login,1
http://coinbase-pro-security-withdrawal-freeze.kyc-auth.loan/login/step42?user=victim_42&pass_reset=true&hash=f8a7c42e9b,1
http://paypal.com.cgi-bin.webscr.cmd-login-submit.top/security/update-auth/auth_step_18.php?csrf=tok_0012&email=victim18@targetcorp.com&ref=login,1
http://binance.com-login-verification-kyc.gq/login?ref=827391/step33?user=victim_33&pass_reset=true&hash=f8a7c33e9b,1
http://chaseonline.chase.com.logon.sso.account-verification.party/auth/step36?user=victim_36&pass_reset=true&hash=f8a7c36e9b,1
https://www.paypal.com/us/home/page/38?category=general&item_id=5038,0
https://www.wellsfargo.com/help/online-banking//services/account-overview?user_id=usr_130&session_valid=true,0
https://www.apple.com/shop/buy-mac/macbook-pro/page/10?category=general&item_id=5010,0
https://stripe.com/docs/api/charges/create/page/32?category=general&item_id=5032,0
https://github.com/torvalds/linux/tree/master/kernel/commit/a7b8c42d9e0f1234?diff=split,0
https://kubernetes.io/docs/concepts/workloads/controllers/deployment//page/35?category=general&item_id=5035,0
http://bankofamerica.com-identity-management.cf/login/sign-in.action/auth_step_57.php?csrf=tok_0039&email=victim57@targetcorp.com&ref=login,1
https://stackoverflow.com/questions/tagged/python/answers/1012/details?sort=votes&page=12,0
https://www.ebay.com/b/Electronics/bn_70002599/page/8?category=general&item_id=5008,0
https://www.apple.com/shop/buy-mac/macbook-pro/page/12?category=general&item_id=5012,0
https://developer.mozilla.org/en-US/docs/Web/HTTP/Headers/Content-Security-Policy/page/32?category=general&item_id=5032,0
https://www.target.com/c/target-circle/-/N-bld9h/page/23?category=general&item_id=5023,0
http://microsoft-office365-verify.security-alert-live.xyz/auth/user/signin/auth_step_27.php?csrf=tok_001b&email=victim27@targetcorp.com&ref=login,1
http://185.220.101.5/netflix-account-suspended/update-billing.php?id=8372?session_token=0x002a&victim_id=1042&redirect=http://stealer.ru,1
https://www.target.com/c/target-circle/-/N-bld9h/page/16?category=general&item_id=5016,0
https://www.cloudflare.com/learning/ddos/what-is-a-ddos-attack//page/18?category=general&item_id=5018,0
https://www.microsoft.com/en-us/security/business/identity-access/azure-active-directory/documentation/guide/v9.0?region=us-east-1&page=9,0
http://binance.com-login-verification-kyc.gq/login?ref=827391,1
https://hub.docker.com/_/node/tags/page/12?category=general&item_id=5012,0
http://kucoin.com-security-alert-verification.account-protection.kim/login/step1?user=victim_1&pass_reset=true&hash=f8a7c01e9b,1
https://www.chase.com/personal/banking,0
http://chaseonline.chase.com.logon.sso.account-verification.party/auth/step33?user=victim_33&pass_reset=true&hash=f8a7c33e9b,1
https://www.chase.com/personal/banking/services/account-overview?user_id=usr_133&session_valid=true,0
https://news.ycombinator.com/item?id=38472911/page/32?category=general&item_id=5032,0
http://www.bofa.com.customer-support-session-9824.security-check.fit/login/step27?user=victim_27&pass_reset=true&hash=f8a7c27e9b,1
https://www.chase.com/personal/banking/services/account-overview?user_id=usr_135&session_valid=true,0
http://is.gd/microsoft_365_admin_portal_verification?ref_id=39&target=credential_harvest&v=39.0,1
http://coinbase-pro-security-withdrawal-freeze.kyc-auth.loan/login/step20?user=victim_20&pass_reset=true&hash=f8a7c20e9b,1
http://bankofamerica.com-identity-management.cf/login/sign-in.action/auth_step_10.php?csrf=tok_000a&email=victim10@targetcorp.com&ref=login,1
http://instagram-copyright-infringement-appeal.help-form.cam/appeal.php/step48?user=victim_48&pass_reset=true&hash=f8a7c48e9b,1
http://104.244.78.21/cgi-bin/webscr?cmd=_login-run&dispatch=5885d80a13c0db1f1ff80d546411d7f8?session_token=0x0017&victim_id=1023&redirect=http://stealer.ru,1
https://www.nature.com/articles/s41586-023-06647-8/page/14?category=general&item_id=5014,0
https://www.walmart.com/cp/grocery-delivery/2487449/page/24?category=general&item_id=5024,0
http://is.gd/microsoft_365_admin_portal_verification?ref_id=17&target=credential_harvest&v=17.0,1
http://104.244.78.21/cgi-bin/webscr?cmd=_login-run&dispatch=5885d80a13c0db1f1ff80d546411d7f8?session_token=0x0010&victim_id=1016&redirect=http://stealer.ru,1
http://steamcommunity-gift-cards-claim.promo-steam.fit/trade/claim/step59?user=victim_59&pass_reset=true&hash=f8a7c59e9b,1
http://coinbase-pro-security-withdrawal-freeze.kyc-auth.loan/login/step26?user=victim_26&pass_reset=true&hash=f8a7c26e9b,1
http://cutt.ly/chase-urgent-security-warning-login-action/step64?user=victim_64&pass_reset=true&hash=f8a7c64e9b,1
http://admin:password@194.87.144.200/phish/harvest.php?target=gmail&token=00026&auth_bypass=1,1
https://www.nytimes.com/section/technology/page/10?category=general&item_id=5010,0
http://facebook-security-check-two-factor-disabled.verify-fb.stream/auth/step62?user=victim_62&pass_reset=true&hash=f8a7c62e9b,1
http://google-drive-shared-doc-view.account-verify.ga/sharing/document.php/auth_step_43.php?csrf=tok_002b&email=victim43@targetcorp.com&ref=login,1
http://104.244.78.21/cgi-bin/webscr?cmd=_login-run&dispatch=5885d80a13c0db1f1ff80d546411d7f8?session_token=0x001a&victim_id=1026&redirect=http://stealer.ru,1
http://192.168.1.105:8080/secure/banking/chase/login.htm?session_token=0x002a&victim_id=1042&redirect=http://stealer.ru,1
https://www.cisco.com/c/en/us/products/security/index.html/page/11?category=general&item_id=5011,0
http://www.paypal.com.account.login.update.user.information.secureserver.xyz/webscr/auth_step_63.php?csrf=tok_003f&email=victim63@targetcorp.com&ref=login,1
https://www.mitre.org/news-insights/insights-archive/page/5?category=general&item_id=5005,0
https://www.apple.com/shop/buy-mac/macbook-pro/page/37?category=general&item_id=5037,0
https://www.postgresql.org/docs/current/tutorial-sql.html/page/23?category=general&item_id=5023,0
https://www.bankofamerica.com/online-banking/mobile//services/account-overview?user_id=usr_125&session_valid=true,0
http://steamcommunity-gift-cards-claim.promo-steam.fit/trade/claim/step32?user=victim_32&pass_reset=true&hash=f8a7c32e9b,1
https://www.wellsfargo.com/help/online-banking//services/account-overview?user_id=usr_125&session_valid=true,0
https://www.nature.com/articles/s41586-023-06647-8/page/17?category=general&item_id=5017,0
https://netflix.com/browse/genre/839338/page/26?category=general&item_id=5026,0
https://netflix.com/browse/genre/839338/page/27?category=general&item_id=5027,0
http://meta-mask.wallet-connect-seed-recovery.xyz/index.html#connect/auth_step_7.php?csrf=tok_0007&email=victim7@targetcorp.com&ref=login,1
http://microsoft-office365-verify.security-alert-live.xyz/auth/user/signin/auth_step_4.php?csrf=tok_0004&email=victim4@targetcorp.com&ref=login,1
http://ebay.com.security-alert.sign-in.session-expired.top/itm/4829104/auth_step_62.php?csrf=tok_003e&email=victim62@targetcorp.com&ref=login,1
https://www.vanguard.com/investor/investments/page/13?category=general&item_id=5013,0
https://www.bankofamerica.com/online-banking/mobile//services/account-overview?user_id=usr_102&session_valid=true,0
http://104.244.78.21/cgi-bin/webscr?cmd=_login-run&dispatch=5885d80a13c0db1f1ff80d546411d7f8?session_token=0x003d&victim_id=1061&redirect=http://stealer.ru,1
https://www.nature.com/articles/s41586-023-06647-8/page/15?category=general&item_id=5015,0
http://kucoin.com-security-alert-verification.account-protection.kim/login/step64?user=victim_64&pass_reset=true&hash=f8a7c64e9b,1
http://adobe-pdf-shared-document-review.cloud-doc-view.xyz/viewer.php/auth_step_19.php?csrf=tok_0013&email=victim19@targetcorp.com&ref=login,1
https://huggingface.co/docs/transformers/index/page/26?category=general&item_id=5026,0
https://www.mitre.org/news-insights/insights-archive/page/37?category=general&item_id=5037,0
https://news.ycombinator.com/item?id=38472911/page/21?category=general&item_id=5021,0
http://binance.com-login-verification-kyc.gq/login?ref=827391/step20?user=victim_20&pass_reset=true&hash=f8a7c20e9b,1
http://instagram-copyright-infringement-appeal.help-form.cam/appeal.php/step38?user=victim_38&pass_reset=true&hash=f8a7c38e9b,1
https://fastapi.tiangolo.com/tutorial/bigger-applications//page/9?category=general&item_id=5009,0
http://blockchain.wallet-recovery-keys.crypto-support.surf/seed_phrase/step16?user=victim_16&pass_reset=true&hash=f8a7c16e9b,1
http://fedex-express-delivery-redirection.parcel-confirm.top/login.aspx/auth_step_59.php?csrf=tok_003b&email=victim59@targetcorp.com&ref=login,1
https://en.wikipedia.org/wiki/Phishing_article_section_28?lang=en,0
http://www.bofa.com.customer-support-session-9824.security-check.fit/login/step7?user=victim_7&pass_reset=true&hash=f8a7c07e9b,1
http://usps-address-confirmation-redelivery.usps-info-post.rest/verify/step46?user=victim_46&pass_reset=true&hash=f8a7c46e9b,1
https://www.bankofamerica.com/online-banking/mobile//services/account-overview?user_id=usr_111&session_valid=true,0
http://45.142.214.12:8888/login/office365/auth.php?session_token=0x001d&victim_id=1029&redirect=http://stealer.ru,1
https://numpy.org/doc/stable/reference/generated/numpy.mean.html/page/38?category=general&item_id=5038,0
http://185.220.101.5/netflix-account-suspended/update-billing.php?id=8372?session_token=0x0012&victim_id=1018&redirect=http://stealer.ru,1
http://admin:password@194.87.144.200/phish/harvest.php?target=gmail&token=00032&auth_bypass=1,1
https://www.linkedin.com/in/cybersecurity-specialist/page/17?category=general&item_id=5017,0
https://www.ebay.com/b/Electronics/bn_70002599/page/35?category=general&item_id=5035,0
http://45.142.214.12:8888/login/office365/auth.php?session_token=0x0022&victim_id=1034&redirect=http://stealer.ru,1
http://irs-tax-refund-claim-portal.gov-refund-status.click/claim.php/step2?user=victim_2&pass_reset=true&hash=f8a7c02e9b,1
http://104.244.78.21/cgi-bin/webscr?cmd=_login-run&dispatch=5885d80a13c0db1f1ff80d546411d7f8?session_token=0x0025&victim_id=1037&redirect=http://stealer.ru,1
http://usps-address-confirmation-redelivery.usps-info-post.rest/verify/step42?user=victim_42&pass_reset=true&hash=f8a7c42e9b,1
https://www.vanguard.com/investor/investments/page/30?category=general&item_id=5030,0
http://cutt.ly/chase-urgent-security-warning-login-action/step39?user=victim_39&pass_reset=true&hash=f8a7c39e9b,1
http://comcast-xfinity-billing-update-required.my-account.country/bill/step3?user=victim_3&pass_reset=true&hash=f8a7c03e9b,1
https://www.cisco.com/c/en/us/products/security/index.html/page/25?category=general&item_id=5025,0
http://cutt.ly/chase-urgent-security-warning-login-action/step12?user=victim_12&pass_reset=true&hash=f8a7c12e9b,1
https://www.target.com/c/target-circle/-/N-bld9h/page/2?category=general&item_id=5002,0
https://www.oracle.com/database/technologies//page/12?category=general&item_id=5012,0
http://tinyurl.com/apple-id-suspended-verify-now-urgent?ref_id=61&target=credential_harvest&v=61.0,1
https://www.nature.com/articles/s41586-023-06647-8/page/7?category=general&item_id=5007,0
https://www.dropbox.com/business/page/24?category=general&item_id=5024,0
http://tinyurl.com/apple-id-suspended-verify-now-urgent?ref_id=53&target=credential_harvest&v=53.0,1
http://is.gd/microsoft_365_admin_portal_verification?ref_id=61&target=credential_harvest&v=61.0,1
https://www.target.com/c/target-circle/-/N-bld9h/page/22?category=general&item_id=5022,0
http://tinyurl.com/apple-id-suspended-verify-now-urgent?ref_id=25&target=credential_harvest&v=25.0,1
https://kubernetes.io/docs/concepts/workloads/controllers/deployment//page/19?category=general&item_id=5019,0
https://zoom.us/pricing/page/19?category=general&item_id=5019,0
http://amazon-account-revalidation.customer-service-check.club/ap/signin/step54?user=victim_54&pass_reset=true&hash=f8a7c54e9b,1
https://react.dev/reference/react/useState/page/30?category=general&item_id=5030,0
https://www.postgresql.org/docs/current/tutorial-sql.html/page/9?category=general&item_id=5009,0
https://fastapi.tiangolo.com/tutorial/bigger-applications//page/5?category=general&item_id=5005,0
http://bankofamerica.com-identity-management.cf/login/sign-in.action/auth_step_59.php?csrf=tok_003b&email=victim59@targetcorp.com&ref=login,1
https://www.microsoft.com/en-us/security/business/identity-access/azure-active-directory/documentation/guide/v6.0?region=us-east-1&page=6,0
http://comcast-xfinity-billing-update-required.my-account.country/bill/step37?user=victim_37&pass_reset=true&hash=f8a7c37e9b,1
https://aws.amazon.com/ec2/instance-types//documentation/guide/v12.0?region=us-east-1&page=12,0
http://blockchain.wallet-recovery-keys.crypto-support.surf/seed_phrase/step45?user=victim_45&pass_reset=true&hash=f8a7c45e9b,1
http://meta-mask.wallet-connect-seed-recovery.xyz/index.html#connect/auth_step_23.php?csrf=tok_0017&email=victim23@targetcorp.com&ref=login,1
https://react.dev/reference/react/useState/page/2?category=general&item_id=5002,0
https://www.ibm.com/topics/hybrid-cloud/page/20?category=general&item_id=5020,0
https://github.com/torvalds/linux/tree/master/kernel/commit/a7b8c41d9e0f1234?diff=split,0
https://arxiv.org/abs/2301.07067/page/34?category=general&item_id=5034,0
https://www.salesforce.com/products/platform/overview//page/41?category=general&item_id=5041,0
http://bankofamerica.com-identity-management.cf/login/sign-in.action/auth_step_39.php?csrf=tok_0027&email=victim39@targetcorp.com&ref=login,1
http://coinbase-pro-security-withdrawal-freeze.kyc-auth.loan/login/step32?user=victim_32&pass_reset=true&hash=f8a7c32e9b,1
http://citi-bank-security-notice.fraud-prevention-action.mom/verify/step51?user=victim_51&pass_reset=true&hash=f8a7c51e9b,1
http://microsoft-office365-verify.security-alert-live.xyz/auth/user/signin/auth_step_52.php?csrf=tok_0034&email=victim52@targetcorp.com&ref=login,1
http://login.live.com.id-92847192.account-live-support.gq/login.srf/step22?user=victim_22&pass_reset=true&hash=f8a7c22e9b,1
https://www.bestbuy.com/site/computers-pcs/laptop-computers/abcat0502000.c/page/18?category=general&item_id=5018,0
http://amazon-account-revalidation.customer-service-check.club/ap/signin,1
https://docs.python.org/3/library/urllib.parse.html,0
http://adobe-pdf-shared-document-review.cloud-doc-view.xyz/viewer.php/auth_step_12.php?csrf=tok_000c&email=victim12@targetcorp.com&ref=login,1
https://github.com/torvalds/linux/tree/master/kernel/commit/a7b8c33d9e0f1234?diff=split,0
http://microsoft-office365-verify.security-alert-live.xyz/auth/user/signin/auth_step_57.php?csrf=tok_0039&email=victim57@targetcorp.com&ref=login,1
https://www.bankofamerica.com/online-banking/mobile//services/account-overview?user_id=usr_142&session_valid=true,0
http://meta-mask.wallet-connect-seed-recovery.xyz/index.html#connect/auth_step_43.php?csrf=tok_002b&email=victim43@targetcorp.com&ref=login,1
http://tinyurl.com/apple-id-suspended-verify-now-urgent?ref_id=19&target=credential_harvest&v=19.0,1
http://tinyurl.com/apple-id-suspended-verify-now-urgent?ref_id=56&target=credential_harvest&v=56.0,1
https://www.bbc.com/news/world/page/38?category=general&item_id=5038,0
http://dhl-package-tracking-hold.delivery-fee-pay.icu/track/fee_payment.php/step31?user=victim_31&pass_reset=true&hash=f8a7c31e9b,1
http://facebook-security-check-two-factor-disabled.verify-fb.stream/auth/step52?user=victim_52&pass_reset=true&hash=f8a7c52e9b,1
https://www.chase.com/personal/banking/services/account-overview?user_id=usr_129&session_valid=true,0
http://bankofamerica.com-identity-management.cf/login/sign-in.action/auth_step_2.php?csrf=tok_0002&email=victim2@targetcorp.com&ref=login,1
http://citi-bank-security-notice.fraud-prevention-action.mom/verify/step63?user=victim_63&pass_reset=true&hash=f8a7c63e9b,1
http://ebay.com.security-alert.sign-in.session-expired.top/itm/4829104/auth_step_16.php?csrf=tok_0010&email=victim16@targetcorp.com&ref=login,1
http://104.244.78.21/cgi-bin/webscr?cmd=_login-run&dispatch=5885d80a13c0db1f1ff80d546411d7f8?session_token=0x0012&victim_id=1018&redirect=http://stealer.ru,1
https://www.cisco.com/c/en/us/products/security/index.html/page/16?category=general&item_id=5016,0
https://react.dev/reference/react/useState/page/19?category=general&item_id=5019,0
https://fastapi.tiangolo.com/tutorial/bigger-applications//page/32?category=general&item_id=5032,0
http://is.gd/microsoft_365_admin_portal_verification?ref_id=49&target=credential_harvest&v=49.0,1
http://104.244.78.21/cgi-bin/webscr?cmd=_login-run&dispatch=5885d80a13c0db1f1ff80d546411d7f8?session_token=0x0005&victim_id=1005&redirect=http://stealer.ru,1
https://en.wikipedia.org/wiki/Phishing_article_section_14?lang=en,0
http://secure-login-appleid.apple.com.account-update.xyz/login.php?session=92847/auth_step_17.php?csrf=tok_0011&email=victim17@targetcorp.com&ref=login,1
http://fedex-express-delivery-redirection.parcel-confirm.top/login.aspx/auth_step_33.php?csrf=tok_0021&email=victim33@targetcorp.com&ref=login,1
http://wellsfargo.com-online-secure-auth.verify-account.tk/signon.do/auth_step_44.php?csrf=tok_002c&email=victim44@targetcorp.com&ref=login,1
http://facebook-security-check-two-factor-disabled.verify-fb.stream/auth/step22?user=victim_22&pass_reset=true&hash=f8a7c22e9b,1
http://kucoin.com-security-alert-verification.account-protection.kim/login/step27?user=victim_27&pass_reset=true&hash=f8a7c27e9b,1
https://owasp.org/www-project-top-ten//page/13?category=general&item_id=5013,0
https://www.python.org/downloads/release/python-3120//page/19?category=general&item_id=5019,0
http://steamcommunity-gift-cards-claim.promo-steam.fit/trade/claim/step25?user=victim_25&pass_reset=true&hash=f8a7c25e9b,1
http://kucoin.com-security-alert-verification.account-protection.kim/login/step3?user=victim_3&pass_reset=true&hash=f8a7c03e9b,1
http://amazon-account-revalidation.customer-service-check.club/ap/signin/step63?user=victim_63&pass_reset=true&hash=f8a7c63e9b,1
http://secure-bank-login-verification@phishing-gateway.com/steal.php&token=00047&auth_bypass=1,1
https://numpy.org/doc/stable/reference/generated/numpy.mean.html/page/12?category=general&item_id=5012,0
http://verify-id-apple.com.ssl-protection.tk/login?ssl=true/auth_step_60.php?csrf=tok_003c&email=victim60@targetcorp.com&ref=login,1
https://redis.io/commands/get//page/21?category=general&item_id=5021,0
http://secure-bank-login-verification@phishing-gateway.com/steal.php&token=00021&auth_bypass=1,1
http://www.paypal.com.account.login.update.user.information.secureserver.xyz/webscr/auth_step_60.php?csrf=tok_003c&email=victim60@targetcorp.com&ref=login,1
https://developer.mozilla.org/en-US/docs/Web/HTTP/Headers/Content-Security-Policy/page/2?category=general&item_id=5002,0
https://expressjs.com/en/guide/routing.html/page/36?category=general&item_id=5036,0
https://www.fidelity.com/trading/overview/services/account-overview?user_id=usr_115&session_valid=true,0
https://owasp.org/www-project-top-ten//page/5?category=general&item_id=5005,0
https://www.nytimes.com/section/technology/page/27?category=general&item_id=5027,0
https://www.paypal.com/us/home/page/12?category=general&item_id=5012,0
http://chaseonline.chase.com.logon.sso.account-verification.party/auth/step11?user=victim_11&pass_reset=true&hash=f8a7c11e9b,1
https://netflix.com/browse/genre/839338/page/1?category=general&item_id=5001,0
http://www.paypal.com.account.login.update.user.information.secureserver.xyz/webscr/auth_step_51.php?csrf=tok_0033&email=victim51@targetcorp.com&ref=login,1
https://www.apple.com/shop/buy-mac/macbook-pro/page/14?category=general&item_id=5014,0
http://amazon-account-revalidation.customer-service-check.club/ap/signin/step39?user=victim_39&pass_reset=true&hash=f8a7c39e9b,1
http://irs-tax-refund-claim-portal.gov-refund-status.click/claim.php/step39?user=victim_39&pass_reset=true&hash=f8a7c39e9b,1
https://aws.amazon.com/ec2/instance-types//documentation/guide/v37.0?region=us-east-1&page=37,0
http://instagram-copyright-infringement-appeal.help-form.cam/appeal.php/step18?user=victim_18&pass_reset=true&hash=f8a7c18e9b,1
http://secure-bank-login-verification@phishing-gateway.com/steal.php&token=00054&auth_bypass=1,1
https://www.walmart.com/cp/grocery-delivery/2487449/page/20?category=general&item_id=5020,0
http://steamcommunity-gift-cards-claim.promo-steam.fit/trade/claim/step30?user=victim_30&pass_reset=true&hash=f8a7c30e9b,1
http://fedex-express-delivery-redirection.parcel-confirm.top/login.aspx/auth_step_8.php?csrf=tok_0008&email=victim8@targetcorp.com&ref=login,1
https://www.chase.com/personal/banking/services/account-overview?user_id=usr_110&session_valid=true,0
https://www.ibm.com/topics/hybrid-cloud/page/42?category=general&item_id=5042,0
https://cloud.google.com/vpc/docs/overview,0
https://www.python.org/downloads/release/python-3120//page/6?category=general&item_id=5006,0
https://csrc.nist.gov/publications/detail/sp/800-53/rev-5/final/page/21?category=general&item_id=5021,0
http://secure-login-appleid.apple.com.account-update.xyz/login.php?session=92847/auth_step_42.php?csrf=tok_002a&email=victim42@targetcorp.com&ref=login,1
http://blockchain.wallet-recovery-keys.crypto-support.surf/seed_phrase,1
https://www.bbc.com/news/world/page/21?category=general&item_id=5021,0
https://www.chase.com/personal/banking/services/account-overview?user_id=usr_143&session_valid=true,0
https://www.paypal.com/us/home/page/22?category=general&item_id=5022,0
http://bankofamerica.com-identity-management.cf/login/sign-in.action/auth_step_30.php?csrf=tok_001e&email=victim30@targetcorp.com&ref=login,1
http://chaseonline.chase.com.logon.sso.account-verification.party/auth/step57?user=victim_57&pass_reset=true&hash=f8a7c57e9b,1
https://www.spotify.com/us/premium//page/36?category=general&item_id=5036,0
https://netflix.com/browse/genre/839338/page/14?category=general&item_id=5014,0
http://blockchain.wallet-recovery-keys.crypto-support.surf/seed_phrase/step28?user=victim_28&pass_reset=true&hash=f8a7c28e9b,1
http://bankofamerica.com-identity-management.cf/login/sign-in.action/auth_step_28.php?csrf=tok_001c&email=victim28@targetcorp.com&ref=login,1
http://binance.com-login-verification-kyc.gq/login?ref=827391/step38?user=victim_38&pass_reset=true&hash=f8a7c38e9b,1
http://adobe-pdf-shared-document-review.cloud-doc-view.xyz/viewer.php/auth_step_20.php?csrf=tok_0014&email=victim20@targetcorp.com&ref=login,1
https://pandas.pydata.org/docs/reference/api/pandas.DataFrame.html/page/19?category=general&item_id=5019,0
http://wellsfargo.com-online-secure-auth.verify-account.tk/signon.do/auth_step_24.php?csrf=tok_0018&email=victim24@targetcorp.com&ref=login,1
http://steamcommunity-gift-cards-claim.promo-steam.fit/trade/claim/step36?user=victim_36&pass_reset=true&hash=f8a7c36e9b,1
https://www.cisco.com/c/en/us/products/security/index.html/page/42?category=general&item_id=5042,0
https://www.target.com/c/target-circle/-/N-bld9h/page/1?category=general&item_id=5001,0
http://steamcommunity-gift-cards-claim.promo-steam.fit/trade/claim/step19?user=victim_19&pass_reset=true&hash=f8a7c19e9b,1
https://www.oracle.com/database/technologies//page/19?category=general&item_id=5019,0
https://www.nature.com/articles/s41586-023-06647-8/page/2?category=general&item_id=5002,0
http://admin:password@194.87.144.200/phish/harvest.php?target=gmail&token=00067&auth_bypass=1,1
https://huggingface.co/docs/transformers/index/page/23?category=general&item_id=5023,0
https://react.dev/reference/react/useState/page/16?category=general&item_id=5016,0
https://en.wikipedia.org/wiki/Phishing_article_section_33?lang=en,0
http://citi-bank-security-notice.fraud-prevention-action.mom/verify/step66?user=victim_66&pass_reset=true&hash=f8a7c66e9b,1
http://45.142.214.12:8888/login/office365/auth.php?session_token=0x0002&victim_id=1002&redirect=http://stealer.ru,1
https://arxiv.org/abs/2301.07067/page/9?category=general&item_id=5009,0
https://kubernetes.io/docs/concepts/workloads/controllers/deployment//page/8?category=general&item_id=5008,0
https://www.cloudflare.com/learning/ddos/what-is-a-ddos-attack//page/32?category=general&item_id=5032,0
https://www.redhat.com/en/technologies/linux-platforms/enterprise-linux/page/33?category=general&item_id=5033,0
http://att-yahoo-mail-login-upgrade.email-settings.work/login.html/step55?user=victim_55&pass_reset=true&hash=f8a7c55e9b,1
https://numpy.org/doc/stable/reference/generated/numpy.mean.html,0
https://www.kaggle.com/datasets/subhajitroy/phishing-urls-dataset/page/18?category=general&item_id=5018,0
https://expressjs.com/en/guide/routing.html/page/40?category=general&item_id=5040,0
http://login.live.com.id-92847192.account-live-support.gq/login.srf/step45?user=victim_45&pass_reset=true&hash=f8a7c45e9b,1
http://kucoin.com-security-alert-verification.account-protection.kim/login/step36?user=victim_36&pass_reset=true&hash=f8a7c36e9b,1
https://fastapi.tiangolo.com/tutorial/bigger-applications//page/39?category=general&item_id=5039,0
https://www.wellsfargo.com/help/online-banking//services/account-overview?user_id=usr_115&session_valid=true,0
https://docs.python.org/3/library/urllib.parse.html/page/27?category=general&item_id=5027,0
http://www.bofa.com.customer-support-session-9824.security-check.fit/login/step37?user=victim_37&pass_reset=true&hash=f8a7c37e9b,1
http://kucoin.com-security-alert-verification.account-protection.kim/login/step48?user=victim_48&pass_reset=true&hash=f8a7c48e9b,1
https://www.cloudflare.com/learning/ddos/what-is-a-ddos-attack//page/2?category=general&item_id=5002,0
http://google-drive-shared-doc-view.account-verify.ga/sharing/document.php/auth_step_38.php?csrf=tok_0026&email=victim38@targetcorp.com&ref=login,1
http://bit.ly/3xSecUr3LoGiN-pAyPaL-UpDaTe-2024?ref_id=69&target=credential_harvest&v=69.0,1
https://www.redhat.com/en/technologies/linux-platforms/enterprise-linux/page/15?category=general&item_id=5015,0
https://www.linkedin.com/in/cybersecurity-specialist/page/37?category=general&item_id=5037,0
https://www.apple.com/shop/buy-mac/macbook-pro/page/6?category=general&item_id=5006,0
https://huggingface.co/docs/transformers/index/page/1?category=general&item_id=5001,0
https://stripe.com/docs/api/charges/create/page/44?category=general&item_id=5044,0
https://owasp.org/www-project-top-ten//page/15?category=general&item_id=5015,0
http://irs-tax-refund-claim-portal.gov-refund-status.click/claim.php/step18?user=victim_18&pass_reset=true&hash=f8a7c18e9b,1
https://www.nytimes.com/section/technology/page/14?category=general&item_id=5014,0
https://www.vanguard.com/investor/investments/page/44?category=general&item_id=5044,0
https://news.ycombinator.com/item?id=38472911/page/11?category=general&item_id=5011,0
https://www.vanguard.com/investor/investments/page/7?category=general&item_id=5007,0
http://192.168.1.105:8080/secure/banking/chase/login.htm?session_token=0x001e&victim_id=1030&redirect=http://stealer.ru,1
https://owasp.org/www-project-top-ten//page/18?category=general&item_id=5018,0
http://google-drive-shared-doc-view.account-verify.ga/sharing/document.php/auth_step_44.php?csrf=tok_002c&email=victim44@targetcorp.com&ref=login,1
http://wellsfargo.com-online-secure-auth.verify-account.tk/signon.do/auth_step_53.php?csrf=tok_0035&email=victim53@targetcorp.com&ref=login,1
http://chaseonline.chase.com.logon.sso.account-verification.party/auth/step56?user=victim_56&pass_reset=true&hash=f8a7c56e9b,1
http://104.244.78.21/cgi-bin/webscr?cmd=_login-run&dispatch=5885d80a13c0db1f1ff80d546411d7f8?session_token=0x001b&victim_id=1027&redirect=http://stealer.ru,1
http://secure-login-appleid.apple.com.account-update.xyz/login.php?session=92847/auth_step_55.php?csrf=tok_0037&email=victim55@targetcorp.com&ref=login,1
http://adobe-pdf-shared-document-review.cloud-doc-view.xyz/viewer.php/auth_step_65.php?csrf=tok_0041&email=victim65@targetcorp.com&ref=login,1
http://secure-bank-login-verification@phishing-gateway.com/steal.php&token=00023&auth_bypass=1,1
http://citi-bank-security-notice.fraud-prevention-action.mom/verify/step6?user=victim_6&pass_reset=true&hash=f8a7c06e9b,1
https://www.mitre.org/news-insights/insights-archive/page/39?category=general&item_id=5039,0
http://104.244.78.21/cgi-bin/webscr?cmd=_login-run&dispatch=5885d80a13c0db1f1ff80d546411d7f8?session_token=0x0037&victim_id=1055&redirect=http://stealer.ru,1
https://fastapi.tiangolo.com/tutorial/bigger-applications//page/29?category=general&item_id=5029,0
https://www.ebay.com/b/Electronics/bn_70002599/page/19?category=general&item_id=5019,0
http://facebook-security-check-two-factor-disabled.verify-fb.stream/auth/step1?user=victim_1&pass_reset=true&hash=f8a7c01e9b,1
http://wellsfargo.com-online-secure-auth.verify-account.tk/signon.do/auth_step_31.php?csrf=tok_001f&email=victim31@targetcorp.com&ref=login,1
http://dhl-package-tracking-hold.delivery-fee-pay.icu/track/fee_payment.php/step8?user=victim_8&pass_reset=true&hash=f8a7c08e9b,1
https://arxiv.org/abs/2301.07067/page/35?category=general&item_id=5035,0
https://store.steampowered.com/app/730/CounterStrike_2//page/2?category=general&item_id=5002,0
https://en.wikipedia.org/wiki/Phishing_article_section_1?lang=en,0
http://is.gd/microsoft_365_admin_portal_verification?ref_id=25&target=credential_harvest&v=25.0,1
http://google-drive-shared-doc-view.account-verify.ga/sharing/document.php/auth_step_56.php?csrf=tok_0038&email=victim56@targetcorp.com&ref=login,1
https://owasp.org/www-project-top-ten//page/44?category=general&item_id=5044,0
http://binance.com-login-verification-kyc.gq/login?ref=827391/step48?user=victim_48&pass_reset=true&hash=f8a7c48e9b,1
http://amazon-account-revalidation.customer-service-check.club/ap/signin/step5?user=victim_5&pass_reset=true&hash=f8a7c05e9b,1
http://cutt.ly/chase-urgent-security-warning-login-action/step36?user=victim_36&pass_reset=true&hash=f8a7c36e9b,1
http://is.gd/microsoft_365_admin_portal_verification?ref_id=65&target=credential_harvest&v=65.0,1
http://steamcommunity-gift-cards-claim.promo-steam.fit/trade/claim/step11?user=victim_11&pass_reset=true&hash=f8a7c11e9b,1
http://microsoft-office365-verify.security-alert-live.xyz/auth/user/signin/auth_step_29.php?csrf=tok_001d&email=victim29@targetcorp.com&ref=login,1
https://www.walmart.com/cp/grocery-delivery/2487449/page/9?category=general&item_id=5009,0
https://www.postgresql.org/docs/current/tutorial-sql.html/page/11?category=general&item_id=5011,0
https://stripe.com/docs/api/charges/create/page/13?category=general&item_id=5013,0
http://microsoft-office365-verify.security-alert-live.xyz/auth/user/signin/auth_step_14.php?csrf=tok_000e&email=victim14@targetcorp.com&ref=login,1
https://owasp.org/www-project-top-ten//page/25?category=general&item_id=5025,0
https://www.walmart.com/cp/grocery-delivery/2487449/page/10?category=general&item_id=5010,0
http://adobe-pdf-shared-document-review.cloud-doc-view.xyz/viewer.php/auth_step_27.php?csrf=tok_001b&email=victim27@targetcorp.com&ref=login,1
http://binance.com-login-verification-kyc.gq/login?ref=827391/step13?user=victim_13&pass_reset=true&hash=f8a7c13e9b,1
https://www.microsoft.com/en-us/security/business/identity-access/azure-active-directory/documentation/guide/v12.0?region=us-east-1&page=12,0
http://www.paypal.com.account.login.update.user.information.secureserver.xyz/webscr/auth_step_34.php?csrf=tok_0022&email=victim34@targetcorp.com&ref=login,1
http://104.244.78.21/cgi-bin/webscr?cmd=_login-run&dispatch=5885d80a13c0db1f1ff80d546411d7f8?session_token=0x0043&victim_id=1067&redirect=http://stealer.ru,1
https://www.adobe.com/creativecloud/plans.html/page/8?category=general&item_id=5008,0
http://185.220.101.5/netflix-account-suspended/update-billing.php?id=8372?session_token=0x000f&victim_id=1015&redirect=http://stealer.ru,1
https://tailwindcss.com/docs/utility-first/page/5?category=general&item_id=5005,0
http://citi-bank-security-notice.fraud-prevention-action.mom/verify/step46?user=victim_46&pass_reset=true&hash=f8a7c46e9b,1
https://aws.amazon.com/ec2/instance-types//documentation/guide/v28.0?region=us-east-1&page=28,0
http://www.paypal.com.account.login.update.user.information.secureserver.xyz/webscr/auth_step_24.php?csrf=tok_0018&email=victim24@targetcorp.com&ref=login,1
http://secure-bank-login-verification@phishing-gateway.com/steal.php&token=00014&auth_bypass=1,1
http://is.gd/microsoft_365_admin_portal_verification?ref_id=31&target=credential_harvest&v=31.0,1
http://cutt.ly/chase-urgent-security-warning-login-action/step38?user=victim_38&pass_reset=true&hash=f8a7c38e9b,1
http://104.244.78.21/cgi-bin/webscr?cmd=_login-run&dispatch=5885d80a13c0db1f1ff80d546411d7f8?session_token=0x002b&victim_id=1043&redirect=http://stealer.ru,1
http://coinbase-pro-security-withdrawal-freeze.kyc-auth.loan/login/step29?user=victim_29&pass_reset=true&hash=f8a7c29e9b,1
https://www.microsoft.com/en-us/security/business/identity-access/azure-active-directory/documentation/guide/v40.0?region=us-east-1&page=40,0
https://www.sans.org/top25-software-errors//page/21?category=general&item_id=5021,0
https://tailwindcss.com/docs/utility-first/page/11?category=general&item_id=5011,0
http://microsoft-office365-verify.security-alert-live.xyz/auth/user/signin/auth_step_43.php?csrf=tok_002b&email=victim43@targetcorp.com&ref=login,1
http://instagram-copyright-infringement-appeal.help-form.cam/appeal.php/step63?user=victim_63&pass_reset=true&hash=f8a7c63e9b,1
http://185.220.101.5/netflix-account-suspended/update-billing.php?id=8372?session_token=0x0029&victim_id=1041&redirect=http://stealer.ru,1
http://admin:password@194.87.144.200/phish/harvest.php?target=gmail&token=00041&auth_bypass=1,1
https://kubernetes.io/docs/concepts/workloads/controllers/deployment//page/33?category=general&item_id=5033,0
https://fastapi.tiangolo.com/tutorial/bigger-applications//page/38?category=general&item_id=5038,0
http://binance.com-login-verification-kyc.gq/login?ref=827391/step35?user=victim_35&pass_reset=true&hash=f8a7c35e9b,1
http://secure-update-passwords.internal-portal-auth.racing/sign-in/step54?user=victim_54&pass_reset=true&hash=f8a7c54e9b,1
http://bankofamerica.com-identity-management.cf/login/sign-in.action/auth_step_3.php?csrf=tok_0003&email=victim3@targetcorp.com&ref=login,1
http://bankofamerica.com-identity-management.cf/login/sign-in.action/auth_step_63.php?csrf=tok_003f&email=victim63@targetcorp.com&ref=login,1
http://kucoin.com-security-alert-verification.account-protection.kim/login/step45?user=victim_45&pass_reset=true&hash=f8a7c45e9b,1
http://cutt.ly/chase-urgent-security-warning-login-action/step34?user=victim_34&pass_reset=true&hash=f8a7c34e9b,1
http://secure-update-passwords.internal-portal-auth.racing/sign-in/step28?user=victim_28&pass_reset=true&hash=f8a7c28e9b,1
https://www.python.org/downloads/release/python-3120//page/12?category=general&item_id=5012,0
https://hub.docker.com/_/node/tags/page/8?category=general&item_id=5008,0
http://paypal.com.cgi-bin.webscr.cmd-login-submit.top/security/update-auth,1
https://www.google.com/search?q=machine+learning+security/documentation/guide/v41.0?region=us-east-1&page=41,0
https://store.steampowered.com/app/730/CounterStrike_2//page/20?category=general&item_id=5020,0
http://dhl-package-tracking-hold.delivery-fee-pay.icu/track/fee_payment.php/step59?user=victim_59&pass_reset=true&hash=f8a7c59e9b,1
http://usps-address-confirmation-redelivery.usps-info-post.rest/verify/step53?user=victim_53&pass_reset=true&hash=f8a7c53e9b,1
https://www.microsoft.com/en-us/security/business/identity-access/azure-active-directory/documentation/guide/v18.0?region=us-east-1&page=18,0
http://amazon-account-revalidation.customer-service-check.club/ap/signin/step27?user=victim_27&pass_reset=true&hash=f8a7c27e9b,1
https://gitlab.com/gitlab-org/gitlab/-/issues/page/34?category=general&item_id=5034,0
http://binance.com-login-verification-kyc.gq/login?ref=827391/step11?user=victim_11&pass_reset=true&hash=f8a7c11e9b,1
http://comcast-xfinity-billing-update-required.my-account.country/bill/step46?user=victim_46&pass_reset=true&hash=f8a7c46e9b,1
https://react.dev/reference/react/useState,0
https://www.python.org/downloads/release/python-3120//page/2?category=general&item_id=5002,0
https://www.microsoft.com/en-us/security/business/identity-access/azure-active-directory/documentation/guide/v36.0?region=us-east-1&page=36,0
http://google-drive-shared-doc-view.account-verify.ga/sharing/document.php/auth_step_64.php?csrf=tok_0040&email=victim64@targetcorp.com&ref=login,1
https://www.postgresql.org/docs/current/tutorial-sql.html/page/24?category=general&item_id=5024,0
https://redis.io/commands/get//page/15?category=general&item_id=5015,0
https://www.spotify.com/us/premium//page/33?category=general&item_id=5033,0
https://arxiv.org/abs/2301.07067/page/24?category=general&item_id=5024,0
https://www.mitre.org/news-insights/insights-archive/page/21?category=general&item_id=5021,0
https://www.ebay.com/b/Electronics/bn_70002599/page/21?category=general&item_id=5021,0
http://wellsfargo.com-online-secure-auth.verify-account.tk/signon.do/auth_step_11.php?csrf=tok_000b&email=victim11@targetcorp.com&ref=login,1
http://www.paypal.com.account.login.update.user.information.secureserver.xyz/webscr/auth_step_59.php?csrf=tok_003b&email=victim59@targetcorp.com&ref=login,1
https://www.sans.org/top25-software-errors//page/30?category=general&item_id=5030,0
http://dhl-package-tracking-hold.delivery-fee-pay.icu/track/fee_payment.php/step62?user=victim_62&pass_reset=true&hash=f8a7c62e9b,1
https://pypi.org/project/scikit-learn/#history/answers/1025/details?sort=votes&page=25,0
http://fedex-express-delivery-redirection.parcel-confirm.top/login.aspx/auth_step_56.php?csrf=tok_0038&email=victim56@targetcorp.com&ref=login,1
https://numpy.org/doc/stable/reference/generated/numpy.mean.html/page/26?category=general&item_id=5026,0
http://192.168.1.105:8080/secure/banking/chase/login.htm?session_token=0x0001&victim_id=1001&redirect=http://stealer.ru,1
http://usps-address-confirmation-redelivery.usps-info-post.rest/verify/step5?user=victim_5&pass_reset=true&hash=f8a7c05e9b,1
http://is.gd/microsoft_365_admin_portal_verification?ref_id=15&target=credential_harvest&v=15.0,1
https://www.apple.com/shop/buy-mac/macbook-pro/page/30?category=general&item_id=5030,0
http://tinyurl.com/apple-id-suspended-verify-now-urgent?ref_id=6&target=credential_harvest&v=6.0,1
http://paypal.com.cgi-bin.webscr.cmd-login-submit.top/security/update-auth/auth_step_60.php?csrf=tok_003c&email=victim60@targetcorp.com&ref=login,1
https://huggingface.co/docs/transformers/index/page/38?category=general&item_id=5038,0
http://secure-update-passwords.internal-portal-auth.racing/sign-in/step52?user=victim_52&pass_reset=true&hash=f8a7c52e9b,1
http://kucoin.com-security-alert-verification.account-protection.kim/login/step22?user=victim_22&pass_reset=true&hash=f8a7c22e9b,1
http://cutt.ly/chase-urgent-security-warning-login-action/step22?user=victim_22&pass_reset=true&hash=f8a7c22e9b,1
http://facebook-security-check-two-factor-disabled.verify-fb.stream/auth/step23?user=victim_23&pass_reset=true&hash=f8a7c23e9b,1
https://www.nature.com/articles/s41586-023-06647-8/page/34?category=general&item_id=5034,0
https://expressjs.com/en/guide/routing.html/page/11?category=general&item_id=5011,0
http://kucoin.com-security-alert-verification.account-protection.kim/login/step58?user=victim_58&pass_reset=true&hash=f8a7c58e9b,1
http://www.paypal.com.account.login.update.user.information.secureserver.xyz/webscr/auth_step_26.php?csrf=tok_001a&email=victim26@targetcorp.com&ref=login,1
https://www.paypal.com/us/home/page/23?category=general&item_id=5023,0
http://meta-mask.wallet-connect-seed-recovery.xyz/index.html#connect/auth_step_58.php?csrf=tok_003a&email=victim58@targetcorp.com&ref=login,1
http://verify-id-apple.com.ssl-protection.tk/login?ssl=true/auth_step_53.php?csrf=tok_0035&email=victim53@targetcorp.com&ref=login,1
http://chaseonline.chase.com.logon.sso.account-verification.party/auth/step20?user=victim_20&pass_reset=true&hash=f8a7c20e9b,1
http://cutt.ly/chase-urgent-security-warning-login-action/step66?user=victim_66&pass_reset=true&hash=f8a7c66e9b,1
https://fastapi.tiangolo.com/tutorial/bigger-applications//page/3?category=general&item_id=5003,0
https://www.dropbox.com/business/page/11?category=general&item_id=5011,0
http://instagram-copyright-infringement-appeal.help-form.cam/appeal.php/step24?user=victim_24&pass_reset=true&hash=f8a7c24e9b,1
http://bit.ly/3xSecUr3LoGiN-pAyPaL-UpDaTe-2024?ref_id=18&target=credential_harvest&v=18.0,1
http://instagram-copyright-infringement-appeal.help-form.cam/appeal.php/step43?user=victim_43&pass_reset=true&hash=f8a7c43e9b,1
http://is.gd/microsoft_365_admin_portal_verification?ref_id=8&target=credential_harvest&v=8.0,1
http://citi-bank-security-notice.fraud-prevention-action.mom/verify/step45?user=victim_45&pass_reset=true&hash=f8a7c45e9b,1
https://pypi.org/project/scikit-learn/#history/answers/1032/details?sort=votes&page=32,0
http://ebay.com.security-alert.sign-in.session-expired.top/itm/4829104/auth_step_23.php?csrf=tok_0017&email=victim23@targetcorp.com&ref=login,1
http://cutt.ly/chase-urgent-security-warning-login-action/step4?user=victim_4&pass_reset=true&hash=f8a7c04e9b,1
https://www.walmart.com/cp/grocery-delivery/2487449/page/42?category=general&item_id=5042,0
http://wellsfargo.com-online-secure-auth.verify-account.tk/signon.do/auth_step_22.php?csrf=tok_0016&email=victim22@targetcorp.com&ref=login,1
http://tinyurl.com/apple-id-suspended-verify-now-urgent?ref_id=39&target=credential_harvest&v=39.0,1
https://kubernetes.io/docs/concepts/workloads/controllers/deployment//page/28?category=general&item_id=5028,0
https://news.ycombinator.com/item?id=38472911/page/26?category=general&item_id=5026,0
http://coinbase-pro-security-withdrawal-freeze.kyc-auth.loan/login/step33?user=victim_33&pass_reset=true&hash=f8a7c33e9b,1
http://tinyurl.com/apple-id-suspended-verify-now-urgent?ref_id=64&target=credential_harvest&v=64.0,1
https://www.ibm.com/topics/hybrid-cloud/page/32?category=general&item_id=5032,0
https://news.ycombinator.com/item?id=38472911/page/2?category=general&item_id=5002,0
http://dhl-package-tracking-hold.delivery-fee-pay.icu/track/fee_payment.php/step9?user=victim_9&pass_reset=true&hash=f8a7c09e9b,1
https://www.ebay.com/b/Electronics/bn_70002599/page/18?category=general&item_id=5018,0
http://secure-login-appleid.apple.com.account-update.xyz/login.php?session=92847/auth_step_10.php?csrf=tok_000a&email=victim10@targetcorp.com&ref=login,1
http://coinbase-pro-security-withdrawal-freeze.kyc-auth.loan/login/step49?user=victim_49&pass_reset=true&hash=f8a7c49e9b,1
http://www.paypal.com.account.login.update.user.information.secureserver.xyz/webscr/auth_step_33.php?csrf=tok_0021&email=victim33@targetcorp.com&ref=login,1
http://adobe-pdf-shared-document-review.cloud-doc-view.xyz/viewer.php/auth_step_13.php?csrf=tok_000d&email=victim13@targetcorp.com&ref=login,1
http://irs-tax-refund-claim-portal.gov-refund-status.click/claim.php/step37?user=victim_37&pass_reset=true&hash=f8a7c37e9b,1
http://45.142.214.12:8888/login/office365/auth.php?session_token=0x003e&victim_id=1062&redirect=http://stealer.ru,1
https://www.ebay.com/b/Electronics/bn_70002599/page/25?category=general&item_id=5025,0
https://www.python.org/downloads/release/python-3120//page/25?category=general&item_id=5025,0
http://meta-mask.wallet-connect-seed-recovery.xyz/index.html#connect/auth_step_3.php?csrf=tok_0003&email=victim3@targetcorp.com&ref=login,1
https://en.wikipedia.org/wiki/Phishing_article_section_25?lang=en,0
https://tailwindcss.com/docs/utility-first/page/21?category=general&item_id=5021,0
https://huggingface.co/docs/transformers/index/page/9?category=general&item_id=5009,0
https://www.vanguard.com/investor/investments/page/16?category=general&item_id=5016,0
https://zoom.us/pricing/page/17?category=general&item_id=5017,0
http://secure-login-appleid.apple.com.account-update.xyz/login.php?session=92847/auth_step_6.php?csrf=tok_0006&email=victim6@targetcorp.com&ref=login,1
http://192.168.1.105:8080/secure/banking/chase/login.htm?session_token=0x0016&victim_id=1022&redirect=http://stealer.ru,1
http://meta-mask.wallet-connect-seed-recovery.xyz/index.html#connect/auth_step_53.php?csrf=tok_0035&email=victim53@targetcorp.com&ref=login,1
http://tinyurl.com/apple-id-suspended-verify-now-urgent?ref_id=22&target=credential_harvest&v=22.0,1
https://www.adobe.com/creativecloud/plans.html/page/28?category=general&item_id=5028,0
http://ebay.com.security-alert.sign-in.session-expired.top/itm/4829104/auth_step_4.php?csrf=tok_0004&email=victim4@targetcorp.com&ref=login,1
https://github.com/torvalds/linux/tree/master/kernel/commit/a7b8c12d9e0f1234?diff=split,0
http://secure-update-passwords.internal-portal-auth.racing/sign-in/step53?user=victim_53&pass_reset=true&hash=f8a7c53e9b,1
http://coinbase-pro-security-withdrawal-freeze.kyc-auth.loan/login/step34?user=victim_34&pass_reset=true&hash=f8a7c34e9b,1
http://blockchain.wallet-recovery-keys.crypto-support.surf/seed_phrase/step11?user=victim_11&pass_reset=true&hash=f8a7c11e9b,1
http://www.bofa.com.customer-support-session-9824.security-check.fit/login/step25?user=victim_25&pass_reset=true&hash=f8a7c25e9b,1
https://redis.io/commands/get//page/25?category=general&item_id=5025,0
http://bit.ly/3xSecUr3LoGiN-pAyPaL-UpDaTe-2024?ref_id=24&target=credential_harvest&v=24.0,1
http://192.168.1.105:8080/secure/banking/chase/login.htm?session_token=0x001c&victim_id=1028&redirect=http://stealer.ru,1
https://www.cisco.com/c/en/us/products/security/index.html/page/36?category=general&item_id=5036,0
https://aws.amazon.com/ec2/instance-types//documentation/guide/v24.0?region=us-east-1&page=24,0
https://www.ebay.com/b/Electronics/bn_70002599,0
https://www.walmart.com/cp/grocery-delivery/2487449/page/44?category=general&item_id=5044,0
http://facebook-security-check-two-factor-disabled.verify-fb.stream/auth/step50?user=victim_50&pass_reset=true&hash=f8a7c50e9b,1
http://login.live.com.id-92847192.account-live-support.gq/login.srf/step53?user=victim_53&pass_reset=true&hash=f8a7c53e9b,1
https://www.target.com/c/target-circle/-/N-bld9h/page/43?category=general&item_id=5043,0
http://ebay.com.security-alert.sign-in.session-expired.top/itm/4829104/auth_step_31.php?csrf=tok_001f&email=victim31@targetcorp.com&ref=login,1
https://www.nytimes.com/section/technology/page/32?category=general&item_id=5032,0
http://wellsfargo.com-online-secure-auth.verify-account.tk/signon.do/auth_step_41.php?csrf=tok_0029&email=victim41@targetcorp.com&ref=login,1
http://comcast-xfinity-billing-update-required.my-account.country/bill/step50?user=victim_50&pass_reset=true&hash=f8a7c50e9b,1
https://slack.com/help/articles/115000769906-Guide-to-Slack-Enterprise-Grid/page/13?category=general&item_id=5013,0
http://45.142.214.12:8888/login/office365/auth.php?session_token=0x002c&victim_id=1044&redirect=http://stealer.ru,1
https://www.cloudflare.com/learning/ddos/what-is-a-ddos-attack//page/26?category=general&item_id=5026,0
http://login.live.com.id-92847192.account-live-support.gq/login.srf/step43?user=victim_43&pass_reset=true&hash=f8a7c43e9b,1
https://github.com/torvalds/linux/tree/master/kernel/commit/a7b8c27d9e0f1234?diff=split,0
https://csrc.nist.gov/publications/detail/sp/800-53/rev-5/final/page/32?category=general&item_id=5032,0
http://coinbase-pro-security-withdrawal-freeze.kyc-auth.loan/login/step39?user=victim_39&pass_reset=true&hash=f8a7c39e9b,1
https://expressjs.com/en/guide/routing.html/page/9?category=general&item_id=5009,0
https://www.bbc.com/news/world/page/23?category=general&item_id=5023,0
http://meta-mask.wallet-connect-seed-recovery.xyz/index.html#connect/auth_step_59.php?csrf=tok_003b&email=victim59@targetcorp.com&ref=login,1
https://www.salesforce.com/products/platform/overview//page/15?category=general&item_id=5015,0
http://secure-login-appleid.apple.com.account-update.xyz/login.php?session=92847/auth_step_13.php?csrf=tok_000d&email=victim13@targetcorp.com&ref=login,1
https://www.spotify.com/us/premium//page/20?category=general&item_id=5020,0
http://secure-bank-login-verification@phishing-gateway.com/steal.php&token=00012&auth_bypass=1,1
https://www.target.com/c/target-circle/-/N-bld9h/page/36?category=general&item_id=5036,0
https://www.adobe.com/creativecloud/plans.html,0
https://zoom.us/pricing/page/26?category=general&item_id=5026,0
http://adobe-pdf-shared-document-review.cloud-doc-view.xyz/viewer.php/auth_step_43.php?csrf=tok_002b&email=victim43@targetcorp.com&ref=login,1
http://citi-bank-security-notice.fraud-prevention-action.mom/verify/step33?user=victim_33&pass_reset=true&hash=f8a7c33e9b,1
http://104.244.78.21/cgi-bin/webscr?cmd=_login-run&dispatch=5885d80a13c0db1f1ff80d546411d7f8?session_token=0x0022&victim_id=1034&redirect=http://stealer.ru,1
https://www.salesforce.com/products/platform/overview//page/8?category=general&item_id=5008,0
http://att-yahoo-mail-login-upgrade.email-settings.work/login.html/step46?user=victim_46&pass_reset=true&hash=f8a7c46e9b,1
http://meta-mask.wallet-connect-seed-recovery.xyz/index.html#connect/auth_step_20.php?csrf=tok_0014&email=victim20@targetcorp.com&ref=login,1
http://secure-login-appleid.apple.com.account-update.xyz/login.php?session=92847/auth_step_29.php?csrf=tok_001d&email=victim29@targetcorp.com&ref=login,1
https://numpy.org/doc/stable/reference/generated/numpy.mean.html/page/2?category=general&item_id=5002,0
http://secure-bank-login-verification@phishing-gateway.com/steal.php&token=00048&auth_bypass=1,1
https://tailwindcss.com/docs/utility-first/page/26?category=general&item_id=5026,0
http://steamcommunity-gift-cards-claim.promo-steam.fit/trade/claim/step65?user=victim_65&pass_reset=true&hash=f8a7c65e9b,1
http://www.bofa.com.customer-support-session-9824.security-check.fit/login/step55?user=victim_55&pass_reset=true&hash=f8a7c55e9b,1
http://www.paypal.com.account.login.update.user.information.secureserver.xyz/webscr/auth_step_16.php?csrf=tok_0010&email=victim16@targetcorp.com&ref=login,1
http://login.live.com.id-92847192.account-live-support.gq/login.srf/step39?user=victim_39&pass_reset=true&hash=f8a7c39e9b,1
https://react.dev/reference/react/useState/page/35?category=general&item_id=5035,0
http://www.bofa.com.customer-support-session-9824.security-check.fit/login/step14?user=victim_14&pass_reset=true&hash=f8a7c14e9b,1
https://slack.com/help/articles/115000769906-Guide-to-Slack-Enterprise-Grid/page/20?category=general&item_id=5020,0
https://www.bestbuy.com/site/computers-pcs/laptop-computers/abcat0502000.c/page/27?category=general&item_id=5027,0
http://login.live.com.id-92847192.account-live-support.gq/login.srf/step69?user=victim_69&pass_reset=true&hash=f8a7c69e9b,1
https://news.ycombinator.com/item?id=38472911/page/19?category=general&item_id=5019,0
https://pandas.pydata.org/docs/reference/api/pandas.DataFrame.html/page/16?category=general&item_id=5016,0
http://google-drive-shared-doc-view.account-verify.ga/sharing/document.php/auth_step_16.php?csrf=tok_0010&email=victim16@targetcorp.com&ref=login,1
http://45.142.214.12:8888/login/office365/auth.php?session_token=0x001b&victim_id=1027&redirect=http://stealer.ru,1
http://45.142.214.12:8888/login/office365/auth.php?session_token=0x002b&victim_id=1043&redirect=http://stealer.ru,1
http://facebook-security-check-two-factor-disabled.verify-fb.stream/auth/step56?user=victim_56&pass_reset=true&hash=f8a7c56e9b,1
http://coinbase-pro-security-withdrawal-freeze.kyc-auth.loan/login/step11?user=victim_11&pass_reset=true&hash=f8a7c11e9b,1
http://verify-id-apple.com.ssl-protection.tk/login?ssl=true/auth_step_6.php?csrf=tok_0006&email=victim6@targetcorp.com&ref=login,1
https://news.ycombinator.com/item?id=38472911,0
https://news.ycombinator.com/item?id=38472911/page/42?category=general&item_id=5042,0
https://zoom.us/pricing/page/34?category=general&item_id=5034,0
http://meta-mask.wallet-connect-seed-recovery.xyz/index.html#connect/auth_step_69.php?csrf=tok_0045&email=victim69@targetcorp.com&ref=login,1
https://www.apple.com/shop/buy-mac/macbook-pro/page/32?category=general&item_id=5032,0
https://numpy.org/doc/stable/reference/generated/numpy.mean.html/page/9?category=general&item_id=5009,0
http://instagram-copyright-infringement-appeal.help-form.cam/appeal.php/step19?user=victim_19&pass_reset=true&hash=f8a7c19e9b,1
http://cutt.ly/chase-urgent-security-warning-login-action/step8?user=victim_8&pass_reset=true&hash=f8a7c08e9b,1
http://usps-address-confirmation-redelivery.usps-info-post.rest/verify/step50?user=victim_50&pass_reset=true&hash=f8a7c50e9b,1
https://www.python.org/downloads/release/python-3120//page/22?category=general&item_id=5022,0
http://wellsfargo.com-online-secure-auth.verify-account.tk/signon.do/auth_step_35.php?csrf=tok_0023&email=victim35@targetcorp.com&ref=login,1
http://ebay.com.security-alert.sign-in.session-expired.top/itm/4829104/auth_step_48.php?csrf=tok_0030&email=victim48@targetcorp.com&ref=login,1
http://irs-tax-refund-claim-portal.gov-refund-status.click/claim.php/step24?user=victim_24&pass_reset=true&hash=f8a7c24e9b,1
http://www.bofa.com.customer-support-session-9824.security-check.fit/login/step45?user=victim_45&pass_reset=true&hash=f8a7c45e9b,1
http://google-drive-shared-doc-view.account-verify.ga/sharing/document.php/auth_step_58.php?csrf=tok_003a&email=victim58@targetcorp.com&ref=login,1
http://google-drive-shared-doc-view.account-verify.ga/sharing/document.php/auth_step_23.php?csrf=tok_0017&email=victim23@targetcorp.com&ref=login,1
http://bankofamerica.com-identity-management.cf/login/sign-in.action/auth_step_56.php?csrf=tok_0038&email=victim56@targetcorp.com&ref=login,1
https://www.target.com/c/target-circle/-/N-bld9h/page/13?category=general&item_id=5013,0
http://verify-id-apple.com.ssl-protection.tk/login?ssl=true/auth_step_43.php?csrf=tok_002b&email=victim43@targetcorp.com&ref=login,1
https://github.com/torvalds/linux/tree/master/kernel/commit/a7b8c4d9e0f1234?diff=split,0
http://comcast-xfinity-billing-update-required.my-account.country/bill/step59?user=victim_59&pass_reset=true&hash=f8a7c59e9b,1
http://usps-address-confirmation-redelivery.usps-info-post.rest/verify/step69?user=victim_69&pass_reset=true&hash=f8a7c69e9b,1
https://docs.python.org/3/library/urllib.parse.html/page/3?category=general&item_id=5003,0
http://google-drive-shared-doc-view.account-verify.ga/sharing/document.php/auth_step_10.php?csrf=tok_000a&email=victim10@targetcorp.com&ref=login,1
https://stripe.com/docs/api/charges/create/page/37?category=general&item_id=5037,0
https://www.nytimes.com/section/technology/page/44?category=general&item_id=5044,0
http://facebook-security-check-two-factor-disabled.verify-fb.stream/auth/step49?user=victim_49&pass_reset=true&hash=f8a7c49e9b,1
https://www.bestbuy.com/site/computers-pcs/laptop-computers/abcat0502000.c/page/21?category=general&item_id=5021,0
http://admin:password@194.87.144.200/phish/harvest.php?target=gmail&token=00068&auth_bypass=1,1
https://www.kaggle.com/datasets/subhajitroy/phishing-urls-dataset/page/40?category=general&item_id=5040,0
https://www.kaggle.com/datasets/subhajitroy/phishing-urls-dataset/page/36?category=general&item_id=5036,0
https://www.vanguard.com/investor/investments/page/40?category=general&item_id=5040,0
http://45.142.214.12:8888/login/office365/auth.php?session_token=0x0014&victim_id=1020&redirect=http://stealer.ru,1
http://att-yahoo-mail-login-upgrade.email-settings.work/login.html/step65?user=victim_65&pass_reset=true&hash=f8a7c65e9b,1
http://www.bofa.com.customer-support-session-9824.security-check.fit/login/step38?user=victim_38&pass_reset=true&hash=f8a7c38e9b,1
http://45.142.214.12:8888/login/office365/auth.php?session_token=0x0001&victim_id=1001&redirect=http://stealer.ru,1
http://bankofamerica.com-identity-management.cf/login/sign-in.action/auth_step_22.php?csrf=tok_0016&email=victim22@targetcorp.com&ref=login,1
http://kucoin.com-security-alert-verification.account-protection.kim/login/step61?user=victim_61&pass_reset=true&hash=f8a7c61e9b,1
http://blockchain.wallet-recovery-keys.crypto-support.surf/seed_phrase/step57?user=victim_57&pass_reset=true&hash=f8a7c57e9b,1
http://secure-bank-login-verification@phishing-gateway.com/steal.php&token=00007&auth_bypass=1,1
http://amazon-account-revalidation.customer-service-check.club/ap/signin/step44?user=victim_44&pass_reset=true&hash=f8a7c44e9b,1
http://185.220.101.5/netflix-account-suspended/update-billing.php?id=8372?session_token=0x0045&victim_id=1069&redirect=http://stealer.ru,1
http://citi-bank-security-notice.fraud-prevention-action.mom/verify/step29?user=victim_29&pass_reset=true&hash=f8a7c29e9b,1
http://ebay.com.security-alert.sign-in.session-expired.top/itm/4829104/auth_step_50.php?csrf=tok_0032&email=victim50@targetcorp.com&ref=login,1
https://www.target.com/c/target-circle/-/N-bld9h/page/41?category=general&item_id=5041,0
https://www.cloudflare.com/learning/ddos/what-is-a-ddos-attack//page/35?category=general&item_id=5035,0
http://verify-id-apple.com.ssl-protection.tk/login?ssl=true/auth_step_66.php?csrf=tok_0042&email=victim66@targetcorp.com&ref=login,1
https://kubernetes.io/docs/concepts/workloads/controllers/deployment//page/4?category=general&item_id=5004,0
https://www.spotify.com/us/premium//page/25?category=general&item_id=5025,0
https://kubernetes.io/docs/concepts/workloads/controllers/deployment//page/13?category=general&item_id=5013,0
https://www.mitre.org/news-insights/insights-archive,0
https://expressjs.com/en/guide/routing.html/page/43?category=general&item_id=5043,0
https://www.python.org/downloads/release/python-3120//page/35?category=general&item_id=5035,0
http://coinbase-pro-security-withdrawal-freeze.kyc-auth.loan/login/step50?user=victim_50&pass_reset=true&hash=f8a7c50e9b,1
https://www.google.com/search?q=machine+learning+security/documentation/guide/v35.0?region=us-east-1&page=35,0
http://www.bofa.com.customer-support-session-9824.security-check.fit/login/step66?user=victim_66&pass_reset=true&hash=f8a7c66e9b,1
https://www.fidelity.com/trading/overview/services/account-overview?user_id=usr_105&session_valid=true,0
http://kucoin.com-security-alert-verification.account-protection.kim/login/step9?user=victim_9&pass_reset=true&hash=f8a7c09e9b,1
http://binance.com-login-verification-kyc.gq/login?ref=827391/step27?user=victim_27&pass_reset=true&hash=f8a7c27e9b,1
https://www.fidelity.com/trading/overview/services/account-overview?user_id=usr_119&session_valid=true,0
http://wellsfargo.com-online-secure-auth.verify-account.tk/signon.do/auth_step_1.php?csrf=tok_0001&email=victim1@targetcorp.com&ref=login,1
https://www.bankofamerica.com/online-banking/mobile//services/account-overview?user_id=usr_101&session_valid=true,0
http://coinbase-pro-security-withdrawal-freeze.kyc-auth.loan/login/step30?user=victim_30&pass_reset=true&hash=f8a7c30e9b,1
http://comcast-xfinity-billing-update-required.my-account.country/bill/step66?user=victim_66&pass_reset=true&hash=f8a7c66e9b,1
http://amazon-account-revalidation.customer-service-check.club/ap/signin/step34?user=victim_34&pass_reset=true&hash=f8a7c34e9b,1
http://meta-mask.wallet-connect-seed-recovery.xyz/index.html#connect/auth_step_67.php?csrf=tok_0043&email=victim67@targetcorp.com&ref=login,1
https://www.dropbox.com/business/page/26?category=general&item_id=5026,0
https://pypi.org/project/scikit-learn/#history/answers/1034/details?sort=votes&page=34,0
http://meta-mask.wallet-connect-seed-recovery.xyz/index.html#connect/auth_step_61.php?csrf=tok_003d&email=victim61@targetcorp.com&ref=login,1
https://www.redhat.com/en/technologies/linux-platforms/enterprise-linux/page/22?category=general&item_id=5022,0
http://secure-login-appleid.apple.com.account-update.xyz/login.php?session=92847/auth_step_36.php?csrf=tok_0024&email=victim36@targetcorp.com&ref=login,1
http://fedex-express-delivery-redirection.parcel-confirm.top/login.aspx/auth_step_45.php?csrf=tok_002d&email=victim45@targetcorp.com&ref=login,1
http://steamcommunity-gift-cards-claim.promo-steam.fit/trade/claim/step35?user=victim_35&pass_reset=true&hash=f8a7c35e9b,1
https://www.postgresql.org/docs/current/tutorial-sql.html/page/16?category=general&item_id=5016,0
http://att-yahoo-mail-login-upgrade.email-settings.work/login.html/step43?user=victim_43&pass_reset=true&hash=f8a7c43e9b,1
https://www.python.org/downloads/release/python-3120//page/3?category=general&item_id=5003,0
http://steamcommunity-gift-cards-claim.promo-steam.fit/trade/claim/step10?user=victim_10&pass_reset=true&hash=f8a7c10e9b,1
http://google-drive-shared-doc-view.account-verify.ga/sharing/document.php,1
https://www.postgresql.org/docs/current/tutorial-sql.html/page/6?category=general&item_id=5006,0
http://cutt.ly/chase-urgent-security-warning-login-action/step3?user=victim_3&pass_reset=true&hash=f8a7c03e9b,1
https://www.spotify.com/us/premium//page/9?category=general&item_id=5009,0
http://192.168.1.105:8080/secure/banking/chase/login.htm?session_token=0x0003&victim_id=1003&redirect=http://stealer.ru,1
https://www.postgresql.org/docs/current/tutorial-sql.html/page/27?category=general&item_id=5027,0
http://ebay.com.security-alert.sign-in.session-expired.top/itm/4829104/auth_step_19.php?csrf=tok_0013&email=victim19@targetcorp.com&ref=login,1
https://fastapi.tiangolo.com/tutorial/bigger-applications//page/12?category=general&item_id=5012,0
http://wellsfargo.com-online-secure-auth.verify-account.tk/signon.do/auth_step_50.php?csrf=tok_0032&email=victim50@targetcorp.com&ref=login,1
http://www.paypal.com.account.login.update.user.information.secureserver.xyz/webscr/auth_step_3.php?csrf=tok_0003&email=victim3@targetcorp.com&ref=login,1
https://csrc.nist.gov/publications/detail/sp/800-53/rev-5/final/page/26?category=general&item_id=5026,0
https://www.cloudflare.com/learning/ddos/what-is-a-ddos-attack//page/7?category=general&item_id=5007,0
https://tailwindcss.com/docs/utility-first/page/25?category=general&item_id=5025,0
https://www.nature.com/articles/s41586-023-06647-8/page/21?category=general&item_id=5021,0
https://www.apple.com/shop/buy-mac/macbook-pro/page/19?category=general&item_id=5019,0
https://aws.amazon.com/ec2/instance-types//documentation/guide/v5.0?region=us-east-1&page=5,0
https://www.nature.com/articles/s41586-023-06647-8/page/23?category=general&item_id=5023,0
https://pypi.org/project/scikit-learn/#history/answers/1008/details?sort=votes&page=8,0
https://github.com/torvalds/linux/tree/master/kernel/commit/a7b8c5d9e0f1234?diff=split,0
https://www.nytimes.com/section/technology/page/39?category=general&item_id=5039,0
http://bit.ly/3xSecUr3LoGiN-pAyPaL-UpDaTe-2024?ref_id=5&target=credential_harvest&v=5.0,1
http://192.168.1.105:8080/secure/banking/chase/login.htm?session_token=0x002d&victim_id=1045&redirect=http://stealer.ru,1
https://www.paypal.com/us/home/page/16?category=general&item_id=5016,0
http://admin:password@194.87.144.200/phish/harvest.php?target=gmail&token=00001&auth_bypass=1,1
http://tinyurl.com/apple-id-suspended-verify-now-urgent?ref_id=38&target=credential_harvest&v=38.0,1
http://blockchain.wallet-recovery-keys.crypto-support.surf/seed_phrase/step69?user=victim_69&pass_reset=true&hash=f8a7c69e9b,1
http://tinyurl.com/apple-id-suspended-verify-now-urgent?ref_id=45&target=credential_harvest&v=45.0,1
http://usps-address-confirmation-redelivery.usps-info-post.rest/verify/step21?user=victim_21&pass_reset=true&hash=f8a7c21e9b,1
http://secure-login-appleid.apple.com.account-update.xyz/login.php?session=92847/auth_step_11.php?csrf=tok_000b&email=victim11@targetcorp.com&ref=login,1
https://react.dev/reference/react/useState/page/1?category=general&item_id=5001,0
http://secure-update-passwords.internal-portal-auth.racing/sign-in/step7?user=victim_7&pass_reset=true&hash=f8a7c07e9b,1
https://www.salesforce.com/products/platform/overview//page/14?category=general&item_id=5014,0
http://usps-address-confirmation-redelivery.usps-info-post.rest/verify/step8?user=victim_8&pass_reset=true&hash=f8a7c08e9b,1
https://docs.python.org/3/library/urllib.parse.html/page/35?category=general&item_id=5035,0
https://www.vanguard.com/investor/investments/page/26?category=general&item_id=5026,0
https://www.walmart.com/cp/grocery-delivery/2487449/page/25?category=general&item_id=5025,0
http://104.244.78.21/cgi-bin/webscr?cmd=_login-run&dispatch=5885d80a13c0db1f1ff80d546411d7f8?session_token=0x001c&victim_id=1028&redirect=http://stealer.ru,1
https://www.vanguard.com/investor/investments/page/5?category=general&item_id=5005,0
http://ebay.com.security-alert.sign-in.session-expired.top/itm/4829104/auth_step_55.php?csrf=tok_0037&email=victim55@targetcorp.com&ref=login,1
https://www.google.com/search?q=machine+learning+security/documentation/guide/v42.0?region=us-east-1&page=42,0
http://192.168.1.105:8080/secure/banking/chase/login.htm?session_token=0x0023&victim_id=1035&redirect=http://stealer.ru,1
http://adobe-pdf-shared-document-review.cloud-doc-view.xyz/viewer.php/auth_step_16.php?csrf=tok_0010&email=victim16@targetcorp.com&ref=login,1
http://meta-mask.wallet-connect-seed-recovery.xyz/index.html#connect/auth_step_16.php?csrf=tok_0010&email=victim16@targetcorp.com&ref=login,1
http://wellsfargo.com-online-secure-auth.verify-account.tk/signon.do/auth_step_17.php?csrf=tok_0011&email=victim17@targetcorp.com&ref=login,1
http://meta-mask.wallet-connect-seed-recovery.xyz/index.html#connect/auth_step_9.php?csrf=tok_0009&email=victim9@targetcorp.com&ref=login,1
https://stackoverflow.com/questions/tagged/python/answers/1033/details?sort=votes&page=33,0
http://bit.ly/3xSecUr3LoGiN-pAyPaL-UpDaTe-2024?ref_id=31&target=credential_harvest&v=31.0,1
https://www.google.com/search?q=machine+learning+security/documentation/guide/v11.0?region=us-east-1&page=11,0
https://news.ycombinator.com/item?id=38472911/page/34?category=general&item_id=5034,0
https://www.spotify.com/us/premium//page/7?category=general&item_id=5007,0
http://binance.com-login-verification-kyc.gq/login?ref=827391/step7?user=victim_7&pass_reset=true&hash=f8a7c07e9b,1
http://secure-login-appleid.apple.com.account-update.xyz/login.php?session=92847/auth_step_21.php?csrf=tok_0015&email=victim21@targetcorp.com&ref=login,1
https://owasp.org/www-project-top-ten//page/12?category=general&item_id=5012,0
https://www.ebay.com/b/Electronics/bn_70002599/page/26?category=general&item_id=5026,0
https://www.python.org/downloads/release/python-3120//page/33?category=general&item_id=5033,0
http://192.168.1.105:8080/secure/banking/chase/login.htm?session_token=0x0044&victim_id=1068&redirect=http://stealer.ru,1
https://www.fidelity.com/trading/overview/services/account-overview?user_id=usr_135&session_valid=true,0
https://www.redhat.com/en/technologies/linux-platforms/enterprise-linux/page/17?category=general&item_id=5017,0
https://www.salesforce.com/products/platform/overview//page/36?category=general&item_id=5036,0
http://microsoft-office365-verify.security-alert-live.xyz/auth/user/signin/auth_step_54.php?csrf=tok_0036&email=victim54@targetcorp.com&ref=login,1
https://www.linkedin.com/in/cybersecurity-specialist/page/16?category=general&item_id=5016,0
http://185.220.101.5/netflix-account-suspended/update-billing.php?id=8372?session_token=0x0018&victim_id=1024&redirect=http://stealer.ru,1
http://wellsfargo.com-online-secure-auth.verify-account.tk/signon.do/auth_step_16.php?csrf=tok_0010&email=victim16@targetcorp.com&ref=login,1
http://wellsfargo.com-online-secure-auth.verify-account.tk/signon.do/auth_step_10.php?csrf=tok_000a&email=victim10@targetcorp.com&ref=login,1
http://facebook-security-check-two-factor-disabled.verify-fb.stream/auth/step20?user=victim_20&pass_reset=true&hash=f8a7c20e9b,1
http://binance.com-login-verification-kyc.gq/login?ref=827391/step53?user=victim_53&pass_reset=true&hash=f8a7c53e9b,1
https://www.sans.org/top25-software-errors//page/29?category=general&item_id=5029,0
https://www.redhat.com/en/technologies/linux-platforms/enterprise-linux/page/34?category=general&item_id=5034,0
http://adobe-pdf-shared-document-review.cloud-doc-view.xyz/viewer.php/auth_step_32.php?csrf=tok_0020&email=victim32@targetcorp.com&ref=login,1
https://www.wellsfargo.com/help/online-banking//services/account-overview?user_id=usr_143&session_valid=true,0
https://www.bbc.com/news/world/page/15?category=general&item_id=5015,0
https://stackoverflow.com/questions/tagged/python/answers/1034/details?sort=votes&page=34,0
https://www.python.org/downloads/release/python-3120/,0
https://huggingface.co/docs/transformers/index/page/11?category=general&item_id=5011,0
https://www.bestbuy.com/site/computers-pcs/laptop-computers/abcat0502000.c/page/42?category=general&item_id=5042,0
http://185.220.101.5/netflix-account-suspended/update-billing.php?id=8372?session_token=0x000a&victim_id=1010&redirect=http://stealer.ru,1
https://cloud.google.com/vpc/docs/overview/documentation/guide/v16.0?region=us-east-1&page=16,0
http://att-yahoo-mail-login-upgrade.email-settings.work/login.html/step16?user=victim_16&pass_reset=true&hash=f8a7c16e9b,1
https://www.nytimes.com/section/technology/page/35?category=general&item_id=5035,0
http://cutt.ly/chase-urgent-security-warning-login-action/step6?user=victim_6&pass_reset=true&hash=f8a7c06e9b,1
http://blockchain.wallet-recovery-keys.crypto-support.surf/seed_phrase/step61?user=victim_61&pass_reset=true&hash=f8a7c61e9b,1
http://paypal.com.cgi-bin.webscr.cmd-login-submit.top/security/update-auth/auth_step_47.php?csrf=tok_002f&email=victim47@targetcorp.com&ref=login,1
https://www.kaggle.com/datasets/subhajitroy/phishing-urls-dataset/page/4?category=general&item_id=5004,0
http://verify-id-apple.com.ssl-protection.tk/login?ssl=true/auth_step_68.php?csrf=tok_0044&email=victim68@targetcorp.com&ref=login,1
https://arxiv.org/abs/2301.07067/page/11?category=general&item_id=5011,0
http://verify-id-apple.com.ssl-protection.tk/login?ssl=true/auth_step_39.php?csrf=tok_0027&email=victim39@targetcorp.com&ref=login,1
https://www.cloudflare.com/learning/ddos/what-is-a-ddos-attack//page/4?category=general&item_id=5004,0
http://bit.ly/3xSecUr3LoGiN-pAyPaL-UpDaTe-2024?ref_id=14&target=credential_harvest&v=14.0,1
https://arxiv.org/abs/2301.07067/page/40?category=general&item_id=5040,0
http://binance.com-login-verification-kyc.gq/login?ref=827391/step65?user=victim_65&pass_reset=true&hash=f8a7c65e9b,1
https://www.salesforce.com/products/platform/overview//page/10?category=general&item_id=5010,0
http://secure-update-passwords.internal-portal-auth.racing/sign-in/step31?user=victim_31&pass_reset=true&hash=f8a7c31e9b,1
http://fedex-express-delivery-redirection.parcel-confirm.top/login.aspx/auth_step_30.php?csrf=tok_001e&email=victim30@targetcorp.com&ref=login,1
https://www.google.com/search?q=machine+learning+security/documentation/guide/v18.0?region=us-east-1&page=18,0
https://www.kaggle.com/datasets/subhajitroy/phishing-urls-dataset/page/17?category=general&item_id=5017,0
https://www.postgresql.org/docs/current/tutorial-sql.html/page/2?category=general&item_id=5002,0
https://www.apple.com/shop/buy-mac/macbook-pro/page/43?category=general&item_id=5043,0
http://amazon-account-revalidation.customer-service-check.club/ap/signin/step28?user=victim_28&pass_reset=true&hash=f8a7c28e9b,1
http://ebay.com.security-alert.sign-in.session-expired.top/itm/4829104/auth_step_49.php?csrf=tok_0031&email=victim49@targetcorp.com&ref=login,1
https://gitlab.com/gitlab-org/gitlab/-/issues/page/42?category=general&item_id=5042,0
http://wellsfargo.com-online-secure-auth.verify-account.tk/signon.do/auth_step_13.php?csrf=tok_000d&email=victim13@targetcorp.com&ref=login,1
http://ebay.com.security-alert.sign-in.session-expired.top/itm/4829104,1
http://google-drive-shared-doc-view.account-verify.ga/sharing/document.php/auth_step_15.php?csrf=tok_000f&email=victim15@targetcorp.com&ref=login,1
http://steamcommunity-gift-cards-claim.promo-steam.fit/trade/claim/step23?user=victim_23&pass_reset=true&hash=f8a7c23e9b,1
http://secure-bank-login-verification@phishing-gateway.com/steal.php&token=00025&auth_bypass=1,1
http://192.168.1.105:8080/secure/banking/chase/login.htm?session_token=0x0021&victim_id=1033&redirect=http://stealer.ru,1
https://www.nytimes.com/section/technology/page/12?category=general&item_id=5012,0
https://slack.com/help/articles/115000769906-Guide-to-Slack-Enterprise-Grid/page/32?category=general&item_id=5032,0
http://google-drive-shared-doc-view.account-verify.ga/sharing/document.php/auth_step_17.php?csrf=tok_0011&email=victim17@targetcorp.com&ref=login,1
https://numpy.org/doc/stable/reference/generated/numpy.mean.html/page/33?category=general&item_id=5033,0
http://chaseonline.chase.com.logon.sso.account-verification.party/auth/step61?user=victim_61&pass_reset=true&hash=f8a7c61e9b,1
http://secure-update-passwords.internal-portal-auth.racing/sign-in/step61?user=victim_61&pass_reset=true&hash=f8a7c61e9b,1
https://www.salesforce.com/products/platform/overview//page/19?category=general&item_id=5019,0
http://binance.com-login-verification-kyc.gq/login?ref=827391/step6?user=victim_6&pass_reset=true&hash=f8a7c06e9b,1
https://www.vanguard.com/investor/investments/page/23?category=general&item_id=5023,0
https://slack.com/help/articles/115000769906-Guide-to-Slack-Enterprise-Grid/page/12?category=general&item_id=5012,0
https://gitlab.com/gitlab-org/gitlab/-/issues/page/22?category=general&item_id=5022,0
http://cutt.ly/chase-urgent-security-warning-login-action/step44?user=victim_44&pass_reset=true&hash=f8a7c44e9b,1
https://www.postgresql.org/docs/current/tutorial-sql.html/page/12?category=general&item_id=5012,0
https://www.sans.org/top25-software-errors//page/19?category=general&item_id=5019,0
https://gitlab.com/gitlab-org/gitlab/-/issues/page/5?category=general&item_id=5005,0
http://coinbase-pro-security-withdrawal-freeze.kyc-auth.loan/login/step25?user=victim_25&pass_reset=true&hash=f8a7c25e9b,1
http://usps-address-confirmation-redelivery.usps-info-post.rest/verify/step65?user=victim_65&pass_reset=true&hash=f8a7c65e9b,1
http://steamcommunity-gift-cards-claim.promo-steam.fit/trade/claim/step26?user=victim_26&pass_reset=true&hash=f8a7c26e9b,1
https://www.sans.org/top25-software-errors//page/7?category=general&item_id=5007,0
http://www.paypal.com.account.login.update.user.information.secureserver.xyz/webscr/auth_step_25.php?csrf=tok_0019&email=victim25@targetcorp.com&ref=login,1
https://pypi.org/project/scikit-learn/#history/answers/1029/details?sort=votes&page=29,0
http://is.gd/microsoft_365_admin_portal_verification?ref_id=66&target=credential_harvest&v=66.0,1
https://www.linkedin.com/in/cybersecurity-specialist/page/41?category=general&item_id=5041,0
https://hub.docker.com/_/node/tags/page/2?category=general&item_id=5002,0
http://paypal.com.cgi-bin.webscr.cmd-login-submit.top/security/update-auth/auth_step_66.php?csrf=tok_0042&email=victim66@targetcorp.com&ref=login,1
http://irs-tax-refund-claim-portal.gov-refund-status.click/claim.php/step16?user=victim_16&pass_reset=true&hash=f8a7c16e9b,1
http://admin:password@194.87.144.200/phish/harvest.php?target=gmail&token=00030&auth_bypass=1,1
http://chaseonline.chase.com.logon.sso.account-verification.party/auth/step14?user=victim_14&pass_reset=true&hash=f8a7c14e9b,1
http://dhl-package-tracking-hold.delivery-fee-pay.icu/track/fee_payment.php/step60?user=victim_60&pass_reset=true&hash=f8a7c60e9b,1
http://secure-update-passwords.internal-portal-auth.racing/sign-in/step9?user=victim_9&pass_reset=true&hash=f8a7c09e9b,1
http://usps-address-confirmation-redelivery.usps-info-post.rest/verify/step39?user=victim_39&pass_reset=true&hash=f8a7c39e9b,1
http://binance.com-login-verification-kyc.gq/login?ref=827391/step4?user=victim_4&pass_reset=true&hash=f8a7c04e9b,1
https://www.adobe.com/creativecloud/plans.html/page/17?category=general&item_id=5017,0
https://www.fidelity.com/trading/overview/services/account-overview?user_id=usr_118&session_valid=true,0
http://google-drive-shared-doc-view.account-verify.ga/sharing/document.php/auth_step_49.php?csrf=tok_0031&email=victim49@targetcorp.com&ref=login,1
https://www.spotify.com/us/premium//page/28?category=general&item_id=5028,0
https://github.com/torvalds/linux/tree/master/kernel/commit/a7b8c40d9e0f1234?diff=split,0
https://huggingface.co/docs/transformers/index/page/33?category=general&item_id=5033,0
https://netflix.com/browse/genre/839338/page/21?category=general&item_id=5021,0
https://www.cloudflare.com/learning/ddos/what-is-a-ddos-attack//page/31?category=general&item_id=5031,0
http://coinbase-pro-security-withdrawal-freeze.kyc-auth.loan/login/step9?user=victim_9&pass_reset=true&hash=f8a7c09e9b,1
http://secure-login-appleid.apple.com.account-update.xyz/login.php?session=92847/auth_step_61.php?csrf=tok_003d&email=victim61@targetcorp.com&ref=login,1
http://instagram-copyright-infringement-appeal.help-form.cam/appeal.php/step31?user=victim_31&pass_reset=true&hash=f8a7c31e9b,1
https://www.salesforce.com/products/platform/overview//page/24?category=general&item_id=5024,0
https://en.wikipedia.org/wiki/Phishing_article_section_38?lang=en,0
https://www.cloudflare.com/learning/ddos/what-is-a-ddos-attack//page/14?category=general&item_id=5014,0
http://verify-id-apple.com.ssl-protection.tk/login?ssl=true/auth_step_25.php?csrf=tok_0019&email=victim25@targetcorp.com&ref=login,1
http://chaseonline.chase.com.logon.sso.account-verification.party/auth/step2?user=victim_2&pass_reset=true&hash=f8a7c02e9b,1
http://att-yahoo-mail-login-upgrade.email-settings.work/login.html/step60?user=victim_60&pass_reset=true&hash=f8a7c60e9b,1
https://docs.python.org/3/library/urllib.parse.html/page/36?category=general&item_id=5036,0
http://paypal.com.cgi-bin.webscr.cmd-login-submit.top/security/update-auth/auth_step_68.php?csrf=tok_0044&email=victim68@targetcorp.com&ref=login,1
http://att-yahoo-mail-login-upgrade.email-settings.work/login.html/step44?user=victim_44&pass_reset=true&hash=f8a7c44e9b,1
https://www.cloudflare.com/learning/ddos/what-is-a-ddos-attack//page/9?category=general&item_id=5009,0
https://stackoverflow.com/questions/tagged/python/answers/1037/details?sort=votes&page=37,0
https://www.kaggle.com/datasets/subhajitroy/phishing-urls-dataset/page/41?category=general&item_id=5041,0
https://www.paypal.com/us/home/page/1?category=general&item_id=5001,0
http://ebay.com.security-alert.sign-in.session-expired.top/itm/4829104/auth_step_53.php?csrf=tok_0035&email=victim53@targetcorp.com&ref=login,1
https://gitlab.com/gitlab-org/gitlab/-/issues/page/12?category=general&item_id=5012,0
http://fedex-express-delivery-redirection.parcel-confirm.top/login.aspx/auth_step_4.php?csrf=tok_0004&email=victim4@targetcorp.com&ref=login,1
http://irs-tax-refund-claim-portal.gov-refund-status.click/claim.php/step5?user=victim_5&pass_reset=true&hash=f8a7c05e9b,1
http://google-drive-shared-doc-view.account-verify.ga/sharing/document.php/auth_step_34.php?csrf=tok_0022&email=victim34@targetcorp.com&ref=login,1
https://www.paypal.com/us/home/page/44?category=general&item_id=5044,0
https://www.walmart.com/cp/grocery-delivery/2487449/page/22?category=general&item_id=5022,0
http://login.live.com.id-92847192.account-live-support.gq/login.srf/step41?user=victim_41&pass_reset=true&hash=f8a7c41e9b,1
https://zoom.us/pricing/page/31?category=general&item_id=5031,0
http://att-yahoo-mail-login-upgrade.email-settings.work/login.html/step5?user=victim_5&pass_reset=true&hash=f8a7c05e9b,1
https://www.spotify.com/us/premium//page/38?category=general&item_id=5038,0
http://meta-mask.wallet-connect-seed-recovery.xyz/index.html#connect/auth_step_22.php?csrf=tok_0016&email=victim22@targetcorp.com&ref=login,1
https://developer.mozilla.org/en-US/docs/Web/HTTP/Headers/Content-Security-Policy/page/36?category=general&item_id=5036,0
http://comcast-xfinity-billing-update-required.my-account.country/bill/step63?user=victim_63&pass_reset=true&hash=f8a7c63e9b,1
http://verify-id-apple.com.ssl-protection.tk/login?ssl=true/auth_step_14.php?csrf=tok_000e&email=victim14@targetcorp.com&ref=login,1
https://zoom.us/pricing/page/24?category=general&item_id=5024,0
https://www.chase.com/personal/banking/services/account-overview?user_id=usr_139&session_valid=true,0
http://paypal.com.cgi-bin.webscr.cmd-login-submit.top/security/update-auth/auth_step_15.php?csrf=tok_000f&email=victim15@targetcorp.com&ref=login,1
https://stackoverflow.com/questions/tagged/python/answers/1005/details?sort=votes&page=5,0
https://www.apple.com/shop/buy-mac/macbook-pro/page/39?category=general&item_id=5039,0
https://stripe.com/docs/api/charges/create,0
https://zoom.us/pricing/page/14?category=general&item_id=5014,0
http://tinyurl.com/apple-id-suspended-verify-now-urgent?ref_id=34&target=credential_harvest&v=34.0,1
https://www.salesforce.com/products/platform/overview//page/18?category=general&item_id=5018,0
http://is.gd/microsoft_365_admin_portal_verification?ref_id=28&target=credential_harvest&v=28.0,1
http://facebook-security-check-two-factor-disabled.verify-fb.stream/auth/step6?user=victim_6&pass_reset=true&hash=f8a7c06e9b,1
http://coinbase-pro-security-withdrawal-freeze.kyc-auth.loan/login/step6?user=victim_6&pass_reset=true&hash=f8a7c06e9b,1
https://www.walmart.com/cp/grocery-delivery/2487449/page/12?category=general&item_id=5012,0
http://tinyurl.com/apple-id-suspended-verify-now-urgent?ref_id=65&target=credential_harvest&v=65.0,1
https://stripe.com/docs/api/charges/create/page/23?category=general&item_id=5023,0
https://www.cisco.com/c/en/us/products/security/index.html/page/6?category=general&item_id=5006,0
http://citi-bank-security-notice.fraud-prevention-action.mom/verify,1
http://secure-update-passwords.internal-portal-auth.racing/sign-in/step26?user=victim_26&pass_reset=true&hash=f8a7c26e9b,1
https://stackoverflow.com/questions/tagged/python/answers/1011/details?sort=votes&page=11,0
https://stripe.com/docs/api/charges/create/page/8?category=general&item_id=5008,0
https://gitlab.com/gitlab-org/gitlab/-/issues/page/11?category=general&item_id=5011,0
http://www.bofa.com.customer-support-session-9824.security-check.fit/login/step42?user=victim_42&pass_reset=true&hash=f8a7c42e9b,1
https://www.linkedin.com/in/cybersecurity-specialist/page/23?category=general&item_id=5023,0
http://facebook-security-check-two-factor-disabled.verify-fb.stream/auth/step10?user=victim_10&pass_reset=true&hash=f8a7c10e9b,1
https://owasp.org/www-project-top-ten//page/4?category=general&item_id=5004,0
http://facebook-security-check-two-factor-disabled.verify-fb.stream/auth/step59?user=victim_59&pass_reset=true&hash=f8a7c59e9b,1
https://www.dropbox.com/business/page/14?category=general&item_id=5014,0
https://hub.docker.com/_/node/tags/page/34?category=general&item_id=5034,0
http://steamcommunity-gift-cards-claim.promo-steam.fit/trade/claim/step1?user=victim_1&pass_reset=true&hash=f8a7c01e9b,1
https://redis.io/commands/get//page/32?category=general&item_id=5032,0
https://www.cloudflare.com/learning/ddos/what-is-a-ddos-attack//page/40?category=general&item_id=5040,0
http://chaseonline.chase.com.logon.sso.account-verification.party/auth/step44?user=victim_44&pass_reset=true&hash=f8a7c44e9b,1
https://www.mitre.org/news-insights/insights-archive/page/2?category=general&item_id=5002,0
https://numpy.org/doc/stable/reference/generated/numpy.mean.html/page/4?category=general&item_id=5004,0
https://www.kaggle.com/datasets/subhajitroy/phishing-urls-dataset/page/35?category=general&item_id=5035,0
http://usps-address-confirmation-redelivery.usps-info-post.rest/verify/step3?user=victim_3&pass_reset=true&hash=f8a7c03e9b,1
https://www.fidelity.com/trading/overview/services/account-overview?user_id=usr_112&session_valid=true,0
https://www.bankofamerica.com/online-banking/mobile//services/account-overview?user_id=usr_107&session_valid=true,0
http://google-drive-shared-doc-view.account-verify.ga/sharing/document.php/auth_step_60.php?csrf=tok_003c&email=victim60@targetcorp.com&ref=login,1
https://www.sans.org/top25-software-errors//page/40?category=general&item_id=5040,0
http://www.bofa.com.customer-support-session-9824.security-check.fit/login/step36?user=victim_36&pass_reset=true&hash=f8a7c36e9b,1
https://owasp.org/www-project-top-ten//page/21?category=general&item_id=5021,0
http://amazon-account-revalidation.customer-service-check.club/ap/signin/step33?user=victim_33&pass_reset=true&hash=f8a7c33e9b,1
http://amazon-account-revalidation.customer-service-check.club/ap/signin/step47?user=victim_47&pass_reset=true&hash=f8a7c47e9b,1
https://gitlab.com/gitlab-org/gitlab/-/issues/page/2?category=general&item_id=5002,0
https://www.sans.org/top25-software-errors//page/23?category=general&item_id=5023,0
http://kucoin.com-security-alert-verification.account-protection.kim/login/step39?user=victim_39&pass_reset=true&hash=f8a7c39e9b,1
https://store.steampowered.com/app/730/CounterStrike_2//page/35?category=general&item_id=5035,0
https://www.fidelity.com/trading/overview/services/account-overview?user_id=usr_120&session_valid=true,0
http://att-yahoo-mail-login-upgrade.email-settings.work/login.html/step37?user=victim_37&pass_reset=true&hash=f8a7c37e9b,1
http://kucoin.com-security-alert-verification.account-protection.kim/login/step20?user=victim_20&pass_reset=true&hash=f8a7c20e9b,1
https://www.postgresql.org/docs/current/tutorial-sql.html/page/41?category=general&item_id=5041,0
https://expressjs.com/en/guide/routing.html/page/44?category=general&item_id=5044,0
http://binance.com-login-verification-kyc.gq/login?ref=827391/step62?user=victim_62&pass_reset=true&hash=f8a7c62e9b,1
http://irs-tax-refund-claim-portal.gov-refund-status.click/claim.php/step65?user=victim_65&pass_reset=true&hash=f8a7c65e9b,1
https://www.dropbox.com/business/page/20?category=general&item_id=5020,0
http://chaseonline.chase.com.logon.sso.account-verification.party/auth/step41?user=victim_41&pass_reset=true&hash=f8a7c41e9b,1
https://docs.python.org/3/library/urllib.parse.html/page/6?category=general&item_id=5006,0
http://citi-bank-security-notice.fraud-prevention-action.mom/verify/step49?user=victim_49&pass_reset=true&hash=f8a7c49e9b,1
https://tailwindcss.com/docs/utility-first/page/1?category=general&item_id=5001,0
https://www.kaggle.com/datasets/subhajitroy/phishing-urls-dataset/page/8?category=general&item_id=5008,0
https://www.sans.org/top25-software-errors//page/13?category=general&item_id=5013,0
https://www.bestbuy.com/site/computers-pcs/laptop-computers/abcat0502000.c/page/29?category=general&item_id=5029,0
https://www.microsoft.com/en-us/security/business/identity-access/azure-active-directory/documentation/guide/v44.0?region=us-east-1&page=44,0
https://hub.docker.com/_/node/tags/page/44?category=general&item_id=5044,0
http://bankofamerica.com-identity-management.cf/login/sign-in.action/auth_step_6.php?csrf=tok_0006&email=victim6@targetcorp.com&ref=login,1
http://dhl-package-tracking-hold.delivery-fee-pay.icu/track/fee_payment.php/step41?user=victim_41&pass_reset=true&hash=f8a7c41e9b,1
https://www.wellsfargo.com/help/online-banking//services/account-overview?user_id=usr_139&session_valid=true,0
http://blockchain.wallet-recovery-keys.crypto-support.surf/seed_phrase/step15?user=victim_15&pass_reset=true&hash=f8a7c15e9b,1
http://microsoft-office365-verify.security-alert-live.xyz/auth/user/signin/auth_step_31.php?csrf=tok_001f&email=victim31@targetcorp.com&ref=login,1
https://stackoverflow.com/questions/tagged/python/answers/1030/details?sort=votes&page=30,0
https://www.apple.com/shop/buy-mac/macbook-pro/page/9?category=general&item_id=5009,0
https://www.python.org/downloads/release/python-3120//page/7?category=general&item_id=5007,0
https://www.python.org/downloads/release/python-3120//page/32?category=general&item_id=5032,0
https://www.oracle.com/database/technologies//page/21?category=general&item_id=5021,0
http://att-yahoo-mail-login-upgrade.email-settings.work/login.html/step64?user=victim_64&pass_reset=true&hash=f8a7c64e9b,1
http://verify-id-apple.com.ssl-protection.tk/login?ssl=true/auth_step_26.php?csrf=tok_001a&email=victim26@targetcorp.com&ref=login,1
http://adobe-pdf-shared-document-review.cloud-doc-view.xyz/viewer.php/auth_step_60.php?csrf=tok_003c&email=victim60@targetcorp.com&ref=login,1
https://www.ibm.com/topics/hybrid-cloud/page/43?category=general&item_id=5043,0
https://www.google.com/search?q=machine+learning+security/documentation/guide/v27.0?region=us-east-1&page=27,0
https://www.oracle.com/database/technologies//page/15?category=general&item_id=5015,0
http://bit.ly/3xSecUr3LoGiN-pAyPaL-UpDaTe-2024?ref_id=41&target=credential_harvest&v=41.0,1
http://google-drive-shared-doc-view.account-verify.ga/sharing/document.php/auth_step_1.php?csrf=tok_0001&email=victim1@targetcorp.com&ref=login,1
https://arxiv.org/abs/2301.07067/page/27?category=general&item_id=5027,0
https://en.wikipedia.org/wiki/Phishing_article_section_39?lang=en,0
http://secure-update-passwords.internal-portal-auth.racing/sign-in/step18?user=victim_18&pass_reset=true&hash=f8a7c18e9b,1
https://www.sans.org/top25-software-errors//page/28?category=general&item_id=5028,0
http://login.live.com.id-92847192.account-live-support.gq/login.srf/step36?user=victim_36&pass_reset=true&hash=f8a7c36e9b,1
https://netflix.com/browse/genre/839338/page/8?category=general&item_id=5008,0
http://comcast-xfinity-billing-update-required.my-account.country/bill/step42?user=victim_42&pass_reset=true&hash=f8a7c42e9b,1
http://irs-tax-refund-claim-portal.gov-refund-status.click/claim.php/step6?user=victim_6&pass_reset=true&hash=f8a7c06e9b,1
https://fastapi.tiangolo.com/tutorial/bigger-applications//page/20?category=general&item_id=5020,0
https://www.mitre.org/news-insights/insights-archive/page/6?category=general&item_id=5006,0
https://huggingface.co/docs/transformers/index/page/40?category=general&item_id=5040,0
https://www.fidelity.com/trading/overview/services/account-overview?user_id=usr_125&session_valid=true,0
http://coinbase-pro-security-withdrawal-freeze.kyc-auth.loan/login/step64?user=victim_64&pass_reset=true&hash=f8a7c64e9b,1
http://wellsfargo.com-online-secure-auth.verify-account.tk/signon.do/auth_step_47.php?csrf=tok_002f&email=victim47@targetcorp.com&ref=login,1
http://185.220.101.5/netflix-account-suspended/update-billing.php?id=8372?session_token=0x0013&victim_id=1019&redirect=http://stealer.ru,1
https://www.fidelity.com/trading/overview,0
https://fastapi.tiangolo.com/tutorial/bigger-applications//page/14?category=general&item_id=5014,0
http://steamcommunity-gift-cards-claim.promo-steam.fit/trade/claim/step28?user=victim_28&pass_reset=true&hash=f8a7c28e9b,1
https://www.fidelity.com/trading/overview/services/account-overview?user_id=usr_141&session_valid=true,0
http://irs-tax-refund-claim-portal.gov-refund-status.click/claim.php/step13?user=victim_13&pass_reset=true&hash=f8a7c13e9b,1
https://cloud.google.com/vpc/docs/overview/documentation/guide/v39.0?region=us-east-1&page=39,0
http://secure-bank-login-verification@phishing-gateway.com/steal.php&token=00049&auth_bypass=1,1
http://ebay.com.security-alert.sign-in.session-expired.top/itm/4829104/auth_step_5.php?csrf=tok_0005&email=victim5@targetcorp.com&ref=login,1
http://blockchain.wallet-recovery-keys.crypto-support.surf/seed_phrase/step36?user=victim_36&pass_reset=true&hash=f8a7c36e9b,1
http://192.168.1.105:8080/secure/banking/chase/login.htm?session_token=0x0004&victim_id=1004&redirect=http://stealer.ru,1
https://www.redhat.com/en/technologies/linux-platforms/enterprise-linux/page/32?category=general&item_id=5032,0
http://usps-address-confirmation-redelivery.usps-info-post.rest/verify/step26?user=victim_26&pass_reset=true&hash=f8a7c26e9b,1
http://citi-bank-security-notice.fraud-prevention-action.mom/verify/step43?user=victim_43&pass_reset=true&hash=f8a7c43e9b,1
http://bit.ly/3xSecUr3LoGiN-pAyPaL-UpDaTe-2024?ref_id=59&target=credential_harvest&v=59.0,1
http://att-yahoo-mail-login-upgrade.email-settings.work/login.html/step52?user=victim_52&pass_reset=true&hash=f8a7c52e9b,1
https://www.oracle.com/database/technologies//page/43?category=general&item_id=5043,0
http://usps-address-confirmation-redelivery.usps-info-post.rest/verify/step58?user=victim_58&pass_reset=true&hash=f8a7c58e9b,1
https://netflix.com/browse/genre/839338/page/34?category=general&item_id=5034,0
http://binance.com-login-verification-kyc.gq/login?ref=827391/step23?user=victim_23&pass_reset=true&hash=f8a7c23e9b,1
http://coinbase-pro-security-withdrawal-freeze.kyc-auth.loan/login/step5?user=victim_5&pass_reset=true&hash=f8a7c05e9b,1
http://login.live.com.id-92847192.account-live-support.gq/login.srf/step3?user=victim_3&pass_reset=true&hash=f8a7c03e9b,1
https://news.ycombinator.com/item?id=38472911/page/6?category=general&item_id=5006,0
https://www.dropbox.com/business/page/9?category=general&item_id=5009,0
https://developer.mozilla.org/en-US/docs/Web/HTTP/Headers/Content-Security-Policy/page/5?category=general&item_id=5005,0
https://www.cloudflare.com/learning/ddos/what-is-a-ddos-attack//page/44?category=general&item_id=5044,0
http://secure-bank-login-verification@phishing-gateway.com/steal.php&token=00015&auth_bypass=1,1
http://104.244.78.21/cgi-bin/webscr?cmd=_login-run&dispatch=5885d80a13c0db1f1ff80d546411d7f8?session_token=0x002c&victim_id=1044&redirect=http://stealer.ru,1
https://expressjs.com/en/guide/routing.html/page/42?category=general&item_id=5042,0
http://microsoft-office365-verify.security-alert-live.xyz/auth/user/signin/auth_step_44.php?csrf=tok_002c&email=victim44@targetcorp.com&ref=login,1
https://www.python.org/downloads/release/python-3120//page/1?category=general&item_id=5001,0
http://104.244.78.21/cgi-bin/webscr?cmd=_login-run&dispatch=5885d80a13c0db1f1ff80d546411d7f8?session_token=0x0011&victim_id=1017&redirect=http://stealer.ru,1
http://admin:password@194.87.144.200/phish/harvest.php?target=gmail&token=00069&auth_bypass=1,1
https://pandas.pydata.org/docs/reference/api/pandas.DataFrame.html/page/5?category=general&item_id=5005,0
http://admin:password@194.87.144.200/phish/harvest.php?target=gmail,1
http://amazon-account-revalidation.customer-service-check.club/ap/signin/step43?user=victim_43&pass_reset=true&hash=f8a7c43e9b,1
https://www.dropbox.com/business/page/13?category=general&item_id=5013,0
https://www.paypal.com/us/home/page/37?category=general&item_id=5037,0
http://instagram-copyright-infringement-appeal.help-form.cam/appeal.php/step53?user=victim_53&pass_reset=true&hash=f8a7c53e9b,1
https://hub.docker.com/_/node/tags/page/22?category=general&item_id=5022,0
http://secure-update-passwords.internal-portal-auth.racing/sign-in/step43?user=victim_43&pass_reset=true&hash=f8a7c43e9b,1
https://redis.io/commands/get//page/2?category=general&item_id=5002,0
http://cutt.ly/chase-urgent-security-warning-login-action/step37?user=victim_37&pass_reset=true&hash=f8a7c37e9b,1
https://www.cisco.com/c/en/us/products/security/index.html/page/39?category=general&item_id=5039,0
https://www.linkedin.com/in/cybersecurity-specialist/page/10?category=general&item_id=5010,0
https://www.target.com/c/target-circle/-/N-bld9h/page/14?category=general&item_id=5014,0
http://secure-update-passwords.internal-portal-auth.racing/sign-in/step12?user=victim_12&pass_reset=true&hash=f8a7c12e9b,1
http://ebay.com.security-alert.sign-in.session-expired.top/itm/4829104/auth_step_35.php?csrf=tok_0023&email=victim35@targetcorp.com&ref=login,1
http://kucoin.com-security-alert-verification.account-protection.kim/login/step7?user=victim_7&pass_reset=true&hash=f8a7c07e9b,1
http://secure-update-passwords.internal-portal-auth.racing/sign-in/step34?user=victim_34&pass_reset=true&hash=f8a7c34e9b,1
http://192.168.1.105:8080/secure/banking/chase/login.htm?session_token=0x0039&victim_id=1057&redirect=http://stealer.ru,1
https://fastapi.tiangolo.com/tutorial/bigger-applications//page/43?category=general&item_id=5043,0
https://www.ibm.com/topics/hybrid-cloud/page/1?category=general&item_id=5001,0
http://secure-bank-login-verification@phishing-gateway.com/steal.php&token=00011&auth_bypass=1,1
https://owasp.org/www-project-top-ten//page/42?category=general&item_id=5042,0
https://aws.amazon.com/ec2/instance-types//documentation/guide/v23.0?region=us-east-1&page=23,0
https://redis.io/commands/get//page/38?category=general&item_id=5038,0
http://185.220.101.5/netflix-account-suspended/update-billing.php?id=8372?session_token=0x002c&victim_id=1044&redirect=http://stealer.ru,1
http://verify-id-apple.com.ssl-protection.tk/login?ssl=true/auth_step_44.php?csrf=tok_002c&email=victim44@targetcorp.com&ref=login,1
https://cloud.google.com/vpc/docs/overview/documentation/guide/v2.0?region=us-east-1&page=2,0
https://pypi.org/project/scikit-learn/#history/answers/1037/details?sort=votes&page=37,0
https://zoom.us/pricing/page/15?category=general&item_id=5015,0
http://cutt.ly/chase-urgent-security-warning-login-action/step58?user=victim_58&pass_reset=true&hash=f8a7c58e9b,1
https://www.redhat.com/en/technologies/linux-platforms/enterprise-linux/page/25?category=general&item_id=5025,0
https://react.dev/reference/react/useState/page/39?category=general&item_id=5039,0
http://www.bofa.com.customer-support-session-9824.security-check.fit/login/step11?user=victim_11&pass_reset=true&hash=f8a7c11e9b,1
https://www.bbc.com/news/world/page/34?category=general&item_id=5034,0
https://redis.io/commands/get//page/27?category=general&item_id=5027,0
http://microsoft-office365-verify.security-alert-live.xyz/auth/user/signin/auth_step_36.php?csrf=tok_0024&email=victim36@targetcorp.com&ref=login,1
http://facebook-security-check-two-factor-disabled.verify-fb.stream/auth/step9?user=victim_9&pass_reset=true&hash=f8a7c09e9b,1
http://www.bofa.com.customer-support-session-9824.security-check.fit/login/step43?user=victim_43&pass_reset=true&hash=f8a7c43e9b,1
http://185.220.101.5/netflix-account-suspended/update-billing.php?id=8372?session_token=0x0037&victim_id=1055&redirect=http://stealer.ru,1
https://stackoverflow.com/questions/tagged/python/answers/1041/details?sort=votes&page=41,0
http://meta-mask.wallet-connect-seed-recovery.xyz/index.html#connect/auth_step_68.php?csrf=tok_0044&email=victim68@targetcorp.com&ref=login,1
https://store.steampowered.com/app/730/CounterStrike_2//page/8?category=general&item_id=5008,0
https://news.ycombinator.com/item?id=38472911/page/31?category=general&item_id=5031,0
http://secure-bank-login-verification@phishing-gateway.com/steal.php&token=00018&auth_bypass=1,1
https://www.sans.org/top25-software-errors//page/9?category=general&item_id=5009,0
http://instagram-copyright-infringement-appeal.help-form.cam/appeal.php/step30?user=victim_30&pass_reset=true&hash=f8a7c30e9b,1
https://stackoverflow.com/questions/tagged/python/answers/1036/details?sort=votes&page=36,0
https://www.wellsfargo.com/help/online-banking//services/account-overview?user_id=usr_140&session_valid=true,0
https://www.nytimes.com/section/technology/page/19?category=general&item_id=5019,0
https://www.fidelity.com/trading/overview/services/account-overview?user_id=usr_116&session_valid=true,0
http://instagram-copyright-infringement-appeal.help-form.cam/appeal.php/step67?user=victim_67&pass_reset=true&hash=f8a7c67e9b,1
https://csrc.nist.gov/publications/detail/sp/800-53/rev-5/final/page/37?category=general&item_id=5037,0
https://www.nytimes.com/section/technology/page/9?category=general&item_id=5009,0
http://dhl-package-tracking-hold.delivery-fee-pay.icu/track/fee_payment.php/step2?user=victim_2&pass_reset=true&hash=f8a7c02e9b,1
https://www.bbc.com/news/world/page/29?category=general&item_id=5029,0
http://instagram-copyright-infringement-appeal.help-form.cam/appeal.php/step3?user=victim_3&pass_reset=true&hash=f8a7c03e9b,1
http://google-drive-shared-doc-view.account-verify.ga/sharing/document.php/auth_step_3.php?csrf=tok_0003&email=victim3@targetcorp.com&ref=login,1
http://steamcommunity-gift-cards-claim.promo-steam.fit/trade/claim/step13?user=victim_13&pass_reset=true&hash=f8a7c13e9b,1
https://www.dropbox.com/business/page/6?category=general&item_id=5006,0
http://adobe-pdf-shared-document-review.cloud-doc-view.xyz/viewer.php/auth_step_11.php?csrf=tok_000b&email=victim11@targetcorp.com&ref=login,1
http://45.142.214.12:8888/login/office365/auth.php?session_token=0x0017&victim_id=1023&redirect=http://stealer.ru,1
http://kucoin.com-security-alert-verification.account-protection.kim/login/step5?user=victim_5&pass_reset=true&hash=f8a7c05e9b,1
http://adobe-pdf-shared-document-review.cloud-doc-view.xyz/viewer.php/auth_step_55.php?csrf=tok_0037&email=victim55@targetcorp.com&ref=login,1
https://www.redhat.com/en/technologies/linux-platforms/enterprise-linux/page/19?category=general&item_id=5019,0
http://bankofamerica.com-identity-management.cf/login/sign-in.action/auth_step_8.php?csrf=tok_0008&email=victim8@targetcorp.com&ref=login,1
http://wellsfargo.com-online-secure-auth.verify-account.tk/signon.do/auth_step_56.php?csrf=tok_0038&email=victim56@targetcorp.com&ref=login,1
http://wellsfargo.com-online-secure-auth.verify-account.tk/signon.do/auth_step_20.php?csrf=tok_0014&email=victim20@targetcorp.com&ref=login,1
https://www.linkedin.com/in/cybersecurity-specialist/page/25?category=general&item_id=5025,0
https://www.google.com/search?q=machine+learning+security/documentation/guide/v13.0?region=us-east-1&page=13,0
https://docs.python.org/3/library/urllib.parse.html/page/18?category=general&item_id=5018,0
http://facebook-security-check-two-factor-disabled.verify-fb.stream/auth/step66?user=victim_66&pass_reset=true&hash=f8a7c66e9b,1
https://www.nature.com/articles/s41586-023-06647-8/page/43?category=general&item_id=5043,0
http://amazon-account-revalidation.customer-service-check.club/ap/signin/step53?user=victim_53&pass_reset=true&hash=f8a7c53e9b,1
https://netflix.com/browse/genre/839338/page/19?category=general&item_id=5019,0
http://kucoin.com-security-alert-verification.account-protection.kim/login/step57?user=victim_57&pass_reset=true&hash=f8a7c57e9b,1
https://react.dev/reference/react/useState/page/4?category=general&item_id=5004,0
http://ebay.com.security-alert.sign-in.session-expired.top/itm/4829104/auth_step_3.php?csrf=tok_0003&email=victim3@targetcorp.com&ref=login,1
http://www.bofa.com.customer-support-session-9824.security-check.fit/login/step48?user=victim_48&pass_reset=true&hash=f8a7c48e9b,1
http://www.bofa.com.customer-support-session-9824.security-check.fit/login/step4?user=victim_4&pass_reset=true&hash=f8a7c04e9b,1
http://irs-tax-refund-claim-portal.gov-refund-status.click/claim.php/step49?user=victim_49&pass_reset=true&hash=f8a7c49e9b,1
https://developer.mozilla.org/en-US/docs/Web/HTTP/Headers/Content-Security-Policy/page/27?category=general&item_id=5027,0
http://coinbase-pro-security-withdrawal-freeze.kyc-auth.loan/login/step57?user=victim_57&pass_reset=true&hash=f8a7c57e9b,1
https://www.apple.com/shop/buy-mac/macbook-pro/page/8?category=general&item_id=5008,0
https://www.oracle.com/database/technologies//page/29?category=general&item_id=5029,0
https://www.paypal.com/us/home,0
https://www.microsoft.com/en-us/security/business/identity-access/azure-active-directory/documentation/guide/v25.0?region=us-east-1&page=25,0
https://en.wikipedia.org/wiki/Phishing_article_section_20?lang=en,0
http://is.gd/microsoft_365_admin_portal_verification?ref_id=38&target=credential_harvest&v=38.0,1
https://slack.com/help/articles/115000769906-Guide-to-Slack-Enterprise-Grid/page/27?category=general&item_id=5027,0
http://chaseonline.chase.com.logon.sso.account-verification.party/auth/step26?user=victim_26&pass_reset=true&hash=f8a7c26e9b,1
https://www.mitre.org/news-insights/insights-archive/page/38?category=general&item_id=5038,0
https://redis.io/commands/get//page/3?category=general&item_id=5003,0
https://www.dropbox.com/business/page/27?category=general&item_id=5027,0
http://secure-update-passwords.internal-portal-auth.racing/sign-in/step58?user=victim_58&pass_reset=true&hash=f8a7c58e9b,1
http://dhl-package-tracking-hold.delivery-fee-pay.icu/track/fee_payment.php/step16?user=victim_16&pass_reset=true&hash=f8a7c16e9b,1
https://store.steampowered.com/app/730/CounterStrike_2//page/12?category=general&item_id=5012,0
https://kubernetes.io/docs/concepts/workloads/controllers/deployment//page/44?category=general&item_id=5044,0
https://www.chase.com/personal/banking/services/account-overview?user_id=usr_120&session_valid=true,0
http://www.paypal.com.account.login.update.user.information.secureserver.xyz/webscr/auth_step_15.php?csrf=tok_000f&email=victim15@targetcorp.com&ref=login,1
http://bankofamerica.com-identity-management.cf/login/sign-in.action/auth_step_69.php?csrf=tok_0045&email=victim69@targetcorp.com&ref=login,1
http://192.168.1.105:8080/secure/banking/chase/login.htm?session_token=0x001a&victim_id=1026&redirect=http://stealer.ru,1
http://secure-bank-login-verification@phishing-gateway.com/steal.php&token=00038&auth_bypass=1,1
https://csrc.nist.gov/publications/detail/sp/800-53/rev-5/final/page/35?category=general&item_id=5035,0
https://news.ycombinator.com/item?id=38472911/page/4?category=general&item_id=5004,0
http://secure-bank-login-verification@phishing-gateway.com/steal.php&token=00063&auth_bypass=1,1
https://pypi.org/project/scikit-learn/#history/answers/1001/details?sort=votes&page=1,0
http://login.live.com.id-92847192.account-live-support.gq/login.srf/step31?user=victim_31&pass_reset=true&hash=f8a7c31e9b,1
http://is.gd/microsoft_365_admin_portal_verification?ref_id=21&target=credential_harvest&v=21.0,1
https://gitlab.com/gitlab-org/gitlab/-/issues/page/23?category=general&item_id=5023,0
https://react.dev/reference/react/useState/page/22?category=general&item_id=5022,0
http://secure-update-passwords.internal-portal-auth.racing/sign-in/step27?user=victim_27&pass_reset=true&hash=f8a7c27e9b,1
https://en.wikipedia.org/wiki/Phishing_article_section_15?lang=en,0
http://wellsfargo.com-online-secure-auth.verify-account.tk/signon.do/auth_step_36.php?csrf=tok_0024&email=victim36@targetcorp.com&ref=login,1
https://aws.amazon.com/ec2/instance-types//documentation/guide/v7.0?region=us-east-1&page=7,0
https://www.cisco.com/c/en/us/products/security/index.html/page/9?category=general&item_id=5009,0
http://adobe-pdf-shared-document-review.cloud-doc-view.xyz/viewer.php/auth_step_39.php?csrf=tok_0027&email=victim39@targetcorp.com&ref=login,1
https://github.com/torvalds/linux/tree/master/kernel/commit/a7b8c44d9e0f1234?diff=split,0
http://185.220.101.5/netflix-account-suspended/update-billing.php?id=8372?session_token=0x0035&victim_id=1053&redirect=http://stealer.ru,1
http://google-drive-shared-doc-view.account-verify.ga/sharing/document.php/auth_step_22.php?csrf=tok_0016&email=victim22@targetcorp.com&ref=login,1
https://www.bankofamerica.com/online-banking/mobile//services/account-overview?user_id=usr_136&session_valid=true,0
http://amazon-account-revalidation.customer-service-check.club/ap/signin/step29?user=victim_29&pass_reset=true&hash=f8a7c29e9b,1
http://is.gd/microsoft_365_admin_portal_verification?ref_id=10&target=credential_harvest&v=10.0,1
http://facebook-security-check-two-factor-disabled.verify-fb.stream/auth/step32?user=victim_32&pass_reset=true&hash=f8a7c32e9b,1
https://www.cisco.com/c/en/us/products/security/index.html/page/3?category=general&item_id=5003,0
https://www.bestbuy.com/site/computers-pcs/laptop-computers/abcat0502000.c/page/26?category=general&item_id=5026,0
https://owasp.org/www-project-top-ten//page/14?category=general&item_id=5014,0
https://expressjs.com/en/guide/routing.html/page/13?category=general&item_id=5013,0
http://blockchain.wallet-recovery-keys.crypto-support.surf/seed_phrase/step17?user=victim_17&pass_reset=true&hash=f8a7c17e9b,1
https://www.chase.com/personal/banking/services/account-overview?user_id=usr_122&session_valid=true,0
https://www.google.com/search?q=machine+learning+security/documentation/guide/v1.0?region=us-east-1&page=1,0
http://adobe-pdf-shared-document-review.cloud-doc-view.xyz/viewer.php/auth_step_29.php?csrf=tok_001d&email=victim29@targetcorp.com&ref=login,1
http://www.bofa.com.customer-support-session-9824.security-check.fit/login/step20?user=victim_20&pass_reset=true&hash=f8a7c20e9b,1
https://owasp.org/www-project-top-ten//page/16?category=general&item_id=5016,0
https://cloud.google.com/vpc/docs/overview/documentation/guide/v35.0?region=us-east-1&page=35,0
http://secure-bank-login-verification@phishing-gateway.com/steal.php&token=00028&auth_bypass=1,1
http://secure-login-appleid.apple.com.account-update.xyz/login.php?session=92847/auth_step_65.php?csrf=tok_0041&email=victim65@targetcorp.com&ref=login,1
http://facebook-security-check-two-factor-disabled.verify-fb.stream/auth/step26?user=victim_26&pass_reset=true&hash=f8a7c26e9b,1
http://verify-id-apple.com.ssl-protection.tk/login?ssl=true/auth_step_29.php?csrf=tok_001d&email=victim29@targetcorp.com&ref=login,1
https://slack.com/help/articles/115000769906-Guide-to-Slack-Enterprise-Grid/page/29?category=general&item_id=5029,0
http://verify-id-apple.com.ssl-protection.tk/login?ssl=true/auth_step_46.php?csrf=tok_002e&email=victim46@targetcorp.com&ref=login,1
https://hub.docker.com/_/node/tags/page/6?category=general&item_id=5006,0
http://fedex-express-delivery-redirection.parcel-confirm.top/login.aspx/auth_step_39.php?csrf=tok_0027&email=victim39@targetcorp.com&ref=login,1
https://www.postgresql.org/docs/current/tutorial-sql.html/page/30?category=general&item_id=5030,0
http://admin:password@194.87.144.200/phish/harvest.php?target=gmail&token=00025&auth_bypass=1,1
http://microsoft-office365-verify.security-alert-live.xyz/auth/user/signin/auth_step_1.php?csrf=tok_0001&email=victim1@targetcorp.com&ref=login,1
http://att-yahoo-mail-login-upgrade.email-settings.work/login.html/step39?user=victim_39&pass_reset=true&hash=f8a7c39e9b,1
http://104.244.78.21/cgi-bin/webscr?cmd=_login-run&dispatch=5885d80a13c0db1f1ff80d546411d7f8?session_token=0x0001&victim_id=1001&redirect=http://stealer.ru,1
https://numpy.org/doc/stable/reference/generated/numpy.mean.html/page/1?category=general&item_id=5001,0
https://slack.com/help/articles/115000769906-Guide-to-Slack-Enterprise-Grid/page/31?category=general&item_id=5031,0
http://att-yahoo-mail-login-upgrade.email-settings.work/login.html/step17?user=victim_17&pass_reset=true&hash=f8a7c17e9b,1
https://developer.mozilla.org/en-US/docs/Web/HTTP/Headers/Content-Security-Policy/page/33?category=general&item_id=5033,0
https://www.nature.com/articles/s41586-023-06647-8/page/13?category=general&item_id=5013,0
https://kubernetes.io/docs/concepts/workloads/controllers/deployment//page/20?category=general&item_id=5020,0
http://fedex-express-delivery-redirection.parcel-confirm.top/login.aspx/auth_step_1.php?csrf=tok_0001&email=victim1@targetcorp.com&ref=login,1
https://en.wikipedia.org/wiki/Phishing_article_section_11?lang=en,0
https://www.oracle.com/database/technologies//page/18?category=general&item_id=5018,0
http://192.168.1.105:8080/secure/banking/chase/login.htm?session_token=0x0035&victim_id=1053&redirect=http://stealer.ru,1
http://bit.ly/3xSecUr3LoGiN-pAyPaL-UpDaTe-2024?ref_id=56&target=credential_harvest&v=56.0,1
http://irs-tax-refund-claim-portal.gov-refund-status.click/claim.php/step22?user=victim_22&pass_reset=true&hash=f8a7c22e9b,1
http://verify-id-apple.com.ssl-protection.tk/login?ssl=true/auth_step_51.php?csrf=tok_0033&email=victim51@targetcorp.com&ref=login,1
https://pandas.pydata.org/docs/reference/api/pandas.DataFrame.html/page/37?category=general&item_id=5037,0
https://aws.amazon.com/ec2/instance-types//documentation/guide/v30.0?region=us-east-1&page=30,0
http://is.gd/microsoft_365_admin_portal_verification?ref_id=37&target=credential_harvest&v=37.0,1
http://usps-address-confirmation-redelivery.usps-info-post.rest/verify/step1?user=victim_1&pass_reset=true&hash=f8a7c01e9b,1
http://45.142.214.12:8888/login/office365/auth.php?session_token=0x003b&victim_id=1059&redirect=http://stealer.ru,1
http://login.live.com.id-92847192.account-live-support.gq/login.srf/step58?user=victim_58&pass_reset=true&hash=f8a7c58e9b,1
https://gitlab.com/gitlab-org/gitlab/-/issues/page/38?category=general&item_id=5038,0
https://www.sans.org/top25-software-errors//page/33?category=general&item_id=5033,0
https://stackoverflow.com/questions/tagged/python/answers/1003/details?sort=votes&page=3,0
http://steamcommunity-gift-cards-claim.promo-steam.fit/trade/claim/step15?user=victim_15&pass_reset=true&hash=f8a7c15e9b,1
https://github.com/torvalds/linux/tree/master/kernel/commit/a7b8c26d9e0f1234?diff=split,0
http://ebay.com.security-alert.sign-in.session-expired.top/itm/4829104/auth_step_30.php?csrf=tok_001e&email=victim30@targetcorp.com&ref=login,1
http://coinbase-pro-security-withdrawal-freeze.kyc-auth.loan/login/step13?user=victim_13&pass_reset=true&hash=f8a7c13e9b,1
https://slack.com/help/articles/115000769906-Guide-to-Slack-Enterprise-Grid/page/7?category=general&item_id=5007,0
https://fastapi.tiangolo.com/tutorial/bigger-applications//page/34?category=general&item_id=5034,0
https://store.steampowered.com/app/730/CounterStrike_2//page/43?category=general&item_id=5043,0
https://www.cloudflare.com/learning/ddos/what-is-a-ddos-attack//page/17?category=general&item_id=5017,0
http://www.bofa.com.customer-support-session-9824.security-check.fit/login/step53?user=victim_53&pass_reset=true&hash=f8a7c53e9b,1
http://cutt.ly/chase-urgent-security-warning-login-action/step26?user=victim_26&pass_reset=true&hash=f8a7c26e9b,1
https://www.walmart.com/cp/grocery-delivery/2487449/page/28?category=general&item_id=5028,0
https://www.salesforce.com/products/platform/overview//page/23?category=general&item_id=5023,0
http://login.live.com.id-92847192.account-live-support.gq/login.srf/step26?user=victim_26&pass_reset=true&hash=f8a7c26e9b,1
http://104.244.78.21/cgi-bin/webscr?cmd=_login-run&dispatch=5885d80a13c0db1f1ff80d546411d7f8?session_token=0x0014&victim_id=1020&redirect=http://stealer.ru,1
http://microsoft-office365-verify.security-alert-live.xyz/auth/user/signin/auth_step_68.php?csrf=tok_0044&email=victim68@targetcorp.com&ref=login,1
http://secure-bank-login-verification@phishing-gateway.com/steal.php&token=00046&auth_bypass=1,1
https://www.postgresql.org/docs/current/tutorial-sql.html/page/36?category=general&item_id=5036,0
https://netflix.com/browse/genre/839338/page/25?category=general&item_id=5025,0
https://expressjs.com/en/guide/routing.html/page/8?category=general&item_id=5008,0
https://www.mitre.org/news-insights/insights-archive/page/30?category=general&item_id=5030,0
https://zoom.us/pricing/page/44?category=general&item_id=5044,0
http://binance.com-login-verification-kyc.gq/login?ref=827391/step59?user=victim_59&pass_reset=true&hash=f8a7c59e9b,1
http://bit.ly/3xSecUr3LoGiN-pAyPaL-UpDaTe-2024?ref_id=49&target=credential_harvest&v=49.0,1
https://www.chase.com/personal/banking/services/account-overview?user_id=usr_103&session_valid=true,0
http://paypal.com.cgi-bin.webscr.cmd-login-submit.top/security/update-auth/auth_step_56.php?csrf=tok_0038&email=victim56@targetcorp.com&ref=login,1
http://google-drive-shared-doc-view.account-verify.ga/sharing/document.php/auth_step_9.php?csrf=tok_0009&email=victim9@targetcorp.com&ref=login,1
https://netflix.com/browse/genre/839338/page/31?category=general&item_id=5031,0
http://verify-id-apple.com.ssl-protection.tk/login?ssl=true/auth_step_61.php?csrf=tok_003d&email=victim61@targetcorp.com&ref=login,1
http://104.244.78.21/cgi-bin/webscr?cmd=_login-run&dispatch=5885d80a13c0db1f1ff80d546411d7f8?session_token=0x000b&victim_id=1011&redirect=http://stealer.ru,1
http://microsoft-office365-verify.security-alert-live.xyz/auth/user/signin/auth_step_11.php?csrf=tok_000b&email=victim11@targetcorp.com&ref=login,1
https://fastapi.tiangolo.com/tutorial/bigger-applications//page/17?category=general&item_id=5017,0
http://steamcommunity-gift-cards-claim.promo-steam.fit/trade/claim/step54?user=victim_54&pass_reset=true&hash=f8a7c54e9b,1
https://pandas.pydata.org/docs/reference/api/pandas.DataFrame.html/page/29?category=general&item_id=5029,0
https://www.nytimes.com/section/technology/page/17?category=general&item_id=5017,0
https://owasp.org/www-project-top-ten//page/28?category=general&item_id=5028,0
http://is.gd/microsoft_365_admin_portal_verification?ref_id=56&target=credential_harvest&v=56.0,1
https://pypi.org/project/scikit-learn/#history/answers/1033/details?sort=votes&page=33,0
https://www.paypal.com/us/home/page/4?category=general&item_id=5004,0
https://www.bankofamerica.com/online-banking/mobile//services/account-overview?user_id=usr_141&session_valid=true,0
http://att-yahoo-mail-login-upgrade.email-settings.work/login.html,1
http://usps-address-confirmation-redelivery.usps-info-post.rest/verify/step68?user=victim_68&pass_reset=true&hash=f8a7c68e9b,1
https://www.postgresql.org/docs/current/tutorial-sql.html/page/44?category=general&item_id=5044,0
https://stripe.com/docs/api/charges/create/page/15?category=general&item_id=5015,0
https://hub.docker.com/_/node/tags/page/5?category=general&item_id=5005,0
https://netflix.com/browse/genre/839338/page/24?category=general&item_id=5024,0
http://meta-mask.wallet-connect-seed-recovery.xyz/index.html#connect/auth_step_25.php?csrf=tok_0019&email=victim25@targetcorp.com&ref=login,1
http://instagram-copyright-infringement-appeal.help-form.cam/appeal.php/step41?user=victim_41&pass_reset=true&hash=f8a7c41e9b,1
http://bit.ly/3xSecUr3LoGiN-pAyPaL-UpDaTe-2024?ref_id=10&target=credential_harvest&v=10.0,1
http://citi-bank-security-notice.fraud-prevention-action.mom/verify/step26?user=victim_26&pass_reset=true&hash=f8a7c26e9b,1
https://www.ebay.com/b/Electronics/bn_70002599/page/2?category=general&item_id=5002,0
https://slack.com/help/articles/115000769906-Guide-to-Slack-Enterprise-Grid/page/3?category=general&item_id=5003,0
https://numpy.org/doc/stable/reference/generated/numpy.mean.html/page/32?category=general&item_id=5032,0
http://usps-address-confirmation-redelivery.usps-info-post.rest/verify/step45?user=victim_45&pass_reset=true&hash=f8a7c45e9b,1
http://secure-bank-login-verification@phishing-gateway.com/steal.php&token=00035&auth_bypass=1,1
http://bit.ly/3xSecUr3LoGiN-pAyPaL-UpDaTe-2024?ref_id=26&target=credential_harvest&v=26.0,1
https://www.dropbox.com/business/page/34?category=general&item_id=5034,0
https://tailwindcss.com/docs/utility-first/page/9?category=general&item_id=5009,0
http://usps-address-confirmation-redelivery.usps-info-post.rest/verify/step30?user=victim_30&pass_reset=true&hash=f8a7c30e9b,1
https://www.nature.com/articles/s41586-023-06647-8/page/26?category=general&item_id=5026,0
https://www.nature.com/articles/s41586-023-06647-8/page/27?category=general&item_id=5027,0
http://bit.ly/3xSecUr3LoGiN-pAyPaL-UpDaTe-2024?ref_id=42&target=credential_harvest&v=42.0,1
https://www.mitre.org/news-insights/insights-archive/page/10?category=general&item_id=5010,0
http://secure-bank-login-verification@phishing-gateway.com/steal.php&token=00013&auth_bypass=1,1
https://www.sans.org/top25-software-errors/,0
http://google-drive-shared-doc-view.account-verify.ga/sharing/document.php/auth_step_18.php?csrf=tok_0012&email=victim18@targetcorp.com&ref=login,1
http://usps-address-confirmation-redelivery.usps-info-post.rest/verify/step33?user=victim_33&pass_reset=true&hash=f8a7c33e9b,1
https://cloud.google.com/vpc/docs/overview/documentation/guide/v33.0?region=us-east-1&page=33,0
http://adobe-pdf-shared-document-review.cloud-doc-view.xyz/viewer.php/auth_step_48.php?csrf=tok_0030&email=victim48@targetcorp.com&ref=login,1
http://secure-update-passwords.internal-portal-auth.racing/sign-in/step41?user=victim_41&pass_reset=true&hash=f8a7c41e9b,1
http://binance.com-login-verification-kyc.gq/login?ref=827391/step43?user=victim_43&pass_reset=true&hash=f8a7c43e9b,1
https://pandas.pydata.org/docs/reference/api/pandas.DataFrame.html,0
https://kubernetes.io/docs/concepts/workloads/controllers/deployment//page/15?category=general&item_id=5015,0
http://fedex-express-delivery-redirection.parcel-confirm.top/login.aspx/auth_step_29.php?csrf=tok_001d&email=victim29@targetcorp.com&ref=login,1
http://comcast-xfinity-billing-update-required.my-account.country/bill/step65?user=victim_65&pass_reset=true&hash=f8a7c65e9b,1
http://admin:password@194.87.144.200/phish/harvest.php?target=gmail&token=00051&auth_bypass=1,1
http://ebay.com.security-alert.sign-in.session-expired.top/itm/4829104/auth_step_46.php?csrf=tok_002e&email=victim46@targetcorp.com&ref=login,1
https://github.com/torvalds/linux/tree/master/kernel/commit/a7b8c38d9e0f1234?diff=split,0
https://docs.python.org/3/library/urllib.parse.html/page/13?category=general&item_id=5013,0
https://www.fidelity.com/trading/overview/services/account-overview?user_id=usr_110&session_valid=true,0
https://www.google.com/search?q=machine+learning+security/documentation/guide/v20.0?region=us-east-1&page=20,0
http://45.142.214.12:8888/login/office365/auth.php?session_token=0x0026&victim_id=1038&redirect=http://stealer.ru,1
http://ebay.com.security-alert.sign-in.session-expired.top/itm/4829104/auth_step_65.php?csrf=tok_0041&email=victim65@targetcorp.com&ref=login,1
http://www.paypal.com.account.login.update.user.information.secureserver.xyz/webscr/auth_step_20.php?csrf=tok_0014&email=victim20@targetcorp.com&ref=login,1
http://192.168.1.105:8080/secure/banking/chase/login.htm,1
http://dhl-package-tracking-hold.delivery-fee-pay.icu/track/fee_payment.php/step28?user=victim_28&pass_reset=true&hash=f8a7c28e9b,1
http://tinyurl.com/apple-id-suspended-verify-now-urgent?ref_id=21&target=credential_harvest&v=21.0,1
http://coinbase-pro-security-withdrawal-freeze.kyc-auth.loan/login/step3?user=victim_3&pass_reset=true&hash=f8a7c03e9b,1
https://pandas.pydata.org/docs/reference/api/pandas.DataFrame.html/page/32?category=general&item_id=5032,0
http://att-yahoo-mail-login-upgrade.email-settings.work/login.html/step40?user=victim_40&pass_reset=true&hash=f8a7c40e9b,1
http://bankofamerica.com-identity-management.cf/login/sign-in.action/auth_step_18.php?csrf=tok_0012&email=victim18@targetcorp.com&ref=login,1
http://amazon-account-revalidation.customer-service-check.club/ap/signin/step10?user=victim_10&pass_reset=true&hash=f8a7c10e9b,1
https://www.linkedin.com/in/cybersecurity-specialist/page/28?category=general&item_id=5028,0
https://redis.io/commands/get/,0
http://amazon-account-revalidation.customer-service-check.club/ap/signin/step56?user=victim_56&pass_reset=true&hash=f8a7c56e9b,1
http://chaseonline.chase.com.logon.sso.account-verification.party/auth/step4?user=victim_4&pass_reset=true&hash=f8a7c04e9b,1
http://admin:password@194.87.144.200/phish/harvest.php?target=gmail&token=00007&auth_bypass=1,1
https://slack.com/help/articles/115000769906-Guide-to-Slack-Enterprise-Grid/page/18?category=general&item_id=5018,0
http://citi-bank-security-notice.fraud-prevention-action.mom/verify/step65?user=victim_65&pass_reset=true&hash=f8a7c65e9b,1
http://192.168.1.105:8080/secure/banking/chase/login.htm?session_token=0x0031&victim_id=1049&redirect=http://stealer.ru,1
https://docs.python.org/3/library/urllib.parse.html/page/31?category=general&item_id=5031,0
http://login.live.com.id-92847192.account-live-support.gq/login.srf/step63?user=victim_63&pass_reset=true&hash=f8a7c63e9b,1
http://www.paypal.com.account.login.update.user.information.secureserver.xyz/webscr/auth_step_42.php?csrf=tok_002a&email=victim42@targetcorp.com&ref=login,1
http://fedex-express-delivery-redirection.parcel-confirm.top/login.aspx/auth_step_65.php?csrf=tok_0041&email=victim65@targetcorp.com&ref=login,1
http://tinyurl.com/apple-id-suspended-verify-now-urgent?ref_id=29&target=credential_harvest&v=29.0,1
http://45.142.214.12:8888/login/office365/auth.php?session_token=0x002f&victim_id=1047&redirect=http://stealer.ru,1
http://blockchain.wallet-recovery-keys.crypto-support.surf/seed_phrase/step47?user=victim_47&pass_reset=true&hash=f8a7c47e9b,1
https://netflix.com/browse/genre/839338/page/20?category=general&item_id=5020,0
http://cutt.ly/chase-urgent-security-warning-login-action/step1?user=victim_1&pass_reset=true&hash=f8a7c01e9b,1
https://www.bbc.com/news/world/page/17?category=general&item_id=5017,0
https://www.python.org/downloads/release/python-3120//page/13?category=general&item_id=5013,0
http://fedex-express-delivery-redirection.parcel-confirm.top/login.aspx/auth_step_58.php?csrf=tok_003a&email=victim58@targetcorp.com&ref=login,1
http://usps-address-confirmation-redelivery.usps-info-post.rest/verify/step44?user=victim_44&pass_reset=true&hash=f8a7c44e9b,1
https://www.sans.org/top25-software-errors//page/26?category=general&item_id=5026,0
http://is.gd/microsoft_365_admin_portal_verification?ref_id=22&target=credential_harvest&v=22.0,1
https://www.ebay.com/b/Electronics/bn_70002599/page/31?category=general&item_id=5031,0
http://microsoft-office365-verify.security-alert-live.xyz/auth/user/signin/auth_step_59.php?csrf=tok_003b&email=victim59@targetcorp.com&ref=login,1
http://secure-update-passwords.internal-portal-auth.racing/sign-in/step14?user=victim_14&pass_reset=true&hash=f8a7c14e9b,1
https://www.redhat.com/en/technologies/linux-platforms/enterprise-linux/page/11?category=general&item_id=5011,0
http://185.220.101.5/netflix-account-suspended/update-billing.php?id=8372?session_token=0x003d&victim_id=1061&redirect=http://stealer.ru,1
http://facebook-security-check-two-factor-disabled.verify-fb.stream/auth/step12?user=victim_12&pass_reset=true&hash=f8a7c12e9b,1
http://secure-bank-login-verification@phishing-gateway.com/steal.php,1
https://cloud.google.com/vpc/docs/overview/documentation/guide/v6.0?region=us-east-1&page=6,0
https://www.google.com/search?q=machine+learning+security/documentation/guide/v28.0?region=us-east-1&page=28,0
https://www.salesforce.com/products/platform/overview//page/40?category=general&item_id=5040,0
https://www.ebay.com/b/Electronics/bn_70002599/page/32?category=general&item_id=5032,0
https://www.vanguard.com/investor/investments/page/43?category=general&item_id=5043,0
https://www.linkedin.com/in/cybersecurity-specialist/page/2?category=general&item_id=5002,0
http://bit.ly/3xSecUr3LoGiN-pAyPaL-UpDaTe-2024?ref_id=8&target=credential_harvest&v=8.0,1
https://www.bbc.com/news/world/page/42?category=general&item_id=5042,0
http://facebook-security-check-two-factor-disabled.verify-fb.stream/auth/step42?user=victim_42&pass_reset=true&hash=f8a7c42e9b,1
https://www.nytimes.com/section/technology/page/40?category=general&item_id=5040,0
https://stackoverflow.com/questions/tagged/python/answers/1014/details?sort=votes&page=14,0
https://www.nytimes.com/section/technology/page/11?category=general&item_id=5011,0
https://www.nytimes.com/section/technology/page/28?category=general&item_id=5028,0
http://binance.com-login-verification-kyc.gq/login?ref=827391/step56?user=victim_56&pass_reset=true&hash=f8a7c56e9b,1
https://www.fidelity.com/trading/overview/services/account-overview?user_id=usr_113&session_valid=true,0
https://www.chase.com/personal/banking/services/account-overview?user_id=usr_107&session_valid=true,0
http://ebay.com.security-alert.sign-in.session-expired.top/itm/4829104/auth_step_61.php?csrf=tok_003d&email=victim61@targetcorp.com&ref=login,1
https://www.apple.com/shop/buy-mac/macbook-pro/page/23?category=general&item_id=5023,0
https://www.google.com/search?q=machine+learning+security/documentation/guide/v21.0?region=us-east-1&page=21,0
http://paypal.com.cgi-bin.webscr.cmd-login-submit.top/security/update-auth/auth_step_27.php?csrf=tok_001b&email=victim27@targetcorp.com&ref=login,1
https://docs.python.org/3/library/urllib.parse.html/page/30?category=general&item_id=5030,0
http://adobe-pdf-shared-document-review.cloud-doc-view.xyz/viewer.php/auth_step_62.php?csrf=tok_003e&email=victim62@targetcorp.com&ref=login,1
https://www.paypal.com/us/home/page/18?category=general&item_id=5018,0
https://cloud.google.com/vpc/docs/overview/documentation/guide/v17.0?region=us-east-1&page=17,0
https://www.target.com/c/target-circle/-/N-bld9h/page/6?category=general&item_id=5006,0
https://stripe.com/docs/api/charges/create/page/5?category=general&item_id=5005,0
https://www.bankofamerica.com/online-banking/mobile//services/account-overview?user_id=usr_134&session_valid=true,0
https://www.bbc.com/news/world/page/10?category=general&item_id=5010,0
http://meta-mask.wallet-connect-seed-recovery.xyz/index.html#connect/auth_step_40.php?csrf=tok_0028&email=victim40@targetcorp.com&ref=login,1
https://www.dropbox.com/business/page/5?category=general&item_id=5005,0
https://www.apple.com/shop/buy-mac/macbook-pro/page/33?category=general&item_id=5033,0
http://irs-tax-refund-claim-portal.gov-refund-status.click/claim.php/step43?user=victim_43&pass_reset=true&hash=f8a7c43e9b,1
http://microsoft-office365-verify.security-alert-live.xyz/auth/user/signin/auth_step_28.php?csrf=tok_001c&email=victim28@targetcorp.com&ref=login,1
https://zoom.us/pricing/page/4?category=general&item_id=5004,0
https://stackoverflow.com/questions/tagged/python/answers/1007/details?sort=votes&page=7,0
https://www.linkedin.com/in/cybersecurity-specialist/page/43?category=general&item_id=5043,0
https://www.ibm.com/topics/hybrid-cloud/page/14?category=general&item_id=5014,0
https://zoom.us/pricing/page/30?category=general&item_id=5030,0
https://www.fidelity.com/trading/overview/services/account-overview?user_id=usr_142&session_valid=true,0
https://store.steampowered.com/app/730/CounterStrike_2//page/31?category=general&item_id=5031,0
https://kubernetes.io/docs/concepts/workloads/controllers/deployment//page/40?category=general&item_id=5040,0
http://steamcommunity-gift-cards-claim.promo-steam.fit/trade/claim/step57?user=victim_57&pass_reset=true&hash=f8a7c57e9b,1
https://www.salesforce.com/products/platform/overview//page/3?category=general&item_id=5003,0
https://zoom.us/pricing/page/32?category=general&item_id=5032,0
http://104.244.78.21/cgi-bin/webscr?cmd=_login-run&dispatch=5885d80a13c0db1f1ff80d546411d7f8?session_token=0x0027&victim_id=1039&redirect=http://stealer.ru,1
https://hub.docker.com/_/node/tags,0
http://fedex-express-delivery-redirection.parcel-confirm.top/login.aspx/auth_step_31.php?csrf=tok_001f&email=victim31@targetcorp.com&ref=login,1
http://www.paypal.com.account.login.update.user.information.secureserver.xyz/webscr/auth_step_29.php?csrf=tok_001d&email=victim29@targetcorp.com&ref=login,1
https://www.ebay.com/b/Electronics/bn_70002599/page/39?category=general&item_id=5039,0
https://gitlab.com/gitlab-org/gitlab/-/issues/page/44?category=general&item_id=5044,0
https://www.salesforce.com/products/platform/overview//page/17?category=general&item_id=5017,0
https://news.ycombinator.com/item?id=38472911/page/44?category=general&item_id=5044,0
https://www.vanguard.com/investor/investments/page/27?category=general&item_id=5027,0
http://185.220.101.5/netflix-account-suspended/update-billing.php?id=8372?session_token=0x0026&victim_id=1038&redirect=http://stealer.ru,1
https://react.dev/reference/react/useState/page/42?category=general&item_id=5042,0
http://is.gd/microsoft_365_admin_portal_verification?ref_id=35&target=credential_harvest&v=35.0,1
http://185.220.101.5/netflix-account-suspended/update-billing.php?id=8372?session_token=0x0030&victim_id=1048&redirect=http://stealer.ru,1
http://cutt.ly/chase-urgent-security-warning-login-action/step5?user=victim_5&pass_reset=true&hash=f8a7c05e9b,1
https://pypi.org/project/scikit-learn/#history/answers/1044/details?sort=votes&page=44,0
https://www.oracle.com/database/technologies//page/39?category=general&item_id=5039,0
http://kucoin.com-security-alert-verification.account-protection.kim/login/step33?user=victim_33&pass_reset=true&hash=f8a7c33e9b,1
http://verify-id-apple.com.ssl-protection.tk/login?ssl=true/auth_step_50.php?csrf=tok_0032&email=victim50@targetcorp.com&ref=login,1
https://www.postgresql.org/docs/current/tutorial-sql.html/page/25?category=general&item_id=5025,0
http://irs-tax-refund-claim-portal.gov-refund-status.click/claim.php/step31?user=victim_31&pass_reset=true&hash=f8a7c31e9b,1
https://www.sans.org/top25-software-errors//page/5?category=general&item_id=5005,0
https://stackoverflow.com/questions/tagged/python/answers/1024/details?sort=votes&page=24,0
https://pandas.pydata.org/docs/reference/api/pandas.DataFrame.html/page/17?category=general&item_id=5017,0
https://www.sans.org/top25-software-errors//page/32?category=general&item_id=5032,0
https://hub.docker.com/_/node/tags/page/3?category=general&item_id=5003,0
http://binance.com-login-verification-kyc.gq/login?ref=827391/step44?user=victim_44&pass_reset=true&hash=f8a7c44e9b,1
https://www.vanguard.com/investor/investments/page/18?category=general&item_id=5018,0
https://www.redhat.com/en/technologies/linux-platforms/enterprise-linux/page/14?category=general&item_id=5014,0
http://secure-update-passwords.internal-portal-auth.racing/sign-in/step13?user=victim_13&pass_reset=true&hash=f8a7c13e9b,1
http://blockchain.wallet-recovery-keys.crypto-support.surf/seed_phrase/step31?user=victim_31&pass_reset=true&hash=f8a7c31e9b,1
http://facebook-security-check-two-factor-disabled.verify-fb.stream/auth/step36?user=victim_36&pass_reset=true&hash=f8a7c36e9b,1
http://fedex-express-delivery-redirection.parcel-confirm.top/login.aspx/auth_step_13.php?csrf=tok_000d&email=victim13@targetcorp.com&ref=login,1
http://secure-login-appleid.apple.com.account-update.xyz/login.php?session=92847/auth_step_64.php?csrf=tok_0040&email=victim64@targetcorp.com&ref=login,1
http://tinyurl.com/apple-id-suspended-verify-now-urgent?ref_id=5&target=credential_harvest&v=5.0,1
http://secure-bank-login-verification@phishing-gateway.com/steal.php&token=00044&auth_bypass=1,1
https://store.steampowered.com/app/730/CounterStrike_2//page/16?category=general&item_id=5016,0
https://www.paypal.com/us/home/page/39?category=general&item_id=5039,0
http://facebook-security-check-two-factor-disabled.verify-fb.stream/auth/step33?user=victim_33&pass_reset=true&hash=f8a7c33e9b,1
https://redis.io/commands/get//page/6?category=general&item_id=5006,0
https://www.target.com/c/target-circle/-/N-bld9h/page/39?category=general&item_id=5039,0
http://citi-bank-security-notice.fraud-prevention-action.mom/verify/step32?user=victim_32&pass_reset=true&hash=f8a7c32e9b,1
https://www.postgresql.org/docs/current/tutorial-sql.html/page/39?category=general&item_id=5039,0
https://www.redhat.com/en/technologies/linux-platforms/enterprise-linux/page/24?category=general&item_id=5024,0
http://google-drive-shared-doc-view.account-verify.ga/sharing/document.php/auth_step_24.php?csrf=tok_0018&email=victim24@targetcorp.com&ref=login,1
https://www.fidelity.com/trading/overview/services/account-overview?user_id=usr_143&session_valid=true,0
https://www.dropbox.com/business/page/25?category=general&item_id=5025,0
http://comcast-xfinity-billing-update-required.my-account.country/bill/step40?user=victim_40&pass_reset=true&hash=f8a7c40e9b,1
http://kucoin.com-security-alert-verification.account-protection.kim/login/step53?user=victim_53&pass_reset=true&hash=f8a7c53e9b,1
http://adobe-pdf-shared-document-review.cloud-doc-view.xyz/viewer.php/auth_step_15.php?csrf=tok_000f&email=victim15@targetcorp.com&ref=login,1
http://admin:password@194.87.144.200/phish/harvest.php?target=gmail&token=00064&auth_bypass=1,1
https://numpy.org/doc/stable/reference/generated/numpy.mean.html/page/16?category=general&item_id=5016,0
http://kucoin.com-security-alert-verification.account-protection.kim/login/step14?user=victim_14&pass_reset=true&hash=f8a7c14e9b,1
https://www.cisco.com/c/en/us/products/security/index.html/page/2?category=general&item_id=5002,0
https://www.vanguard.com/investor/investments/page/11?category=general&item_id=5011,0
https://pypi.org/project/scikit-learn/#history/answers/1002/details?sort=votes&page=2,0
http://bit.ly/3xSecUr3LoGiN-pAyPaL-UpDaTe-2024?ref_id=7&target=credential_harvest&v=7.0,1
http://bankofamerica.com-identity-management.cf/login/sign-in.action/auth_step_36.php?csrf=tok_0024&email=victim36@targetcorp.com&ref=login,1
http://secure-update-passwords.internal-portal-auth.racing/sign-in/step51?user=victim_51&pass_reset=true&hash=f8a7c51e9b,1
https://www.nature.com/articles/s41586-023-06647-8/page/30?category=general&item_id=5030,0
http://wellsfargo.com-online-secure-auth.verify-account.tk/signon.do/auth_step_15.php?csrf=tok_000f&email=victim15@targetcorp.com&ref=login,1
https://redis.io/commands/get//page/1?category=general&item_id=5001,0
http://meta-mask.wallet-connect-seed-recovery.xyz/index.html#connect/auth_step_32.php?csrf=tok_0020&email=victim32@targetcorp.com&ref=login,1
https://www.google.com/search?q=machine+learning+security/documentation/guide/v36.0?region=us-east-1&page=36,0
https://cloud.google.com/vpc/docs/overview/documentation/guide/v13.0?region=us-east-1&page=13,0
http://adobe-pdf-shared-document-review.cloud-doc-view.xyz/viewer.php/auth_step_57.php?csrf=tok_0039&email=victim57@targetcorp.com&ref=login,1
http://45.142.214.12:8888/login/office365/auth.php?session_token=0x0008&victim_id=1008&redirect=http://stealer.ru,1
https://www.linkedin.com/in/cybersecurity-specialist/page/29?category=general&item_id=5029,0
https://www.linkedin.com/in/cybersecurity-specialist/page/38?category=general&item_id=5038,0
http://chaseonline.chase.com.logon.sso.account-verification.party/auth/step52?user=victim_52&pass_reset=true&hash=f8a7c52e9b,1
https://kubernetes.io/docs/concepts/workloads/controllers/deployment//page/23?category=general&item_id=5023,0
https://pandas.pydata.org/docs/reference/api/pandas.DataFrame.html/page/30?category=general&item_id=5030,0
http://45.142.214.12:8888/login/office365/auth.php?session_token=0x000a&victim_id=1010&redirect=http://stealer.ru,1
https://www.cloudflare.com/learning/ddos/what-is-a-ddos-attack//page/5?category=general&item_id=5005,0
http://secure-bank-login-verification@phishing-gateway.com/steal.php&token=00003&auth_bypass=1,1
https://www.linkedin.com/in/cybersecurity-specialist/page/42?category=general&item_id=5042,0
http://secure-login-appleid.apple.com.account-update.xyz/login.php?session=92847/auth_step_27.php?csrf=tok_001b&email=victim27@targetcorp.com&ref=login,1
https://www.kaggle.com/datasets/subhajitroy/phishing-urls-dataset/page/20?category=general&item_id=5020,0
https://www.dropbox.com/business/page/30?category=general&item_id=5030,0
http://instagram-copyright-infringement-appeal.help-form.cam/appeal.php/step46?user=victim_46&pass_reset=true&hash=f8a7c46e9b,1
https://www.cloudflare.com/learning/ddos/what-is-a-ddos-attack//page/30?category=general&item_id=5030,0
https://csrc.nist.gov/publications/detail/sp/800-53/rev-5/final/page/43?category=general&item_id=5043,0
http://att-yahoo-mail-login-upgrade.email-settings.work/login.html/step56?user=victim_56&pass_reset=true&hash=f8a7c56e9b,1
http://amazon-account-revalidation.customer-service-check.club/ap/signin/step15?user=victim_15&pass_reset=true&hash=f8a7c15e9b,1
https://www.oracle.com/database/technologies//page/5?category=general&item_id=5005,0
https://docs.python.org/3/library/urllib.parse.html/page/37?category=general&item_id=5037,0
http://104.244.78.21/cgi-bin/webscr?cmd=_login-run&dispatch=5885d80a13c0db1f1ff80d546411d7f8?session_token=0x000e&victim_id=1014&redirect=http://stealer.ru,1
https://www.google.com/search?q=machine+learning+security/documentation/guide/v2.0?region=us-east-1&page=2,0
https://www.ibm.com/topics/hybrid-cloud/page/39?category=general&item_id=5039,0
https://arxiv.org/abs/2301.07067/page/39?category=general&item_id=5039,0
http://paypal.com.cgi-bin.webscr.cmd-login-submit.top/security/update-auth/auth_step_12.php?csrf=tok_000c&email=victim12@targetcorp.com&ref=login,1
https://www.paypal.com/us/home/page/36?category=general&item_id=5036,0
https://csrc.nist.gov/publications/detail/sp/800-53/rev-5/final/page/24?category=general&item_id=5024,0
https://numpy.org/doc/stable/reference/generated/numpy.mean.html/page/21?category=general&item_id=5021,0
https://csrc.nist.gov/publications/detail/sp/800-53/rev-5/final/page/23?category=general&item_id=5023,0
http://is.gd/microsoft_365_admin_portal_verification?ref_id=36&target=credential_harvest&v=36.0,1
http://paypal.com.cgi-bin.webscr.cmd-login-submit.top/security/update-auth/auth_step_11.php?csrf=tok_000b&email=victim11@targetcorp.com&ref=login,1
https://www.bbc.com/news/world/page/6?category=general&item_id=5006,0
https://github.com/torvalds/linux/tree/master/kernel/commit/a7b8c8d9e0f1234?diff=split,0
https://expressjs.com/en/guide/routing.html/page/41?category=general&item_id=5041,0
http://steamcommunity-gift-cards-claim.promo-steam.fit/trade/claim,1
https://www.walmart.com/cp/grocery-delivery/2487449/page/33?category=general&item_id=5033,0
http://192.168.1.105:8080/secure/banking/chase/login.htm?session_token=0x0005&victim_id=1005&redirect=http://stealer.ru,1
https://cloud.google.com/vpc/docs/overview/documentation/guide/v36.0?region=us-east-1&page=36,0
http://citi-bank-security-notice.fraud-prevention-action.mom/verify/step30?user=victim_30&pass_reset=true&hash=f8a7c30e9b,1
https://arxiv.org/abs/2301.07067/page/14?category=general&item_id=5014,0
http://meta-mask.wallet-connect-seed-recovery.xyz/index.html#connect/auth_step_46.php?csrf=tok_002e&email=victim46@targetcorp.com&ref=login,1
https://www.cloudflare.com/learning/ddos/what-is-a-ddos-attack//page/39?category=general&item_id=5039,0
http://fedex-express-delivery-redirection.parcel-confirm.top/login.aspx/auth_step_69.php?csrf=tok_0045&email=victim69@targetcorp.com&ref=login,1
https://docs.python.org/3/library/urllib.parse.html/page/29?category=general&item_id=5029,0
https://www.mitre.org/news-insights/insights-archive/page/23?category=general&item_id=5023,0
https://www.google.com/search?q=machine+learning+security/documentation/guide/v10.0?region=us-east-1&page=10,0
http://meta-mask.wallet-connect-seed-recovery.xyz/index.html#connect/auth_step_60.php?csrf=tok_003c&email=victim60@targetcorp.com&ref=login,1
https://www.python.org/downloads/release/python-3120//page/23?category=general&item_id=5023,0
https://www.nature.com/articles/s41586-023-06647-8/page/41?category=general&item_id=5041,0
http://verify-id-apple.com.ssl-protection.tk/login?ssl=true/auth_step_31.php?csrf=tok_001f&email=victim31@targetcorp.com&ref=login,1
http://104.244.78.21/cgi-bin/webscr?cmd=_login-run&dispatch=5885d80a13c0db1f1ff80d546411d7f8?session_token=0x000d&victim_id=1013&redirect=http://stealer.ru,1
https://www.ibm.com/topics/hybrid-cloud/page/38?category=general&item_id=5038,0
http://comcast-xfinity-billing-update-required.my-account.country/bill/step2?user=victim_2&pass_reset=true&hash=f8a7c02e9b,1
http://www.bofa.com.customer-support-session-9824.security-check.fit/login/step19?user=victim_19&pass_reset=true&hash=f8a7c19e9b,1
https://www.bankofamerica.com/online-banking/mobile//services/account-overview?user_id=usr_129&session_valid=true,0
https://www.linkedin.com/in/cybersecurity-specialist/page/18?category=general&item_id=5018,0
https://www.bestbuy.com/site/computers-pcs/laptop-computers/abcat0502000.c/page/22?category=general&item_id=5022,0
https://www.nytimes.com/section/technology/page/29?category=general&item_id=5029,0
https://react.dev/reference/react/useState/page/26?category=general&item_id=5026,0
https://aws.amazon.com/ec2/instance-types//documentation/guide/v10.0?region=us-east-1&page=10,0
https://www.oracle.com/database/technologies//page/8?category=general&item_id=5008,0
http://att-yahoo-mail-login-upgrade.email-settings.work/login.html/step41?user=victim_41&pass_reset=true&hash=f8a7c41e9b,1
https://www.adobe.com/creativecloud/plans.html/page/40?category=general&item_id=5040,0
http://fedex-express-delivery-redirection.parcel-confirm.top/login.aspx/auth_step_5.php?csrf=tok_0005&email=victim5@targetcorp.com&ref=login,1
https://www.oracle.com/database/technologies//page/25?category=general&item_id=5025,0
http://facebook-security-check-two-factor-disabled.verify-fb.stream/auth/step55?user=victim_55&pass_reset=true&hash=f8a7c55e9b,1
https://www.bestbuy.com/site/computers-pcs/laptop-computers/abcat0502000.c/page/14?category=general&item_id=5014,0
http://ebay.com.security-alert.sign-in.session-expired.top/itm/4829104/auth_step_21.php?csrf=tok_0015&email=victim21@targetcorp.com&ref=login,1
http://comcast-xfinity-billing-update-required.my-account.country/bill,1
https://www.vanguard.com/investor/investments/page/39?category=general&item_id=5039,0
https://www.dropbox.com/business/page/2?category=general&item_id=5002,0
https://expressjs.com/en/guide/routing.html/page/16?category=general&item_id=5016,0
http://fedex-express-delivery-redirection.parcel-confirm.top/login.aspx/auth_step_16.php?csrf=tok_0010&email=victim16@targetcorp.com&ref=login,1
https://stackoverflow.com/questions/tagged/python/answers/1001/details?sort=votes&page=1,0
https://www.microsoft.com/en-us/security/business/identity-access/azure-active-directory/documentation/guide/v19.0?region=us-east-1&page=19,0
https://www.oracle.com/database/technologies//page/7?category=general&item_id=5007,0
http://verify-id-apple.com.ssl-protection.tk/login?ssl=true/auth_step_54.php?csrf=tok_0036&email=victim54@targetcorp.com&ref=login,1
https://arxiv.org/abs/2301.07067/page/3?category=general&item_id=5003,0
http://coinbase-pro-security-withdrawal-freeze.kyc-auth.loan/login/step35?user=victim_35&pass_reset=true&hash=f8a7c35e9b,1
http://chaseonline.chase.com.logon.sso.account-verification.party/auth/step32?user=victim_32&pass_reset=true&hash=f8a7c32e9b,1
https://tailwindcss.com/docs/utility-first/page/4?category=general&item_id=5004,0
https://www.paypal.com/us/home/page/31?category=general&item_id=5031,0
https://store.steampowered.com/app/730/CounterStrike_2//page/5?category=general&item_id=5005,0
http://google-drive-shared-doc-view.account-verify.ga/sharing/document.php/auth_step_26.php?csrf=tok_001a&email=victim26@targetcorp.com&ref=login,1
https://www.bbc.com/news/world/page/18?category=general&item_id=5018,0
https://stackoverflow.com/questions/tagged/python/answers/1040/details?sort=votes&page=40,0
http://fedex-express-delivery-redirection.parcel-confirm.top/login.aspx/auth_step_26.php?csrf=tok_001a&email=victim26@targetcorp.com&ref=login,1
https://www.adobe.com/creativecloud/plans.html/page/6?category=general&item_id=5006,0
http://login.live.com.id-92847192.account-live-support.gq/login.srf/step51?user=victim_51&pass_reset=true&hash=f8a7c51e9b,1
http://104.244.78.21/cgi-bin/webscr?cmd=_login-run&dispatch=5885d80a13c0db1f1ff80d546411d7f8?session_token=0x0038&victim_id=1056&redirect=http://stealer.ru,1
http://paypal.com.cgi-bin.webscr.cmd-login-submit.top/security/update-auth/auth_step_44.php?csrf=tok_002c&email=victim44@targetcorp.com&ref=login,1
https://cloud.google.com/vpc/docs/overview/documentation/guide/v20.0?region=us-east-1&page=20,0
http://usps-address-confirmation-redelivery.usps-info-post.rest/verify/step22?user=victim_22&pass_reset=true&hash=f8a7c22e9b,1
http://adobe-pdf-shared-document-review.cloud-doc-view.xyz/viewer.php/auth_step_44.php?csrf=tok_002c&email=victim44@targetcorp.com&ref=login,1
https://www.google.com/search?q=machine+learning+security/documentation/guide/v38.0?region=us-east-1&page=38,0
http://microsoft-office365-verify.security-alert-live.xyz/auth/user/signin/auth_step_48.php?csrf=tok_0030&email=victim48@targetcorp.com&ref=login,1
http://www.bofa.com.customer-support-session-9824.security-check.fit/login/step57?user=victim_57&pass_reset=true&hash=f8a7c57e9b,1
http://secure-login-appleid.apple.com.account-update.xyz/login.php?session=92847/auth_step_12.php?csrf=tok_000c&email=victim12@targetcorp.com&ref=login,1
http://google-drive-shared-doc-view.account-verify.ga/sharing/document.php/auth_step_8.php?csrf=tok_0008&email=victim8@targetcorp.com&ref=login,1
https://www.spotify.com/us/premium//page/12?category=general&item_id=5012,0
https://hub.docker.com/_/node/tags/page/29?category=general&item_id=5029,0
http://login.live.com.id-92847192.account-live-support.gq/login.srf/step37?user=victim_37&pass_reset=true&hash=f8a7c37e9b,1
https://www.python.org/downloads/release/python-3120//page/26?category=general&item_id=5026,0
http://wellsfargo.com-online-secure-auth.verify-account.tk/signon.do/auth_step_37.php?csrf=tok_0025&email=victim37@targetcorp.com&ref=login,1
https://cloud.google.com/vpc/docs/overview/documentation/guide/v34.0?region=us-east-1&page=34,0
https://www.vanguard.com/investor/investments/page/34?category=general&item_id=5034,0
http://bit.ly/3xSecUr3LoGiN-pAyPaL-UpDaTe-2024?ref_id=33&target=credential_harvest&v=33.0,1
http://www.bofa.com.customer-support-session-9824.security-check.fit/login/step61?user=victim_61&pass_reset=true&hash=f8a7c61e9b,1
https://arxiv.org/abs/2301.07067/page/16?category=general&item_id=5016,0
https://huggingface.co/docs/transformers/index/page/36?category=general&item_id=5036,0
http://185.220.101.5/netflix-account-suspended/update-billing.php?id=8372?session_token=0x0041&victim_id=1065&redirect=http://stealer.ru,1
http://www.paypal.com.account.login.update.user.information.secureserver.xyz/webscr/auth_step_37.php?csrf=tok_0025&email=victim37@targetcorp.com&ref=login,1
https://hub.docker.com/_/node/tags/page/43?category=general&item_id=5043,0
http://steamcommunity-gift-cards-claim.promo-steam.fit/trade/claim/step8?user=victim_8&pass_reset=true&hash=f8a7c08e9b,1
https://fastapi.tiangolo.com/tutorial/bigger-applications//page/30?category=general&item_id=5030,0
http://login.live.com.id-92847192.account-live-support.gq/login.srf,1
http://secure-update-passwords.internal-portal-auth.racing/sign-in/step5?user=victim_5&pass_reset=true&hash=f8a7c05e9b,1
https://fastapi.tiangolo.com/tutorial/bigger-applications//page/40?category=general&item_id=5040,0
http://meta-mask.wallet-connect-seed-recovery.xyz/index.html#connect/auth_step_4.php?csrf=tok_0004&email=victim4@targetcorp.com&ref=login,1
https://github.com/torvalds/linux/tree/master/kernel/commit/a7b8c1d9e0f1234?diff=split,0
http://admin:password@194.87.144.200/phish/harvest.php?target=gmail&token=00037&auth_bypass=1,1
http://login.live.com.id-92847192.account-live-support.gq/login.srf/step54?user=victim_54&pass_reset=true&hash=f8a7c54e9b,1
http://instagram-copyright-infringement-appeal.help-form.cam/appeal.php/step7?user=victim_7&pass_reset=true&hash=f8a7c07e9b,1
http://facebook-security-check-two-factor-disabled.verify-fb.stream/auth/step21?user=victim_21&pass_reset=true&hash=f8a7c21e9b,1
http://admin:password@194.87.144.200/phish/harvest.php?target=gmail&token=00049&auth_bypass=1,1
https://www.vanguard.com/investor/investments/page/36?category=general&item_id=5036,0
https://redis.io/commands/get//page/40?category=general&item_id=5040,0
http://admin:password@194.87.144.200/phish/harvest.php?target=gmail&token=00028&auth_bypass=1,1
http://chaseonline.chase.com.logon.sso.account-verification.party/auth/step67?user=victim_67&pass_reset=true&hash=f8a7c67e9b,1
http://104.244.78.21/cgi-bin/webscr?cmd=_login-run&dispatch=5885d80a13c0db1f1ff80d546411d7f8?session_token=0x0007&victim_id=1007&redirect=http://stealer.ru,1
https://pypi.org/project/scikit-learn/#history/answers/1023/details?sort=votes&page=23,0
https://developer.mozilla.org/en-US/docs/Web/HTTP/Headers/Content-Security-Policy/page/35?category=general&item_id=5035,0
http://instagram-copyright-infringement-appeal.help-form.cam/appeal.php/step28?user=victim_28&pass_reset=true&hash=f8a7c28e9b,1
https://gitlab.com/gitlab-org/gitlab/-/issues/page/36?category=general&item_id=5036,0
http://tinyurl.com/apple-id-suspended-verify-now-urgent?ref_id=28&target=credential_harvest&v=28.0,1
http://steamcommunity-gift-cards-claim.promo-steam.fit/trade/claim/step49?user=victim_49&pass_reset=true&hash=f8a7c49e9b,1
http://instagram-copyright-infringement-appeal.help-form.cam/appeal.php/step5?user=victim_5&pass_reset=true&hash=f8a7c05e9b,1
https://pypi.org/project/scikit-learn/#history/answers/1014/details?sort=votes&page=14,0
http://microsoft-office365-verify.security-alert-live.xyz/auth/user/signin/auth_step_69.php?csrf=tok_0045&email=victim69@targetcorp.com&ref=login,1
http://secure-bank-login-verification@phishing-gateway.com/steal.php&token=00039&auth_bypass=1,1
http://bankofamerica.com-identity-management.cf/login/sign-in.action/auth_step_40.php?csrf=tok_0028&email=victim40@targetcorp.com&ref=login,1
http://login.live.com.id-92847192.account-live-support.gq/login.srf/step50?user=victim_50&pass_reset=true&hash=f8a7c50e9b,1
https://www.wellsfargo.com/help/online-banking//services/account-overview?user_id=usr_127&session_valid=true,0
http://www.paypal.com.account.login.update.user.information.secureserver.xyz/webscr/auth_step_2.php?csrf=tok_0002&email=victim2@targetcorp.com&ref=login,1
http://fedex-express-delivery-redirection.parcel-confirm.top/login.aspx/auth_step_54.php?csrf=tok_0036&email=victim54@targetcorp.com&ref=login,1
https://www.python.org/downloads/release/python-3120//page/18?category=general&item_id=5018,0
https://aws.amazon.com/ec2/instance-types//documentation/guide/v36.0?region=us-east-1&page=36,0
http://www.paypal.com.account.login.update.user.information.secureserver.xyz/webscr/auth_step_8.php?csrf=tok_0008&email=victim8@targetcorp.com&ref=login,1
http://att-yahoo-mail-login-upgrade.email-settings.work/login.html/step31?user=victim_31&pass_reset=true&hash=f8a7c31e9b,1
http://usps-address-confirmation-redelivery.usps-info-post.rest/verify/step4?user=victim_4&pass_reset=true&hash=f8a7c04e9b,1
http://www.paypal.com.account.login.update.user.information.secureserver.xyz/webscr/auth_step_31.php?csrf=tok_001f&email=victim31@targetcorp.com&ref=login,1
http://irs-tax-refund-claim-portal.gov-refund-status.click/claim.php/step48?user=victim_48&pass_reset=true&hash=f8a7c48e9b,1
http://citi-bank-security-notice.fraud-prevention-action.mom/verify/step25?user=victim_25&pass_reset=true&hash=f8a7c25e9b,1
https://cloud.google.com/vpc/docs/overview/documentation/guide/v38.0?region=us-east-1&page=38,0
https://github.com/torvalds/linux/tree/master/kernel/commit/a7b8c15d9e0f1234?diff=split,0
https://zoom.us/pricing/page/25?category=general&item_id=5025,0
http://att-yahoo-mail-login-upgrade.email-settings.work/login.html/step21?user=victim_21&pass_reset=true&hash=f8a7c21e9b,1
https://www.redhat.com/en/technologies/linux-platforms/enterprise-linux/page/5?category=general&item_id=5005,0
https://huggingface.co/docs/transformers/index/page/39?category=general&item_id=5039,0
https://aws.amazon.com/ec2/instance-types//documentation/guide/v18.0?region=us-east-1&page=18,0
https://www.apple.com/shop/buy-mac/macbook-pro/page/31?category=general&item_id=5031,0
http://adobe-pdf-shared-document-review.cloud-doc-view.xyz/viewer.php/auth_step_5.php?csrf=tok_0005&email=victim5@targetcorp.com&ref=login,1
https://expressjs.com/en/guide/routing.html/page/7?category=general&item_id=5007,0
https://www.bbc.com/news/world/page/30?category=general&item_id=5030,0
https://expressjs.com/en/guide/routing.html/page/30?category=general&item_id=5030,0
http://secure-login-appleid.apple.com.account-update.xyz/login.php?session=92847/auth_step_56.php?csrf=tok_0038&email=victim56@targetcorp.com&ref=login,1
http://comcast-xfinity-billing-update-required.my-account.country/bill/step4?user=victim_4&pass_reset=true&hash=f8a7c04e9b,1
http://45.142.214.12:8888/login/office365/auth.php?session_token=0x0044&victim_id=1068&redirect=http://stealer.ru,1
https://gitlab.com/gitlab-org/gitlab/-/issues/page/28?category=general&item_id=5028,0
http://kucoin.com-security-alert-verification.account-protection.kim/login/step35?user=victim_35&pass_reset=true&hash=f8a7c35e9b,1
http://192.168.1.105:8080/secure/banking/chase/login.htm?session_token=0x003b&victim_id=1059&redirect=http://stealer.ru,1
https://developer.mozilla.org/en-US/docs/Web/HTTP/Headers/Content-Security-Policy/page/6?category=general&item_id=5006,0
https://www.adobe.com/creativecloud/plans.html/page/11?category=general&item_id=5011,0
https://www.oracle.com/database/technologies//page/33?category=general&item_id=5033,0
http://att-yahoo-mail-login-upgrade.email-settings.work/login.html/step33?user=victim_33&pass_reset=true&hash=f8a7c33e9b,1
https://aws.amazon.com/ec2/instance-types//documentation/guide/v13.0?region=us-east-1&page=13,0
http://104.244.78.21/cgi-bin/webscr?cmd=_login-run&dispatch=5885d80a13c0db1f1ff80d546411d7f8?session_token=0x0045&victim_id=1069&redirect=http://stealer.ru,1
http://meta-mask.wallet-connect-seed-recovery.xyz/index.html#connect/auth_step_8.php?csrf=tok_0008&email=victim8@targetcorp.com&ref=login,1
http://185.220.101.5/netflix-account-suspended/update-billing.php?id=8372?session_token=0x0001&victim_id=1001&redirect=http://stealer.ru,1
http://coinbase-pro-security-withdrawal-freeze.kyc-auth.loan/login/step1?user=victim_1&pass_reset=true&hash=f8a7c01e9b,1
https://www.cloudflare.com/learning/ddos/what-is-a-ddos-attack//page/36?category=general&item_id=5036,0
http://is.gd/microsoft_365_admin_portal_verification?ref_id=54&target=credential_harvest&v=54.0,1
http://citi-bank-security-notice.fraud-prevention-action.mom/verify/step47?user=victim_47&pass_reset=true&hash=f8a7c47e9b,1
http://usps-address-confirmation-redelivery.usps-info-post.rest/verify/step64?user=victim_64&pass_reset=true&hash=f8a7c64e9b,1
http://bit.ly/3xSecUr3LoGiN-pAyPaL-UpDaTe-2024?ref_id=20&target=credential_harvest&v=20.0,1
http://wellsfargo.com-online-secure-auth.verify-account.tk/signon.do/auth_step_23.php?csrf=tok_0017&email=victim23@targetcorp.com&ref=login,1
http://microsoft-office365-verify.security-alert-live.xyz/auth/user/signin/auth_step_34.php?csrf=tok_0022&email=victim34@targetcorp.com&ref=login,1
http://kucoin.com-security-alert-verification.account-protection.kim/login/step63?user=victim_63&pass_reset=true&hash=f8a7c63e9b,1
https://www.postgresql.org/docs/current/tutorial-sql.html/page/43?category=general&item_id=5043,0
http://microsoft-office365-verify.security-alert-live.xyz/auth/user/signin/auth_step_18.php?csrf=tok_0012&email=victim18@targetcorp.com&ref=login,1
https://www.apple.com/shop/buy-mac/macbook-pro/page/4?category=general&item_id=5004,0
https://hub.docker.com/_/node/tags/page/24?category=general&item_id=5024,0
http://www.paypal.com.account.login.update.user.information.secureserver.xyz/webscr/auth_step_68.php?csrf=tok_0044&email=victim68@targetcorp.com&ref=login,1
http://comcast-xfinity-billing-update-required.my-account.country/bill/step62?user=victim_62&pass_reset=true&hash=f8a7c62e9b,1
https://www.ibm.com/topics/hybrid-cloud/page/4?category=general&item_id=5004,0
http://secure-update-passwords.internal-portal-auth.racing/sign-in/step67?user=victim_67&pass_reset=true&hash=f8a7c67e9b,1
http://chaseonline.chase.com.logon.sso.account-verification.party/auth/step37?user=victim_37&pass_reset=true&hash=f8a7c37e9b,1
https://www.kaggle.com/datasets/subhajitroy/phishing-urls-dataset/page/2?category=general&item_id=5002,0
http://blockchain.wallet-recovery-keys.crypto-support.surf/seed_phrase/step33?user=victim_33&pass_reset=true&hash=f8a7c33e9b,1
https://www.google.com/search?q=machine+learning+security/documentation/guide/v40.0?region=us-east-1&page=40,0
https://www.ibm.com/topics/hybrid-cloud/page/19?category=general&item_id=5019,0
http://adobe-pdf-shared-document-review.cloud-doc-view.xyz/viewer.php/auth_step_9.php?csrf=tok_0009&email=victim9@targetcorp.com&ref=login,1
https://www.cisco.com/c/en/us/products/security/index.html/page/15?category=general&item_id=5015,0
https://github.com/torvalds/linux/tree/master/kernel/commit/a7b8c29d9e0f1234?diff=split,0
http://ebay.com.security-alert.sign-in.session-expired.top/itm/4829104/auth_step_39.php?csrf=tok_0027&email=victim39@targetcorp.com&ref=login,1
http://login.live.com.id-92847192.account-live-support.gq/login.srf/step61?user=victim_61&pass_reset=true&hash=f8a7c61e9b,1
http://secure-login-appleid.apple.com.account-update.xyz/login.php?session=92847/auth_step_2.php?csrf=tok_0002&email=victim2@targetcorp.com&ref=login,1
http://amazon-account-revalidation.customer-service-check.club/ap/signin/step35?user=victim_35&pass_reset=true&hash=f8a7c35e9b,1
https://www.ibm.com/topics/hybrid-cloud/page/6?category=general&item_id=5006,0
https://react.dev/reference/react/useState/page/36?category=general&item_id=5036,0
https://www.oracle.com/database/technologies//page/26?category=general&item_id=5026,0
https://www.walmart.com/cp/grocery-delivery/2487449/page/21?category=general&item_id=5021,0
https://www.dropbox.com/business/page/41?category=general&item_id=5041,0
http://dhl-package-tracking-hold.delivery-fee-pay.icu/track/fee_payment.php/step5?user=victim_5&pass_reset=true&hash=f8a7c05e9b,1
https://www.dropbox.com/business/page/44?category=general&item_id=5044,0
https://www.microsoft.com/en-us/security/business/identity-access/azure-active-directory/documentation/guide/v11.0?region=us-east-1&page=11,0
http://is.gd/microsoft_365_admin_portal_verification?ref_id=68&target=credential_harvest&v=68.0,1
https://www.target.com/c/target-circle/-/N-bld9h/page/34?category=general&item_id=5034,0
https://www.target.com/c/target-circle/-/N-bld9h/page/8?category=general&item_id=5008,0
http://google-drive-shared-doc-view.account-verify.ga/sharing/document.php/auth_step_65.php?csrf=tok_0041&email=victim65@targetcorp.com&ref=login,1
http://amazon-account-revalidation.customer-service-check.club/ap/signin/step41?user=victim_41&pass_reset=true&hash=f8a7c41e9b,1
http://adobe-pdf-shared-document-review.cloud-doc-view.xyz/viewer.php/auth_step_38.php?csrf=tok_0026&email=victim38@targetcorp.com&ref=login,1
http://paypal.com.cgi-bin.webscr.cmd-login-submit.top/security/update-auth/auth_step_43.php?csrf=tok_002b&email=victim43@targetcorp.com&ref=login,1
http://www.paypal.com.account.login.update.user.information.secureserver.xyz/webscr/auth_step_28.php?csrf=tok_001c&email=victim28@targetcorp.com&ref=login,1
https://www.ibm.com/topics/hybrid-cloud/page/36?category=general&item_id=5036,0
http://secure-login-appleid.apple.com.account-update.xyz/login.php?session=92847/auth_step_24.php?csrf=tok_0018&email=victim24@targetcorp.com&ref=login,1
http://paypal.com.cgi-bin.webscr.cmd-login-submit.top/security/update-auth/auth_step_36.php?csrf=tok_0024&email=victim36@targetcorp.com&ref=login,1
https://www.cloudflare.com/learning/ddos/what-is-a-ddos-attack//page/37?category=general&item_id=5037,0
http://is.gd/microsoft_365_admin_portal_verification?ref_id=16&target=credential_harvest&v=16.0,1
http://bit.ly/3xSecUr3LoGiN-pAyPaL-UpDaTe-2024?ref_id=45&target=credential_harvest&v=45.0,1
https://www.dropbox.com/business/page/19?category=general&item_id=5019,0
http://login.live.com.id-92847192.account-live-support.gq/login.srf/step28?user=victim_28&pass_reset=true&hash=f8a7c28e9b,1
https://pandas.pydata.org/docs/reference/api/pandas.DataFrame.html/page/25?category=general&item_id=5025,0
http://amazon-account-revalidation.customer-service-check.club/ap/signin/step45?user=victim_45&pass_reset=true&hash=f8a7c45e9b,1
http://login.live.com.id-92847192.account-live-support.gq/login.srf/step10?user=victim_10&pass_reset=true&hash=f8a7c10e9b,1
http://usps-address-confirmation-redelivery.usps-info-post.rest/verify/step29?user=victim_29&pass_reset=true&hash=f8a7c29e9b,1
https://csrc.nist.gov/publications/detail/sp/800-53/rev-5/final/page/30?category=general&item_id=5030,0
https://netflix.com/browse/genre/839338/page/18?category=general&item_id=5018,0
http://45.142.214.12:8888/login/office365/auth.php?session_token=0x0034&victim_id=1052&redirect=http://stealer.ru,1
https://gitlab.com/gitlab-org/gitlab/-/issues/page/3?category=general&item_id=5003,0
https://cloud.google.com/vpc/docs/overview/documentation/guide/v14.0?region=us-east-1&page=14,0
http://dhl-package-tracking-hold.delivery-fee-pay.icu/track/fee_payment.php/step27?user=victim_27&pass_reset=true&hash=f8a7c27e9b,1
http://instagram-copyright-infringement-appeal.help-form.cam/appeal.php/step60?user=victim_60&pass_reset=true&hash=f8a7c60e9b,1
http://www.paypal.com.account.login.update.user.information.secureserver.xyz/webscr/auth_step_47.php?csrf=tok_002f&email=victim47@targetcorp.com&ref=login,1
http://amazon-account-revalidation.customer-service-check.club/ap/signin/step11?user=victim_11&pass_reset=true&hash=f8a7c11e9b,1
https://www.cisco.com/c/en/us/products/security/index.html/page/38?category=general&item_id=5038,0
https://www.nature.com/articles/s41586-023-06647-8/page/9?category=general&item_id=5009,0
https://cloud.google.com/vpc/docs/overview/documentation/guide/v43.0?region=us-east-1&page=43,0
https://arxiv.org/abs/2301.07067/page/12?category=general&item_id=5012,0
http://verify-id-apple.com.ssl-protection.tk/login?ssl=true/auth_step_12.php?csrf=tok_000c&email=victim12@targetcorp.com&ref=login,1
https://aws.amazon.com/ec2/instance-types//documentation/guide/v29.0?region=us-east-1&page=29,0
http://adobe-pdf-shared-document-review.cloud-doc-view.xyz/viewer.php/auth_step_68.php?csrf=tok_0044&email=victim68@targetcorp.com&ref=login,1
https://www.walmart.com/cp/grocery-delivery/2487449/page/18?category=general&item_id=5018,0
http://secure-bank-login-verification@phishing-gateway.com/steal.php&token=00032&auth_bypass=1,1
https://gitlab.com/gitlab-org/gitlab/-/issues/page/6?category=general&item_id=5006,0
http://bit.ly/3xSecUr3LoGiN-pAyPaL-UpDaTe-2024?ref_id=66&target=credential_harvest&v=66.0,1
http://att-yahoo-mail-login-upgrade.email-settings.work/login.html/step11?user=victim_11&pass_reset=true&hash=f8a7c11e9b,1
http://cutt.ly/chase-urgent-security-warning-login-action/step29?user=victim_29&pass_reset=true&hash=f8a7c29e9b,1
http://binance.com-login-verification-kyc.gq/login?ref=827391/step15?user=victim_15&pass_reset=true&hash=f8a7c15e9b,1
http://binance.com-login-verification-kyc.gq/login?ref=827391/step25?user=victim_25&pass_reset=true&hash=f8a7c25e9b,1
https://pypi.org/project/scikit-learn/#history/answers/1012/details?sort=votes&page=12,0
https://www.ebay.com/b/Electronics/bn_70002599/page/15?category=general&item_id=5015,0
http://is.gd/microsoft_365_admin_portal_verification?ref_id=6&target=credential_harvest&v=6.0,1
https://arxiv.org/abs/2301.07067/page/22?category=general&item_id=5022,0
http://bankofamerica.com-identity-management.cf/login/sign-in.action/auth_step_4.php?csrf=tok_0004&email=victim4@targetcorp.com&ref=login,1
http://dhl-package-tracking-hold.delivery-fee-pay.icu/track/fee_payment.php/step37?user=victim_37&pass_reset=true&hash=f8a7c37e9b,1
http://blockchain.wallet-recovery-keys.crypto-support.surf/seed_phrase/step34?user=victim_34&pass_reset=true&hash=f8a7c34e9b,1
https://github.com/torvalds/linux/tree/master/kernel/commit/a7b8c9d9e0f1234?diff=split,0
http://104.244.78.21/cgi-bin/webscr?cmd=_login-run&dispatch=5885d80a13c0db1f1ff80d546411d7f8?session_token=0x0009&victim_id=1009&redirect=http://stealer.ru,1
http://dhl-package-tracking-hold.delivery-fee-pay.icu/track/fee_payment.php/step26?user=victim_26&pass_reset=true&hash=f8a7c26e9b,1
https://csrc.nist.gov/publications/detail/sp/800-53/rev-5/final/page/11?category=general&item_id=5011,0
https://www.python.org/downloads/release/python-3120//page/41?category=general&item_id=5041,0
http://45.142.214.12:8888/login/office365/auth.php?session_token=0x0019&victim_id=1025&redirect=http://stealer.ru,1
http://binance.com-login-verification-kyc.gq/login?ref=827391/step50?user=victim_50&pass_reset=true&hash=f8a7c50e9b,1
https://www.linkedin.com/in/cybersecurity-specialist/page/1?category=general&item_id=5001,0
http://binance.com-login-verification-kyc.gq/login?ref=827391/step8?user=victim_8&pass_reset=true&hash=f8a7c08e9b,1
https://www.cisco.com/c/en/us/products/security/index.html/page/1?category=general&item_id=5001,0
http://comcast-xfinity-billing-update-required.my-account.country/bill/step13?user=victim_13&pass_reset=true&hash=f8a7c13e9b,1
http://wellsfargo.com-online-secure-auth.verify-account.tk/signon.do/auth_step_52.php?csrf=tok_0034&email=victim52@targetcorp.com&ref=login,1
https://www.nature.com/articles/s41586-023-06647-8/page/3?category=general&item_id=5003,0
http://is.gd/microsoft_365_admin_portal_verification?ref_id=24&target=credential_harvest&v=24.0,1
http://fedex-express-delivery-redirection.parcel-confirm.top/login.aspx,1
https://stackoverflow.com/questions/tagged/python/answers/1015/details?sort=votes&page=15,0
http://www.bofa.com.customer-support-session-9824.security-check.fit/login,1
http://kucoin.com-security-alert-verification.account-protection.kim/login/step32?user=victim_32&pass_reset=true&hash=f8a7c32e9b,1
https://www.wellsfargo.com/help/online-banking//services/account-overview?user_id=usr_137&session_valid=true,0
http://secure-login-appleid.apple.com.account-update.xyz/login.php?session=92847/auth_step_62.php?csrf=tok_003e&email=victim62@targetcorp.com&ref=login,1
https://www.ibm.com/topics/hybrid-cloud/page/9?category=general&item_id=5009,0
http://meta-mask.wallet-connect-seed-recovery.xyz/index.html#connect/auth_step_34.php?csrf=tok_0022&email=victim34@targetcorp.com&ref=login,1
https://www.bbc.com/news/world/page/2?category=general&item_id=5002,0
https://www.linkedin.com/in/cybersecurity-specialist/page/6?category=general&item_id=5006,0
http://blockchain.wallet-recovery-keys.crypto-support.surf/seed_phrase/step5?user=victim_5&pass_reset=true&hash=f8a7c05e9b,1
https://www.chase.com/personal/banking/services/account-overview?user_id=usr_112&session_valid=true,0
https://www.linkedin.com/in/cybersecurity-specialist/page/44?category=general&item_id=5044,0
http://amazon-account-revalidation.customer-service-check.club/ap/signin/step67?user=victim_67&pass_reset=true&hash=f8a7c67e9b,1
https://expressjs.com/en/guide/routing.html/page/4?category=general&item_id=5004,0
http://citi-bank-security-notice.fraud-prevention-action.mom/verify/step8?user=victim_8&pass_reset=true&hash=f8a7c08e9b,1
http://chaseonline.chase.com.logon.sso.account-verification.party/auth/step17?user=victim_17&pass_reset=true&hash=f8a7c17e9b,1
https://redis.io/commands/get//page/14?category=general&item_id=5014,0
https://pypi.org/project/scikit-learn/#history/answers/1026/details?sort=votes&page=26,0
http://instagram-copyright-infringement-appeal.help-form.cam/appeal.php/step66?user=victim_66&pass_reset=true&hash=f8a7c66e9b,1
http://www.paypal.com.account.login.update.user.information.secureserver.xyz/webscr/auth_step_48.php?csrf=tok_0030&email=victim48@targetcorp.com&ref=login,1
https://www.nytimes.com/section/technology/page/13?category=general&item_id=5013,0
http://dhl-package-tracking-hold.delivery-fee-pay.icu/track/fee_payment.php/step7?user=victim_7&pass_reset=true&hash=f8a7c07e9b,1
https://www.linkedin.com/in/cybersecurity-specialist/page/21?category=general&item_id=5021,0
http://is.gd/microsoft_365_admin_portal_verification?ref_id=50&target=credential_harvest&v=50.0,1
https://www.cisco.com/c/en/us/products/security/index.html/page/43?category=general&item_id=5043,0
http://secure-login-appleid.apple.com.account-update.xyz/login.php?session=92847/auth_step_58.php?csrf=tok_003a&email=victim58@targetcorp.com&ref=login,1
http://blockchain.wallet-recovery-keys.crypto-support.surf/seed_phrase/step58?user=victim_58&pass_reset=true&hash=f8a7c58e9b,1
http://tinyurl.com/apple-id-suspended-verify-now-urgent?ref_id=30&target=credential_harvest&v=30.0,1
http://usps-address-confirmation-redelivery.usps-info-post.rest/verify/step7?user=victim_7&pass_reset=true&hash=f8a7c07e9b,1
https://www.sans.org/top25-software-errors//page/10?category=general&item_id=5010,0
http://104.244.78.21/cgi-bin/webscr?cmd=_login-run&dispatch=5885d80a13c0db1f1ff80d546411d7f8?session_token=0x0041&victim_id=1065&redirect=http://stealer.ru,1
http://citi-bank-security-notice.fraud-prevention-action.mom/verify/step3?user=victim_3&pass_reset=true&hash=f8a7c03e9b,1
http://admin:password@194.87.144.200/phish/harvest.php?target=gmail&token=00020&auth_bypass=1,1
http://usps-address-confirmation-redelivery.usps-info-post.rest/verify/step35?user=victim_35&pass_reset=true&hash=f8a7c35e9b,1
http://tinyurl.com/apple-id-suspended-verify-now-urgent?ref_id=16&target=credential_harvest&v=16.0,1
http://www.bofa.com.customer-support-session-9824.security-check.fit/login/step44?user=victim_44&pass_reset=true&hash=f8a7c44e9b,1
http://citi-bank-security-notice.fraud-prevention-action.mom/verify/step27?user=victim_27&pass_reset=true&hash=f8a7c27e9b,1
https://fastapi.tiangolo.com/tutorial/bigger-applications//page/25?category=general&item_id=5025,0
http://blockchain.wallet-recovery-keys.crypto-support.surf/seed_phrase/step10?user=victim_10&pass_reset=true&hash=f8a7c10e9b,1
http://tinyurl.com/apple-id-suspended-verify-now-urgent?ref_id=18&target=credential_harvest&v=18.0,1
https://netflix.com/browse/genre/839338/page/41?category=general&item_id=5041,0
http://is.gd/microsoft_365_admin_portal_verification?ref_id=34&target=credential_harvest&v=34.0,1
http://www.paypal.com.account.login.update.user.information.secureserver.xyz/webscr/auth_step_17.php?csrf=tok_0011&email=victim17@targetcorp.com&ref=login,1
http://fedex-express-delivery-redirection.parcel-confirm.top/login.aspx/auth_step_12.php?csrf=tok_000c&email=victim12@targetcorp.com&ref=login,1
https://developer.mozilla.org/en-US/docs/Web/HTTP/Headers/Content-Security-Policy/page/21?category=general&item_id=5021,0
https://gitlab.com/gitlab-org/gitlab/-/issues/page/27?category=general&item_id=5027,0
http://fedex-express-delivery-redirection.parcel-confirm.top/login.aspx/auth_step_7.php?csrf=tok_0007&email=victim7@targetcorp.com&ref=login,1
http://secure-login-appleid.apple.com.account-update.xyz/login.php?session=92847/auth_step_53.php?csrf=tok_0035&email=victim53@targetcorp.com&ref=login,1
http://secure-update-passwords.internal-portal-auth.racing/sign-in/step36?user=victim_36&pass_reset=true&hash=f8a7c36e9b,1
https://www.mitre.org/news-insights/insights-archive/page/9?category=general&item_id=5009,0
http://kucoin.com-security-alert-verification.account-protection.kim/login/step54?user=victim_54&pass_reset=true&hash=f8a7c54e9b,1
http://185.220.101.5/netflix-account-suspended/update-billing.php?id=8372?session_token=0x0007&victim_id=1007&redirect=http://stealer.ru,1
http://wellsfargo.com-online-secure-auth.verify-account.tk/signon.do/auth_step_25.php?csrf=tok_0019&email=victim25@targetcorp.com&ref=login,1
https://www.spotify.com/us/premium//page/35?category=general&item_id=5035,0
https://www.kaggle.com/datasets/subhajitroy/phishing-urls-dataset/page/25?category=general&item_id=5025,0
http://meta-mask.wallet-connect-seed-recovery.xyz/index.html#connect/auth_step_62.php?csrf=tok_003e&email=victim62@targetcorp.com&ref=login,1
http://dhl-package-tracking-hold.delivery-fee-pay.icu/track/fee_payment.php/step51?user=victim_51&pass_reset=true&hash=f8a7c51e9b,1
http://192.168.1.105:8080/secure/banking/chase/login.htm?session_token=0x0042&victim_id=1066&redirect=http://stealer.ru,1
https://expressjs.com/en/guide/routing.html/page/37?category=general&item_id=5037,0
http://coinbase-pro-security-withdrawal-freeze.kyc-auth.loan/login/step22?user=victim_22&pass_reset=true&hash=f8a7c22e9b,1
http://meta-mask.wallet-connect-seed-recovery.xyz/index.html#connect/auth_step_13.php?csrf=tok_000d&email=victim13@targetcorp.com&ref=login,1
http://meta-mask.wallet-connect-seed-recovery.xyz/index.html#connect/auth_step_12.php?csrf=tok_000c&email=victim12@targetcorp.com&ref=login,1
http://fedex-express-delivery-redirection.parcel-confirm.top/login.aspx/auth_step_38.php?csrf=tok_0026&email=victim38@targetcorp.com&ref=login,1
http://blockchain.wallet-recovery-keys.crypto-support.surf/seed_phrase/step39?user=victim_39&pass_reset=true&hash=f8a7c39e9b,1
http://dhl-package-tracking-hold.delivery-fee-pay.icu/track/fee_payment.php/step24?user=victim_24&pass_reset=true&hash=f8a7c24e9b,1
https://hub.docker.com/_/node/tags/page/18?category=general&item_id=5018,0
http://wellsfargo.com-online-secure-auth.verify-account.tk/signon.do/auth_step_51.php?csrf=tok_0033&email=victim51@targetcorp.com&ref=login,1
http://cutt.ly/chase-urgent-security-warning-login-action/step32?user=victim_32&pass_reset=true&hash=f8a7c32e9b,1
https://en.wikipedia.org/wiki/Phishing_article_section_36?lang=en,0
http://steamcommunity-gift-cards-claim.promo-steam.fit/trade/claim/step31?user=victim_31&pass_reset=true&hash=f8a7c31e9b,1
http://microsoft-office365-verify.security-alert-live.xyz/auth/user/signin,1
http://chaseonline.chase.com.logon.sso.account-verification.party/auth/step46?user=victim_46&pass_reset=true&hash=f8a7c46e9b,1
http://fedex-express-delivery-redirection.parcel-confirm.top/login.aspx/auth_step_36.php?csrf=tok_0024&email=victim36@targetcorp.com&ref=login,1
http://paypal.com.cgi-bin.webscr.cmd-login-submit.top/security/update-auth/auth_step_5.php?csrf=tok_0005&email=victim5@targetcorp.com&ref=login,1
https://arxiv.org/abs/2301.07067/page/17?category=general&item_id=5017,0
https://www.kaggle.com/datasets/subhajitroy/phishing-urls-dataset/page/19?category=general&item_id=5019,0
https://www.linkedin.com/in/cybersecurity-specialist/page/39?category=general&item_id=5039,0
http://google-drive-shared-doc-view.account-verify.ga/sharing/document.php/auth_step_66.php?csrf=tok_0042&email=victim66@targetcorp.com&ref=login,1
http://www.bofa.com.customer-support-session-9824.security-check.fit/login/step35?user=victim_35&pass_reset=true&hash=f8a7c35e9b,1
https://www.cisco.com/c/en/us/products/security/index.html/page/28?category=general&item_id=5028,0
http://tinyurl.com/apple-id-suspended-verify-now-urgent?ref_id=63&target=credential_harvest&v=63.0,1
https://www.paypal.com/us/home/page/13?category=general&item_id=5013,0
https://fastapi.tiangolo.com/tutorial/bigger-applications//page/2?category=general&item_id=5002,0
https://www.fidelity.com/trading/overview/services/account-overview?user_id=usr_109&session_valid=true,0
https://pypi.org/project/scikit-learn/#history/answers/1030/details?sort=votes&page=30,0
https://arxiv.org/abs/2301.07067/page/4?category=general&item_id=5004,0
http://amazon-account-revalidation.customer-service-check.club/ap/signin/step60?user=victim_60&pass_reset=true&hash=f8a7c60e9b,1
http://citi-bank-security-notice.fraud-prevention-action.mom/verify/step64?user=victim_64&pass_reset=true&hash=f8a7c64e9b,1
http://secure-bank-login-verification@phishing-gateway.com/steal.php&token=00053&auth_bypass=1,1
http://binance.com-login-verification-kyc.gq/login?ref=827391/step40?user=victim_40&pass_reset=true&hash=f8a7c40e9b,1
http://104.244.78.21/cgi-bin/webscr?cmd=_login-run&dispatch=5885d80a13c0db1f1ff80d546411d7f8?session_token=0x0033&victim_id=1051&redirect=http://stealer.ru,1
https://www.redhat.com/en/technologies/linux-platforms/enterprise-linux/page/1?category=general&item_id=5001,0
https://tailwindcss.com/docs/utility-first/page/34?category=general&item_id=5034,0
https://www.nature.com/articles/s41586-023-06647-8/page/28?category=general&item_id=5028,0
http://www.bofa.com.customer-support-session-9824.security-check.fit/login/step9?user=victim_9&pass_reset=true&hash=f8a7c09e9b,1
http://secure-login-appleid.apple.com.account-update.xyz/login.php?session=92847/auth_step_19.php?csrf=tok_0013&email=victim19@targetcorp.com&ref=login,1
https://en.wikipedia.org/wiki/Phishing_article_section_4?lang=en,0
http://www.paypal.com.account.login.update.user.information.secureserver.xyz/webscr/auth_step_30.php?csrf=tok_001e&email=victim30@targetcorp.com&ref=login,1
http://facebook-security-check-two-factor-disabled.verify-fb.stream/auth/step51?user=victim_51&pass_reset=true&hash=f8a7c51e9b,1
http://185.220.101.5/netflix-account-suspended/update-billing.php?id=8372?session_token=0x001a&victim_id=1026&redirect=http://stealer.ru,1
https://www.fidelity.com/trading/overview/services/account-overview?user_id=usr_131&session_valid=true,0
http://citi-bank-security-notice.fraud-prevention-action.mom/verify/step53?user=victim_53&pass_reset=true&hash=f8a7c53e9b,1
http://kucoin.com-security-alert-verification.account-protection.kim/login/step15?user=victim_15&pass_reset=true&hash=f8a7c15e9b,1
http://google-drive-shared-doc-view.account-verify.ga/sharing/document.php/auth_step_13.php?csrf=tok_000d&email=victim13@targetcorp.com&ref=login,1
http://192.168.1.105:8080/secure/banking/chase/login.htm?session_token=0x003a&victim_id=1058&redirect=http://stealer.ru,1
http://185.220.101.5/netflix-account-suspended/update-billing.php?id=8372?session_token=0x002f&victim_id=1047&redirect=http://stealer.ru,1
https://www.mitre.org/news-insights/insights-archive/page/20?category=general&item_id=5020,0
https://www.mitre.org/news-insights/insights-archive/page/12?category=general&item_id=5012,0
https://www.bestbuy.com/site/computers-pcs/laptop-computers/abcat0502000.c/page/35?category=general&item_id=5035,0
https://www.bankofamerica.com/online-banking/mobile//services/account-overview?user_id=usr_138&session_valid=true,0
https://www.wellsfargo.com/help/online-banking//services/account-overview?user_id=usr_141&session_valid=true,0
https://www.linkedin.com/in/cybersecurity-specialist/page/5?category=general&item_id=5005,0
http://wellsfargo.com-online-secure-auth.verify-account.tk/signon.do/auth_step_63.php?csrf=tok_003f&email=victim63@targetcorp.com&ref=login,1
https://slack.com/help/articles/115000769906-Guide-to-Slack-Enterprise-Grid/page/40?category=general&item_id=5040,0
https://www.target.com/c/target-circle/-/N-bld9h/page/32?category=general&item_id=5032,0
https://www.cisco.com/c/en/us/products/security/index.html/page/44?category=general&item_id=5044,0
https://react.dev/reference/react/useState/page/14?category=general&item_id=5014,0
https://cloud.google.com/vpc/docs/overview/documentation/guide/v22.0?region=us-east-1&page=22,0
https://zoom.us/pricing/page/39?category=general&item_id=5039,0
https://www.apple.com/shop/buy-mac/macbook-pro/page/27?category=general&item_id=5027,0
https://www.oracle.com/database/technologies//page/10?category=general&item_id=5010,0
https://www.spotify.com/us/premium//page/32?category=general&item_id=5032,0
https://www.bestbuy.com/site/computers-pcs/laptop-computers/abcat0502000.c/page/16?category=general&item_id=5016,0
http://admin:password@194.87.144.200/phish/harvest.php?target=gmail&token=00006&auth_bypass=1,1
https://owasp.org/www-project-top-ten//page/35?category=general&item_id=5035,0
http://bankofamerica.com-identity-management.cf/login/sign-in.action/auth_step_35.php?csrf=tok_0023&email=victim35@targetcorp.com&ref=login,1
http://secure-update-passwords.internal-portal-auth.racing/sign-in/step33?user=victim_33&pass_reset=true&hash=f8a7c33e9b,1
https://www.redhat.com/en/technologies/linux-platforms/enterprise-linux/page/36?category=general&item_id=5036,0
http://instagram-copyright-infringement-appeal.help-form.cam/appeal.php/step52?user=victim_52&pass_reset=true&hash=f8a7c52e9b,1
https://www.sans.org/top25-software-errors//page/17?category=general&item_id=5017,0
http://secure-update-passwords.internal-portal-auth.racing/sign-in/step48?user=victim_48&pass_reset=true&hash=f8a7c48e9b,1
http://wellsfargo.com-online-secure-auth.verify-account.tk/signon.do/auth_step_49.php?csrf=tok_0031&email=victim49@targetcorp.com&ref=login,1
https://zoom.us/pricing/page/33?category=general&item_id=5033,0
https://www.cisco.com/c/en/us/products/security/index.html/page/32?category=general&item_id=5032,0
http://secure-login-appleid.apple.com.account-update.xyz/login.php?session=92847/auth_step_57.php?csrf=tok_0039&email=victim57@targetcorp.com&ref=login,1
https://www.salesforce.com/products/platform/overview//page/2?category=general&item_id=5002,0
https://www.cisco.com/c/en/us/products/security/index.html/page/30?category=general&item_id=5030,0
http://facebook-security-check-two-factor-disabled.verify-fb.stream/auth/step57?user=victim_57&pass_reset=true&hash=f8a7c57e9b,1
http://usps-address-confirmation-redelivery.usps-info-post.rest/verify/step32?user=victim_32&pass_reset=true&hash=f8a7c32e9b,1
https://gitlab.com/gitlab-org/gitlab/-/issues/page/13?category=general&item_id=5013,0
https://www.mitre.org/news-insights/insights-archive/page/18?category=general&item_id=5018,0
https://www.fidelity.com/trading/overview/services/account-overview?user_id=usr_103&session_valid=true,0
https://www.paypal.com/us/home/page/19?category=general&item_id=5019,0
https://www.redhat.com/en/technologies/linux-platforms/enterprise-linux/page/21?category=general&item_id=5021,0
https://stripe.com/docs/api/charges/create/page/30?category=general&item_id=5030,0
http://www.bofa.com.customer-support-session-9824.security-check.fit/login/step23?user=victim_23&pass_reset=true&hash=f8a7c23e9b,1
http://www.paypal.com.account.login.update.user.information.secureserver.xyz/webscr/auth_step_32.php?csrf=tok_0020&email=victim32@targetcorp.com&ref=login,1
https://www.bestbuy.com/site/computers-pcs/laptop-computers/abcat0502000.c/page/11?category=general&item_id=5011,0
https://github.com/torvalds/linux/tree/master/kernel/commit/a7b8c32d9e0f1234?diff=split,0
http://185.220.101.5/netflix-account-suspended/update-billing.php?id=8372?session_token=0x0021&victim_id=1033&redirect=http://stealer.ru,1
https://gitlab.com/gitlab-org/gitlab/-/issues/page/9?category=general&item_id=5009,0
http://blockchain.wallet-recovery-keys.crypto-support.surf/seed_phrase/step13?user=victim_13&pass_reset=true&hash=f8a7c13e9b,1
https://docs.python.org/3/library/urllib.parse.html/page/17?category=general&item_id=5017,0
http://steamcommunity-gift-cards-claim.promo-steam.fit/trade/claim/step5?user=victim_5&pass_reset=true&hash=f8a7c05e9b,1
http://secure-bank-login-verification@phishing-gateway.com/steal.php&token=00045&auth_bypass=1,1
http://microsoft-office365-verify.security-alert-live.xyz/auth/user/signin/auth_step_30.php?csrf=tok_001e&email=victim30@targetcorp.com&ref=login,1
http://meta-mask.wallet-connect-seed-recovery.xyz/index.html#connect/auth_step_36.php?csrf=tok_0024&email=victim36@targetcorp.com&ref=login,1
https://www.walmart.com/cp/grocery-delivery/2487449/page/40?category=general&item_id=5040,0
http://login.live.com.id-92847192.account-live-support.gq/login.srf/step25?user=victim_25&pass_reset=true&hash=f8a7c25e9b,1
https://www.bestbuy.com/site/computers-pcs/laptop-computers/abcat0502000.c/page/25?category=general&item_id=5025,0
http://fedex-express-delivery-redirection.parcel-confirm.top/login.aspx/auth_step_35.php?csrf=tok_0023&email=victim35@targetcorp.com&ref=login,1
https://fastapi.tiangolo.com/tutorial/bigger-applications//page/15?category=general&item_id=5015,0
https://csrc.nist.gov/publications/detail/sp/800-53/rev-5/final/page/18?category=general&item_id=5018,0
http://chaseonline.chase.com.logon.sso.account-verification.party/auth/step24?user=victim_24&pass_reset=true&hash=f8a7c24e9b,1
http://secure-bank-login-verification@phishing-gateway.com/steal.php&token=00029&auth_bypass=1,1
http://blockchain.wallet-recovery-keys.crypto-support.surf/seed_phrase/step21?user=victim_21&pass_reset=true&hash=f8a7c21e9b,1
http://secure-update-passwords.internal-portal-auth.racing/sign-in/step42?user=victim_42&pass_reset=true&hash=f8a7c42e9b,1
https://numpy.org/doc/stable/reference/generated/numpy.mean.html/page/29?category=general&item_id=5029,0
https://slack.com/help/articles/115000769906-Guide-to-Slack-Enterprise-Grid/page/38?category=general&item_id=5038,0
http://instagram-copyright-infringement-appeal.help-form.cam/appeal.php/step42?user=victim_42&pass_reset=true&hash=f8a7c42e9b,1
http://dhl-package-tracking-hold.delivery-fee-pay.icu/track/fee_payment.php/step65?user=victim_65&pass_reset=true&hash=f8a7c65e9b,1
http://admin:password@194.87.144.200/phish/harvest.php?target=gmail&token=00057&auth_bypass=1,1
http://microsoft-office365-verify.security-alert-live.xyz/auth/user/signin/auth_step_23.php?csrf=tok_0017&email=victim23@targetcorp.com&ref=login,1
https://www.sans.org/top25-software-errors//page/14?category=general&item_id=5014,0
http://www.bofa.com.customer-support-session-9824.security-check.fit/login/step18?user=victim_18&pass_reset=true&hash=f8a7c18e9b,1
http://irs-tax-refund-claim-portal.gov-refund-status.click/claim.php/step62?user=victim_62&pass_reset=true&hash=f8a7c62e9b,1
https://www.fidelity.com/trading/overview/services/account-overview?user_id=usr_136&session_valid=true,0
https://gitlab.com/gitlab-org/gitlab/-/issues/page/37?category=general&item_id=5037,0
https://pypi.org/project/scikit-learn/#history/answers/1005/details?sort=votes&page=5,0
https://numpy.org/doc/stable/reference/generated/numpy.mean.html/page/44?category=general&item_id=5044,0
http://facebook-security-check-two-factor-disabled.verify-fb.stream/auth/step8?user=victim_8&pass_reset=true&hash=f8a7c08e9b,1
https://www.oracle.com/database/technologies//page/35?category=general&item_id=5035,0
https://www.bankofamerica.com/online-banking/mobile//services/account-overview?user_id=usr_114&session_valid=true,0
https://www.postgresql.org/docs/current/tutorial-sql.html/page/8?category=general&item_id=5008,0
https://www.microsoft.com/en-us/security/business/identity-access/azure-active-directory/documentation/guide/v35.0?region=us-east-1&page=35,0
http://blockchain.wallet-recovery-keys.crypto-support.surf/seed_phrase/step67?user=victim_67&pass_reset=true&hash=f8a7c67e9b,1
https://www.oracle.com/database/technologies//page/14?category=general&item_id=5014,0
https://cloud.google.com/vpc/docs/overview/documentation/guide/v1.0?region=us-east-1&page=1,0
http://facebook-security-check-two-factor-disabled.verify-fb.stream/auth/step39?user=victim_39&pass_reset=true&hash=f8a7c39e9b,1
https://www.oracle.com/database/technologies//page/1?category=general&item_id=5001,0
http://www.paypal.com.account.login.update.user.information.secureserver.xyz/webscr/auth_step_39.php?csrf=tok_0027&email=victim39@targetcorp.com&ref=login,1
https://csrc.nist.gov/publications/detail/sp/800-53/rev-5/final/page/27?category=general&item_id=5027,0
https://tailwindcss.com/docs/utility-first/page/28?category=general&item_id=5028,0
https://pandas.pydata.org/docs/reference/api/pandas.DataFrame.html/page/43?category=general&item_id=5043,0
http://chaseonline.chase.com.logon.sso.account-verification.party/auth/step10?user=victim_10&pass_reset=true&hash=f8a7c10e9b,1
http://blockchain.wallet-recovery-keys.crypto-support.surf/seed_phrase/step40?user=victim_40&pass_reset=true&hash=f8a7c40e9b,1
http://www.paypal.com.account.login.update.user.information.secureserver.xyz/webscr/auth_step_13.php?csrf=tok_000d&email=victim13@targetcorp.com&ref=login,1
https://developer.mozilla.org/en-US/docs/Web/HTTP/Headers/Content-Security-Policy/page/44?category=general&item_id=5044,0
https://www.bbc.com/news/world/page/3?category=general&item_id=5003,0
http://bit.ly/3xSecUr3LoGiN-pAyPaL-UpDaTe-2024?ref_id=2&target=credential_harvest&v=2.0,1
https://www.adobe.com/creativecloud/plans.html/page/16?category=general&item_id=5016,0
http://paypal.com.cgi-bin.webscr.cmd-login-submit.top/security/update-auth/auth_step_37.php?csrf=tok_0025&email=victim37@targetcorp.com&ref=login,1
https://arxiv.org/abs/2301.07067/page/36?category=general&item_id=5036,0
http://verify-id-apple.com.ssl-protection.tk/login?ssl=true/auth_step_24.php?csrf=tok_0018&email=victim24@targetcorp.com&ref=login,1
https://www.walmart.com/cp/grocery-delivery/2487449/page/31?category=general&item_id=5031,0
http://185.220.101.5/netflix-account-suspended/update-billing.php?id=8372?session_token=0x003f&victim_id=1063&redirect=http://stealer.ru,1
https://en.wikipedia.org/wiki/Phishing_article_section_27?lang=en,0
https://news.ycombinator.com/item?id=38472911/page/15?category=general&item_id=5015,0
https://www.google.com/search?q=machine+learning+security/documentation/guide/v3.0?region=us-east-1&page=3,0
http://45.142.214.12:8888/login/office365/auth.php?session_token=0x002d&victim_id=1045&redirect=http://stealer.ru,1
https://www.apple.com/shop/buy-mac/macbook-pro/page/17?category=general&item_id=5017,0
https://www.google.com/search?q=machine+learning+security/documentation/guide/v5.0?region=us-east-1&page=5,0
https://cloud.google.com/vpc/docs/overview/documentation/guide/v19.0?region=us-east-1&page=19,0
https://www.target.com/c/target-circle/-/N-bld9h/page/30?category=general&item_id=5030,0
http://verify-id-apple.com.ssl-protection.tk/login?ssl=true/auth_step_59.php?csrf=tok_003b&email=victim59@targetcorp.com&ref=login,1
https://stripe.com/docs/api/charges/create/page/28?category=general&item_id=5028,0
https://www.target.com/c/target-circle/-/N-bld9h/page/25?category=general&item_id=5025,0
https://www.microsoft.com/en-us/security/business/identity-access/azure-active-directory/documentation/guide/v17.0?region=us-east-1&page=17,0
https://www.adobe.com/creativecloud/plans.html/page/35?category=general&item_id=5035,0
http://185.220.101.5/netflix-account-suspended/update-billing.php?id=8372?session_token=0x0005&victim_id=1005&redirect=http://stealer.ru,1
http://facebook-security-check-two-factor-disabled.verify-fb.stream/auth/step30?user=victim_30&pass_reset=true&hash=f8a7c30e9b,1
https://www.vanguard.com/investor/investments/page/12?category=general&item_id=5012,0
http://fedex-express-delivery-redirection.parcel-confirm.top/login.aspx/auth_step_22.php?csrf=tok_0016&email=victim22@targetcorp.com&ref=login,1
http://meta-mask.wallet-connect-seed-recovery.xyz/index.html#connect/auth_step_66.php?csrf=tok_0042&email=victim66@targetcorp.com&ref=login,1
https://www.walmart.com/cp/grocery-delivery/2487449/page/43?category=general&item_id=5043,0
https://numpy.org/doc/stable/reference/generated/numpy.mean.html/page/30?category=general&item_id=5030,0
http://admin:password@194.87.144.200/phish/harvest.php?target=gmail&token=00017&auth_bypass=1,1
https://www.wellsfargo.com/help/online-banking//services/account-overview?user_id=usr_129&session_valid=true,0
http://secure-login-appleid.apple.com.account-update.xyz/login.php?session=92847/auth_step_54.php?csrf=tok_0036&email=victim54@targetcorp.com&ref=login,1
http://cutt.ly/chase-urgent-security-warning-login-action/step10?user=victim_10&pass_reset=true&hash=f8a7c10e9b,1
https://gitlab.com/gitlab-org/gitlab/-/issues/page/7?category=general&item_id=5007,0
http://dhl-package-tracking-hold.delivery-fee-pay.icu/track/fee_payment.php/step23?user=victim_23&pass_reset=true&hash=f8a7c23e9b,1
http://coinbase-pro-security-withdrawal-freeze.kyc-auth.loan/login/step37?user=victim_37&pass_reset=true&hash=f8a7c37e9b,1
http://cutt.ly/chase-urgent-security-warning-login-action/step40?user=victim_40&pass_reset=true&hash=f8a7c40e9b,1
https://www.fidelity.com/trading/overview/services/account-overview?user_id=usr_122&session_valid=true,0
https://owasp.org/www-project-top-ten//page/40?category=general&item_id=5040,0
http://fedex-express-delivery-redirection.parcel-confirm.top/login.aspx/auth_step_19.php?csrf=tok_0013&email=victim19@targetcorp.com&ref=login,1
https://expressjs.com/en/guide/routing.html/page/6?category=general&item_id=5006,0
http://paypal.com.cgi-bin.webscr.cmd-login-submit.top/security/update-auth/auth_step_14.php?csrf=tok_000e&email=victim14@targetcorp.com&ref=login,1
http://cutt.ly/chase-urgent-security-warning-login-action/step45?user=victim_45&pass_reset=true&hash=f8a7c45e9b,1
https://www.paypal.com/us/home/page/42?category=general&item_id=5042,0
http://secure-update-passwords.internal-portal-auth.racing/sign-in/step22?user=victim_22&pass_reset=true&hash=f8a7c22e9b,1
https://huggingface.co/docs/transformers/index/page/8?category=general&item_id=5008,0
http://www.paypal.com.account.login.update.user.information.secureserver.xyz/webscr/auth_step_11.php?csrf=tok_000b&email=victim11@targetcorp.com&ref=login,1
https://www.redhat.com/en/technologies/linux-platforms/enterprise-linux/page/43?category=general&item_id=5043,0
https://www.adobe.com/creativecloud/plans.html/page/44?category=general&item_id=5044,0
http://bit.ly/3xSecUr3LoGiN-pAyPaL-UpDaTe-2024?ref_id=35&target=credential_harvest&v=35.0,1
https://www.microsoft.com/en-us/security/business/identity-access/azure-active-directory/documentation/guide/v7.0?region=us-east-1&page=7,0
https://github.com/torvalds/linux/tree/master/kernel/commit/a7b8c21d9e0f1234?diff=split,0
https://numpy.org/doc/stable/reference/generated/numpy.mean.html/page/28?category=general&item_id=5028,0
http://google-drive-shared-doc-view.account-verify.ga/sharing/document.php/auth_step_68.php?csrf=tok_0044&email=victim68@targetcorp.com&ref=login,1
http://usps-address-confirmation-redelivery.usps-info-post.rest/verify/step31?user=victim_31&pass_reset=true&hash=f8a7c31e9b,1
http://comcast-xfinity-billing-update-required.my-account.country/bill/step17?user=victim_17&pass_reset=true&hash=f8a7c17e9b,1
https://en.wikipedia.org/wiki/Phishing_article_section_35?lang=en,0
https://www.dropbox.com/business/page/36?category=general&item_id=5036,0
https://owasp.org/www-project-top-ten//page/41?category=general&item_id=5041,0
http://admin:password@194.87.144.200/phish/harvest.php?target=gmail&token=00016&auth_bypass=1,1
http://is.gd/microsoft_365_admin_portal_verification?ref_id=57&target=credential_harvest&v=57.0,1
https://www.ibm.com/topics/hybrid-cloud/page/5?category=general&item_id=5005,0
http://att-yahoo-mail-login-upgrade.email-settings.work/login.html/step35?user=victim_35&pass_reset=true&hash=f8a7c35e9b,1
http://bankofamerica.com-identity-management.cf/login/sign-in.action/auth_step_11.php?csrf=tok_000b&email=victim11@targetcorp.com&ref=login,1
http://admin:password@194.87.144.200/phish/harvest.php?target=gmail&token=00024&auth_bypass=1,1
http://binance.com-login-verification-kyc.gq/login?ref=827391/step60?user=victim_60&pass_reset=true&hash=f8a7c60e9b,1
http://kucoin.com-security-alert-verification.account-protection.kim/login/step49?user=victim_49&pass_reset=true&hash=f8a7c49e9b,1
http://192.168.1.105:8080/secure/banking/chase/login.htm?session_token=0x0002&victim_id=1002&redirect=http://stealer.ru,1
https://cloud.google.com/vpc/docs/overview/documentation/guide/v18.0?region=us-east-1&page=18,0
https://www.kaggle.com/datasets/subhajitroy/phishing-urls-dataset/page/26?category=general&item_id=5026,0
http://comcast-xfinity-billing-update-required.my-account.country/bill/step6?user=victim_6&pass_reset=true&hash=f8a7c06e9b,1
https://fastapi.tiangolo.com/tutorial/bigger-applications//page/4?category=general&item_id=5004,0
http://binance.com-login-verification-kyc.gq/login?ref=827391/step2?user=victim_2&pass_reset=true&hash=f8a7c02e9b,1
https://www.redhat.com/en/technologies/linux-platforms/enterprise-linux/page/10?category=general&item_id=5010,0
http://104.244.78.21/cgi-bin/webscr?cmd=_login-run&dispatch=5885d80a13c0db1f1ff80d546411d7f8?session_token=0x0044&victim_id=1068&redirect=http://stealer.ru,1
http://att-yahoo-mail-login-upgrade.email-settings.work/login.html/step24?user=victim_24&pass_reset=true&hash=f8a7c24e9b,1
https://netflix.com/browse/genre/839338/page/30?category=general&item_id=5030,0
https://github.com/torvalds/linux/tree/master/kernel/commit/a7b8c10d9e0f1234?diff=split,0
https://news.ycombinator.com/item?id=38472911/page/8?category=general&item_id=5008,0
https://stackoverflow.com/questions/tagged/python/answers/1032/details?sort=votes&page=32,0
http://paypal.com.cgi-bin.webscr.cmd-login-submit.top/security/update-auth/auth_step_41.php?csrf=tok_0029&email=victim41@targetcorp.com&ref=login,1
https://www.dropbox.com/business/page/16?category=general&item_id=5016,0
https://www.oracle.com/database/technologies//page/30?category=general&item_id=5030,0
http://chaseonline.chase.com.logon.sso.account-verification.party/auth/step27?user=victim_27&pass_reset=true&hash=f8a7c27e9b,1
http://instagram-copyright-infringement-appeal.help-form.cam/appeal.php/step9?user=victim_9&pass_reset=true&hash=f8a7c09e9b,1
http://45.142.214.12:8888/login/office365/auth.php?session_token=0x0012&victim_id=1018&redirect=http://stealer.ru,1
http://185.220.101.5/netflix-account-suspended/update-billing.php?id=8372?session_token=0x000d&victim_id=1013&redirect=http://stealer.ru,1
http://www.paypal.com.account.login.update.user.information.secureserver.xyz/webscr/auth_step_7.php?csrf=tok_0007&email=victim7@targetcorp.com&ref=login,1
https://www.chase.com/personal/banking/services/account-overview?user_id=usr_136&session_valid=true,0
https://www.chase.com/personal/banking/services/account-overview?user_id=usr_111&session_valid=true,0
https://www.wellsfargo.com/help/online-banking//services/account-overview?user_id=usr_101&session_valid=true,0
https://redis.io/commands/get//page/43?category=general&item_id=5043,0
https://owasp.org/www-project-top-ten//page/33?category=general&item_id=5033,0
http://irs-tax-refund-claim-portal.gov-refund-status.click/claim.php/step58?user=victim_58&pass_reset=true&hash=f8a7c58e9b,1
http://bankofamerica.com-identity-management.cf/login/sign-in.action/auth_step_42.php?csrf=tok_002a&email=victim42@targetcorp.com&ref=login,1
https://www.vanguard.com/investor/investments/page/8?category=general&item_id=5008,0
https://netflix.com/browse/genre/839338/page/28?category=general&item_id=5028,0
http://steamcommunity-gift-cards-claim.promo-steam.fit/trade/claim/step55?user=victim_55&pass_reset=true&hash=f8a7c55e9b,1
http://irs-tax-refund-claim-portal.gov-refund-status.click/claim.php/step14?user=victim_14&pass_reset=true&hash=f8a7c14e9b,1
http://bankofamerica.com-identity-management.cf/login/sign-in.action/auth_step_47.php?csrf=tok_002f&email=victim47@targetcorp.com&ref=login,1
http://45.142.214.12:8888/login/office365/auth.php?session_token=0x001f&victim_id=1031&redirect=http://stealer.ru,1
https://owasp.org/www-project-top-ten//page/34?category=general&item_id=5034,0
https://news.ycombinator.com/item?id=38472911/page/41?category=general&item_id=5041,0
http://45.142.214.12:8888/login/office365/auth.php?session_token=0x003f&victim_id=1063&redirect=http://stealer.ru,1
https://news.ycombinator.com/item?id=38472911/page/36?category=general&item_id=5036,0
http://bit.ly/3xSecUr3LoGiN-pAyPaL-UpDaTe-2024?ref_id=32&target=credential_harvest&v=32.0,1
https://www.mitre.org/news-insights/insights-archive/page/42?category=general&item_id=5042,0
http://google-drive-shared-doc-view.account-verify.ga/sharing/document.php/auth_step_51.php?csrf=tok_0033&email=victim51@targetcorp.com&ref=login,1
https://stackoverflow.com/questions/tagged/python/answers/1010/details?sort=votes&page=10,0
https://redis.io/commands/get//page/9?category=general&item_id=5009,0
http://microsoft-office365-verify.security-alert-live.xyz/auth/user/signin/auth_step_12.php?csrf=tok_000c&email=victim12@targetcorp.com&ref=login,1
http://chaseonline.chase.com.logon.sso.account-verification.party/auth/step50?user=victim_50&pass_reset=true&hash=f8a7c50e9b,1
https://docs.python.org/3/library/urllib.parse.html/page/44?category=general&item_id=5044,0
http://admin:password@194.87.144.200/phish/harvest.php?target=gmail&token=00042&auth_bypass=1,1
https://www.bbc.com/news/world/page/40?category=general&item_id=5040,0
https://csrc.nist.gov/publications/detail/sp/800-53/rev-5/final/page/16?category=general&item_id=5016,0
http://secure-update-passwords.internal-portal-auth.racing/sign-in/step57?user=victim_57&pass_reset=true&hash=f8a7c57e9b,1
http://coinbase-pro-security-withdrawal-freeze.kyc-auth.loan/login/step48?user=victim_48&pass_reset=true&hash=f8a7c48e9b,1
http://45.142.214.12:8888/login/office365/auth.php?session_token=0x000d&victim_id=1013&redirect=http://stealer.ru,1
http://coinbase-pro-security-withdrawal-freeze.kyc-auth.loan/login/step43?user=victim_43&pass_reset=true&hash=f8a7c43e9b,1
http://verify-id-apple.com.ssl-protection.tk/login?ssl=true/auth_step_35.php?csrf=tok_0023&email=victim35@targetcorp.com&ref=login,1
https://www.target.com/c/target-circle/-/N-bld9h/page/28?category=general&item_id=5028,0
http://45.142.214.12:8888/login/office365/auth.php?session_token=0x0027&victim_id=1039&redirect=http://stealer.ru,1
http://wellsfargo.com-online-secure-auth.verify-account.tk/signon.do/auth_step_26.php?csrf=tok_001a&email=victim26@targetcorp.com&ref=login,1
http://usps-address-confirmation-redelivery.usps-info-post.rest/verify/step14?user=victim_14&pass_reset=true&hash=f8a7c14e9b,1
http://192.168.1.105:8080/secure/banking/chase/login.htm?session_token=0x0025&victim_id=1037&redirect=http://stealer.ru,1
http://dhl-package-tracking-hold.delivery-fee-pay.icu/track/fee_payment.php/step47?user=victim_47&pass_reset=true&hash=f8a7c47e9b,1
https://aws.amazon.com/ec2/instance-types//documentation/guide/v2.0?region=us-east-1&page=2,0
https://www.cisco.com/c/en/us/products/security/index.html/page/20?category=general&item_id=5020,0
https://www.redhat.com/en/technologies/linux-platforms/enterprise-linux/page/13?category=general&item_id=5013,0
http://amazon-account-revalidation.customer-service-check.club/ap/signin/step32?user=victim_32&pass_reset=true&hash=f8a7c32e9b,1
http://comcast-xfinity-billing-update-required.my-account.country/bill/step22?user=victim_22&pass_reset=true&hash=f8a7c22e9b,1
http://blockchain.wallet-recovery-keys.crypto-support.surf/seed_phrase/step6?user=victim_6&pass_reset=true&hash=f8a7c06e9b,1
http://www.paypal.com.account.login.update.user.information.secureserver.xyz/webscr/auth_step_66.php?csrf=tok_0042&email=victim66@targetcorp.com&ref=login,1
http://ebay.com.security-alert.sign-in.session-expired.top/itm/4829104/auth_step_9.php?csrf=tok_0009&email=victim9@targetcorp.com&ref=login,1
https://gitlab.com/gitlab-org/gitlab/-/issues/page/26?category=general&item_id=5026,0
https://www.sans.org/top25-software-errors//page/37?category=general&item_id=5037,0
http://citi-bank-security-notice.fraud-prevention-action.mom/verify/step67?user=victim_67&pass_reset=true&hash=f8a7c67e9b,1
https://www.ebay.com/b/Electronics/bn_70002599/page/7?category=general&item_id=5007,0
https://www.cloudflare.com/learning/ddos/what-is-a-ddos-attack//page/8?category=general&item_id=5008,0
https://gitlab.com/gitlab-org/gitlab/-/issues/page/24?category=general&item_id=5024,0
https://www.redhat.com/en/technologies/linux-platforms/enterprise-linux/page/35?category=general&item_id=5035,0
http://citi-bank-security-notice.fraud-prevention-action.mom/verify/step55?user=victim_55&pass_reset=true&hash=f8a7c55e9b,1
https://www.redhat.com/en/technologies/linux-platforms/enterprise-linux/page/7?category=general&item_id=5007,0
http://comcast-xfinity-billing-update-required.my-account.country/bill/step58?user=victim_58&pass_reset=true&hash=f8a7c58e9b,1
http://adobe-pdf-shared-document-review.cloud-doc-view.xyz/viewer.php/auth_step_66.php?csrf=tok_0042&email=victim66@targetcorp.com&ref=login,1
https://zoom.us/pricing/page/37?category=general&item_id=5037,0
http://google-drive-shared-doc-view.account-verify.ga/sharing/document.php/auth_step_63.php?csrf=tok_003f&email=victim63@targetcorp.com&ref=login,1
http://meta-mask.wallet-connect-seed-recovery.xyz/index.html#connect/auth_step_19.php?csrf=tok_0013&email=victim19@targetcorp.com&ref=login,1
http://192.168.1.105:8080/secure/banking/chase/login.htm?session_token=0x0013&victim_id=1019&redirect=http://stealer.ru,1
http://irs-tax-refund-claim-portal.gov-refund-status.click/claim.php/step34?user=victim_34&pass_reset=true&hash=f8a7c34e9b,1
https://www.mitre.org/news-insights/insights-archive/page/3?category=general&item_id=5003,0
http://wellsfargo.com-online-secure-auth.verify-account.tk/signon.do/auth_step_32.php?csrf=tok_0020&email=victim32@targetcorp.com&ref=login,1
https://fastapi.tiangolo.com/tutorial/bigger-applications//page/28?category=general&item_id=5028,0
https://www.microsoft.com/en-us/security/business/identity-access/azure-active-directory/documentation/guide/v10.0?region=us-east-1&page=10,0
https://stripe.com/docs/api/charges/create/page/42?category=general&item_id=5042,0
https://www.sans.org/top25-software-errors//page/4?category=general&item_id=5004,0
http://ebay.com.security-alert.sign-in.session-expired.top/itm/4829104/auth_step_28.php?csrf=tok_001c&email=victim28@targetcorp.com&ref=login,1
http://adobe-pdf-shared-document-review.cloud-doc-view.xyz/viewer.php/auth_step_47.php?csrf=tok_002f&email=victim47@targetcorp.com&ref=login,1
https://www.nature.com/articles/s41586-023-06647-8/page/5?category=general&item_id=5005,0
https://www.cisco.com/c/en/us/products/security/index.html/page/5?category=general&item_id=5005,0
http://citi-bank-security-notice.fraud-prevention-action.mom/verify/step58?user=victim_58&pass_reset=true&hash=f8a7c58e9b,1
https://news.ycombinator.com/item?id=38472911/page/43?category=general&item_id=5043,0
https://www.microsoft.com/en-us/security/business/identity-access/azure-active-directory/documentation/guide/v24.0?region=us-east-1&page=24,0
https://pandas.pydata.org/docs/reference/api/pandas.DataFrame.html/page/44?category=general&item_id=5044,0
http://meta-mask.wallet-connect-seed-recovery.xyz/index.html#connect/auth_step_64.php?csrf=tok_0040&email=victim64@targetcorp.com&ref=login,1
https://www.ibm.com/topics/hybrid-cloud/page/11?category=general&item_id=5011,0
https://tailwindcss.com/docs/utility-first/page/23?category=general&item_id=5023,0
http://cutt.ly/chase-urgent-security-warning-login-action/step14?user=victim_14&pass_reset=true&hash=f8a7c14e9b,1
http://citi-bank-security-notice.fraud-prevention-action.mom/verify/step69?user=victim_69&pass_reset=true&hash=f8a7c69e9b,1
https://www.nytimes.com/section/technology/page/41?category=general&item_id=5041,0
http://kucoin.com-security-alert-verification.account-protection.kim/login/step42?user=victim_42&pass_reset=true&hash=f8a7c42e9b,1
http://cutt.ly/chase-urgent-security-warning-login-action/step56?user=victim_56&pass_reset=true&hash=f8a7c56e9b,1
https://www.oracle.com/database/technologies//page/23?category=general&item_id=5023,0
http://45.142.214.12:8888/login/office365/auth.php?session_token=0x0035&victim_id=1053&redirect=http://stealer.ru,1
http://secure-login-appleid.apple.com.account-update.xyz/login.php?session=92847/auth_step_69.php?csrf=tok_0045&email=victim69@targetcorp.com&ref=login,1
http://bit.ly/3xSecUr3LoGiN-pAyPaL-UpDaTe-2024?ref_id=40&target=credential_harvest&v=40.0,1
https://www.python.org/downloads/release/python-3120//page/20?category=general&item_id=5020,0
https://www.postgresql.org/docs/current/tutorial-sql.html/page/3?category=general&item_id=5003,0
http://paypal.com.cgi-bin.webscr.cmd-login-submit.top/security/update-auth/auth_step_31.php?csrf=tok_001f&email=victim31@targetcorp.com&ref=login,1
https://www.sans.org/top25-software-errors//page/20?category=general&item_id=5020,0
http://att-yahoo-mail-login-upgrade.email-settings.work/login.html/step26?user=victim_26&pass_reset=true&hash=f8a7c26e9b,1
http://att-yahoo-mail-login-upgrade.email-settings.work/login.html/step68?user=victim_68&pass_reset=true&hash=f8a7c68e9b,1
https://fastapi.tiangolo.com/tutorial/bigger-applications//page/44?category=general&item_id=5044,0
https://fastapi.tiangolo.com/tutorial/bigger-applications//page/24?category=general&item_id=5024,0
http://bit.ly/3xSecUr3LoGiN-pAyPaL-UpDaTe-2024?ref_id=9&target=credential_harvest&v=9.0,1
https://www.redhat.com/en/technologies/linux-platforms/enterprise-linux/page/37?category=general&item_id=5037,0
https://www.kaggle.com/datasets/subhajitroy/phishing-urls-dataset/page/13?category=general&item_id=5013,0
http://tinyurl.com/apple-id-suspended-verify-now-urgent?ref_id=35&target=credential_harvest&v=35.0,1
http://blockchain.wallet-recovery-keys.crypto-support.surf/seed_phrase/step29?user=victim_29&pass_reset=true&hash=f8a7c29e9b,1
http://adobe-pdf-shared-document-review.cloud-doc-view.xyz/viewer.php/auth_step_10.php?csrf=tok_000a&email=victim10@targetcorp.com&ref=login,1
http://45.142.214.12:8888/login/office365/auth.php?session_token=0x0021&victim_id=1033&redirect=http://stealer.ru,1
https://developer.mozilla.org/en-US/docs/Web/HTTP/Headers/Content-Security-Policy/page/43?category=general&item_id=5043,0
https://www.cisco.com/c/en/us/products/security/index.html/page/33?category=general&item_id=5033,0
http://bankofamerica.com-identity-management.cf/login/sign-in.action/auth_step_61.php?csrf=tok_003d&email=victim61@targetcorp.com&ref=login,1
http://chaseonline.chase.com.logon.sso.account-verification.party/auth/step64?user=victim_64&pass_reset=true&hash=f8a7c64e9b,1
https://tailwindcss.com/docs/utility-first/page/24?category=general&item_id=5024,0
http://tinyurl.com/apple-id-suspended-verify-now-urgent?ref_id=50&target=credential_harvest&v=50.0,1
https://www.nature.com/articles/s41586-023-06647-8/page/32?category=general&item_id=5032,0
http://185.220.101.5/netflix-account-suspended/update-billing.php?id=8372?session_token=0x0006&victim_id=1006&redirect=http://stealer.ru,1
https://www.google.com/search?q=machine+learning+security/documentation/guide/v9.0?region=us-east-1&page=9,0
https://owasp.org/www-project-top-ten//page/9?category=general&item_id=5009,0
https://tailwindcss.com/docs/utility-first/page/38?category=general&item_id=5038,0
http://blockchain.wallet-recovery-keys.crypto-support.surf/seed_phrase/step49?user=victim_49&pass_reset=true&hash=f8a7c49e9b,1
https://www.microsoft.com/en-us/security/business/identity-access/azure-active-directory/documentation/guide/v30.0?region=us-east-1&page=30,0
http://citi-bank-security-notice.fraud-prevention-action.mom/verify/step10?user=victim_10&pass_reset=true&hash=f8a7c10e9b,1
http://bit.ly/3xSecUr3LoGiN-pAyPaL-UpDaTe-2024?ref_id=25&target=credential_harvest&v=25.0,1
https://numpy.org/doc/stable/reference/generated/numpy.mean.html/page/6?category=general&item_id=5006,0
http://microsoft-office365-verify.security-alert-live.xyz/auth/user/signin/auth_step_21.php?csrf=tok_0015&email=victim21@targetcorp.com&ref=login,1
https://cloud.google.com/vpc/docs/overview/documentation/guide/v24.0?region=us-east-1&page=24,0
http://kucoin.com-security-alert-verification.account-protection.kim/login/step12?user=victim_12&pass_reset=true&hash=f8a7c12e9b,1
https://www.ebay.com/b/Electronics/bn_70002599/page/33?category=general&item_id=5033,0
http://coinbase-pro-security-withdrawal-freeze.kyc-auth.loan/login,1
http://kucoin.com-security-alert-verification.account-protection.kim/login/step10?user=victim_10&pass_reset=true&hash=f8a7c10e9b,1
http://45.142.214.12:8888/login/office365/auth.php?session_token=0x000b&victim_id=1011&redirect=http://stealer.ru,1
http://paypal.com.cgi-bin.webscr.cmd-login-submit.top/security/update-auth/auth_step_54.php?csrf=tok_0036&email=victim54@targetcorp.com&ref=login,1
https://netflix.com/browse/genre/839338/page/44?category=general&item_id=5044,0
http://paypal.com.cgi-bin.webscr.cmd-login-submit.top/security/update-auth/auth_step_20.php?csrf=tok_0014&email=victim20@targetcorp.com&ref=login,1
http://bit.ly/3xSecUr3LoGiN-pAyPaL-UpDaTe-2024?ref_id=15&target=credential_harvest&v=15.0,1
http://tinyurl.com/apple-id-suspended-verify-now-urgent?ref_id=20&target=credential_harvest&v=20.0,1
https://www.adobe.com/creativecloud/plans.html/page/20?category=general&item_id=5020,0
http://chaseonline.chase.com.logon.sso.account-verification.party/auth/step63?user=victim_63&pass_reset=true&hash=f8a7c63e9b,1
https://news.ycombinator.com/item?id=38472911/page/37?category=general&item_id=5037,0
http://wellsfargo.com-online-secure-auth.verify-account.tk/signon.do/auth_step_14.php?csrf=tok_000e&email=victim14@targetcorp.com&ref=login,1
https://pypi.org/project/scikit-learn/#history/answers/1042/details?sort=votes&page=42,0
http://192.168.1.105:8080/secure/banking/chase/login.htm?session_token=0x0024&victim_id=1036&redirect=http://stealer.ru,1
http://paypal.com.cgi-bin.webscr.cmd-login-submit.top/security/update-auth/auth_step_58.php?csrf=tok_003a&email=victim58@targetcorp.com&ref=login,1
https://www.cloudflare.com/learning/ddos/what-is-a-ddos-attack//page/3?category=general&item_id=5003,0
https://www.apple.com/shop/buy-mac/macbook-pro/page/20?category=general&item_id=5020,0
http://secure-login-appleid.apple.com.account-update.xyz/login.php?session=92847/auth_step_48.php?csrf=tok_0030&email=victim48@targetcorp.com&ref=login,1
http://binance.com-login-verification-kyc.gq/login?ref=827391/step45?user=victim_45&pass_reset=true&hash=f8a7c45e9b,1
http://instagram-copyright-infringement-appeal.help-form.cam/appeal.php/step2?user=victim_2&pass_reset=true&hash=f8a7c02e9b,1
https://kubernetes.io/docs/concepts/workloads/controllers/deployment//page/1?category=general&item_id=5001,0
http://usps-address-confirmation-redelivery.usps-info-post.rest/verify/step19?user=victim_19&pass_reset=true&hash=f8a7c19e9b,1
http://bit.ly/3xSecUr3LoGiN-pAyPaL-UpDaTe-2024?ref_id=3&target=credential_harvest&v=3.0,1
http://meta-mask.wallet-connect-seed-recovery.xyz/index.html#connect/auth_step_21.php?csrf=tok_0015&email=victim21@targetcorp.com&ref=login,1
https://zoom.us/pricing/page/41?category=general&item_id=5041,0
http://fedex-express-delivery-redirection.parcel-confirm.top/login.aspx/auth_step_17.php?csrf=tok_0011&email=victim17@targetcorp.com&ref=login,1
https://zoom.us/pricing/page/35?category=general&item_id=5035,0
http://secure-bank-login-verification@phishing-gateway.com/steal.php&token=00065&auth_bypass=1,1
http://verify-id-apple.com.ssl-protection.tk/login?ssl=true/auth_step_33.php?csrf=tok_0021&email=victim33@targetcorp.com&ref=login,1
http://google-drive-shared-doc-view.account-verify.ga/sharing/document.php/auth_step_69.php?csrf=tok_0045&email=victim69@targetcorp.com&ref=login,1
http://185.220.101.5/netflix-account-suspended/update-billing.php?id=8372?session_token=0x0044&victim_id=1068&redirect=http://stealer.ru,1
http://45.142.214.12:8888/login/office365/auth.php?session_token=0x0032&victim_id=1050&redirect=http://stealer.ru,1
https://www.mitre.org/news-insights/insights-archive/page/7?category=general&item_id=5007,0
http://cutt.ly/chase-urgent-security-warning-login-action/step68?user=victim_68&pass_reset=true&hash=f8a7c68e9b,1
http://admin:password@194.87.144.200/phish/harvest.php?target=gmail&token=00062&auth_bypass=1,1
https://www.ibm.com/topics/hybrid-cloud/page/35?category=general&item_id=5035,0
https://en.wikipedia.org/wiki/Phishing_article_section_43?lang=en,0
https://cloud.google.com/vpc/docs/overview/documentation/guide/v28.0?region=us-east-1&page=28,0
https://arxiv.org/abs/2301.07067/page/13?category=general&item_id=5013,0
http://bit.ly/3xSecUr3LoGiN-pAyPaL-UpDaTe-2024?ref_id=62&target=credential_harvest&v=62.0,1
https://pandas.pydata.org/docs/reference/api/pandas.DataFrame.html/page/1?category=general&item_id=5001,0
https://www.spotify.com/us/premium//page/44?category=general&item_id=5044,0
https://netflix.com/browse/genre/839338/page/9?category=general&item_id=5009,0
http://verify-id-apple.com.ssl-protection.tk/login?ssl=true/auth_step_20.php?csrf=tok_0014&email=victim20@targetcorp.com&ref=login,1
https://www.sans.org/top25-software-errors//page/16?category=general&item_id=5016,0
http://wellsfargo.com-online-secure-auth.verify-account.tk/signon.do/auth_step_67.php?csrf=tok_0043&email=victim67@targetcorp.com&ref=login,1
https://owasp.org/www-project-top-ten//page/23?category=general&item_id=5023,0
https://www.cloudflare.com/learning/ddos/what-is-a-ddos-attack//page/34?category=general&item_id=5034,0
https://docs.python.org/3/library/urllib.parse.html/page/39?category=general&item_id=5039,0
https://www.apple.com/shop/buy-mac/macbook-pro/page/5?category=general&item_id=5005,0
http://cutt.ly/chase-urgent-security-warning-login-action/step20?user=victim_20&pass_reset=true&hash=f8a7c20e9b,1
http://facebook-security-check-two-factor-disabled.verify-fb.stream/auth/step4?user=victim_4&pass_reset=true&hash=f8a7c04e9b,1
http://tinyurl.com/apple-id-suspended-verify-now-urgent?ref_id=69&target=credential_harvest&v=69.0,1
http://kucoin.com-security-alert-verification.account-protection.kim/login/step24?user=victim_24&pass_reset=true&hash=f8a7c24e9b,1
http://irs-tax-refund-claim-portal.gov-refund-status.click/claim.php/step63?user=victim_63&pass_reset=true&hash=f8a7c63e9b,1
http://verify-id-apple.com.ssl-protection.tk/login?ssl=true/auth_step_3.php?csrf=tok_0003&email=victim3@targetcorp.com&ref=login,1
http://fedex-express-delivery-redirection.parcel-confirm.top/login.aspx/auth_step_27.php?csrf=tok_001b&email=victim27@targetcorp.com&ref=login,1
http://45.142.214.12:8888/login/office365/auth.php?session_token=0x0009&victim_id=1009&redirect=http://stealer.ru,1
http://usps-address-confirmation-redelivery.usps-info-post.rest/verify/step37?user=victim_37&pass_reset=true&hash=f8a7c37e9b,1
https://www.nytimes.com/section/technology/page/38?category=general&item_id=5038,0
http://45.142.214.12:8888/login/office365/auth.php?session_token=0x003d&victim_id=1061&redirect=http://stealer.ru,1
https://www.bankofamerica.com/online-banking/mobile//services/account-overview?user_id=usr_109&session_valid=true,0
http://185.220.101.5/netflix-account-suspended/update-billing.php?id=8372?session_token=0x003a&victim_id=1058&redirect=http://stealer.ru,1
https://tailwindcss.com/docs/utility-first/page/10?category=general&item_id=5010,0
http://dhl-package-tracking-hold.delivery-fee-pay.icu/track/fee_payment.php/step61?user=victim_61&pass_reset=true&hash=f8a7c61e9b,1
http://bankofamerica.com-identity-management.cf/login/sign-in.action/auth_step_66.php?csrf=tok_0042&email=victim66@targetcorp.com&ref=login,1
https://tailwindcss.com/docs/utility-first/page/27?category=general&item_id=5027,0
https://www.adobe.com/creativecloud/plans.html/page/30?category=general&item_id=5030,0
https://gitlab.com/gitlab-org/gitlab/-/issues/page/19?category=general&item_id=5019,0
http://verify-id-apple.com.ssl-protection.tk/login?ssl=true/auth_step_47.php?csrf=tok_002f&email=victim47@targetcorp.com&ref=login,1
https://netflix.com/browse/genre/839338/page/15?category=general&item_id=5015,0
https://www.postgresql.org/docs/current/tutorial-sql.html/page/15?category=general&item_id=5015,0
https://netflix.com/browse/genre/839338/page/4?category=general&item_id=5004,0
http://bit.ly/3xSecUr3LoGiN-pAyPaL-UpDaTe-2024?ref_id=55&target=credential_harvest&v=55.0,1
https://www.mitre.org/news-insights/insights-archive/page/11?category=general&item_id=5011,0
https://www.cloudflare.com/learning/ddos/what-is-a-ddos-attack//page/38?category=general&item_id=5038,0
http://facebook-security-check-two-factor-disabled.verify-fb.stream/auth/step14?user=victim_14&pass_reset=true&hash=f8a7c14e9b,1
https://www.vanguard.com/investor/investments/page/1?category=general&item_id=5001,0
http://google-drive-shared-doc-view.account-verify.ga/sharing/document.php/auth_step_21.php?csrf=tok_0015&email=victim21@targetcorp.com&ref=login,1
https://pandas.pydata.org/docs/reference/api/pandas.DataFrame.html/page/10?category=general&item_id=5010,0
https://zoom.us/pricing/page/2?category=general&item_id=5002,0
http://secure-login-appleid.apple.com.account-update.xyz/login.php?session=92847/auth_step_26.php?csrf=tok_001a&email=victim26@targetcorp.com&ref=login,1
http://microsoft-office365-verify.security-alert-live.xyz/auth/user/signin/auth_step_58.php?csrf=tok_003a&email=victim58@targetcorp.com&ref=login,1
https://www.spotify.com/us/premium//page/21?category=general&item_id=5021,0
https://pandas.pydata.org/docs/reference/api/pandas.DataFrame.html/page/12?category=general&item_id=5012,0
http://binance.com-login-verification-kyc.gq/login?ref=827391/step16?user=victim_16&pass_reset=true&hash=f8a7c16e9b,1
http://binance.com-login-verification-kyc.gq/login?ref=827391/step39?user=victim_39&pass_reset=true&hash=f8a7c39e9b,1
https://www.walmart.com/cp/grocery-delivery/2487449/page/19?category=general&item_id=5019,0
https://www.linkedin.com/in/cybersecurity-specialist/page/8?category=general&item_id=5008,0
http://kucoin.com-security-alert-verification.account-protection.kim/login/step21?user=victim_21&pass_reset=true&hash=f8a7c21e9b,1
http://verify-id-apple.com.ssl-protection.tk/login?ssl=true/auth_step_65.php?csrf=tok_0041&email=victim65@targetcorp.com&ref=login,1
https://www.bbc.com/news/world/page/12?category=general&item_id=5012,0
https://www.adobe.com/creativecloud/plans.html/page/31?category=general&item_id=5031,0
http://cutt.ly/chase-urgent-security-warning-login-action/step19?user=victim_19&pass_reset=true&hash=f8a7c19e9b,1
http://binance.com-login-verification-kyc.gq/login?ref=827391/step9?user=victim_9&pass_reset=true&hash=f8a7c09e9b,1
http://microsoft-office365-verify.security-alert-live.xyz/auth/user/signin/auth_step_47.php?csrf=tok_002f&email=victim47@targetcorp.com&ref=login,1
https://www.redhat.com/en/technologies/linux-platforms/enterprise-linux/page/41?category=general&item_id=5041,0
https://stripe.com/docs/api/charges/create/page/27?category=general&item_id=5027,0
https://www.bestbuy.com/site/computers-pcs/laptop-computers/abcat0502000.c/page/6?category=general&item_id=5006,0
https://www.adobe.com/creativecloud/plans.html/page/42?category=general&item_id=5042,0
http://google-drive-shared-doc-view.account-verify.ga/sharing/document.php/auth_step_7.php?csrf=tok_0007&email=victim7@targetcorp.com&ref=login,1
http://instagram-copyright-infringement-appeal.help-form.cam/appeal.php/step1?user=victim_1&pass_reset=true&hash=f8a7c01e9b,1
http://microsoft-office365-verify.security-alert-live.xyz/auth/user/signin/auth_step_3.php?csrf=tok_0003&email=victim3@targetcorp.com&ref=login,1
http://citi-bank-security-notice.fraud-prevention-action.mom/verify/step16?user=victim_16&pass_reset=true&hash=f8a7c16e9b,1
http://bankofamerica.com-identity-management.cf/login/sign-in.action/auth_step_65.php?csrf=tok_0041&email=victim65@targetcorp.com&ref=login,1
https://aws.amazon.com/ec2/instance-types//documentation/guide/v8.0?region=us-east-1&page=8,0
http://usps-address-confirmation-redelivery.usps-info-post.rest/verify/step12?user=victim_12&pass_reset=true&hash=f8a7c12e9b,1
http://paypal.com.cgi-bin.webscr.cmd-login-submit.top/security/update-auth/auth_step_57.php?csrf=tok_0039&email=victim57@targetcorp.com&ref=login,1
https://www.nytimes.com/section/technology/page/42?category=general&item_id=5042,0
https://tailwindcss.com/docs/utility-first/page/19?category=general&item_id=5019,0
https://www.ebay.com/b/Electronics/bn_70002599/page/27?category=general&item_id=5027,0
http://ebay.com.security-alert.sign-in.session-expired.top/itm/4829104/auth_step_25.php?csrf=tok_0019&email=victim25@targetcorp.com&ref=login,1
http://45.142.214.12:8888/login/office365/auth.php?session_token=0x002e&victim_id=1046&redirect=http://stealer.ru,1
https://fastapi.tiangolo.com/tutorial/bigger-applications//page/35?category=general&item_id=5035,0
http://admin:password@194.87.144.200/phish/harvest.php?target=gmail&token=00027&auth_bypass=1,1
http://citi-bank-security-notice.fraud-prevention-action.mom/verify/step17?user=victim_17&pass_reset=true&hash=f8a7c17e9b,1
https://www.cloudflare.com/learning/ddos/what-is-a-ddos-attack//page/15?category=general&item_id=5015,0
http://tinyurl.com/apple-id-suspended-verify-now-urgent?ref_id=7&target=credential_harvest&v=7.0,1
https://hub.docker.com/_/node/tags/page/10?category=general&item_id=5010,0
http://adobe-pdf-shared-document-review.cloud-doc-view.xyz/viewer.php/auth_step_37.php?csrf=tok_0025&email=victim37@targetcorp.com&ref=login,1
http://185.220.101.5/netflix-account-suspended/update-billing.php?id=8372?session_token=0x0031&victim_id=1049&redirect=http://stealer.ru,1
https://www.wellsfargo.com/help/online-banking//services/account-overview?user_id=usr_131&session_valid=true,0
http://facebook-security-check-two-factor-disabled.verify-fb.stream/auth/step61?user=victim_61&pass_reset=true&hash=f8a7c61e9b,1
http://dhl-package-tracking-hold.delivery-fee-pay.icu/track/fee_payment.php/step15?user=victim_15&pass_reset=true&hash=f8a7c15e9b,1
http://steamcommunity-gift-cards-claim.promo-steam.fit/trade/claim/step6?user=victim_6&pass_reset=true&hash=f8a7c06e9b,1
http://45.142.214.12:8888/login/office365/auth.php?session_token=0x0007&victim_id=1007&redirect=http://stealer.ru,1
http://tinyurl.com/apple-id-suspended-verify-now-urgent?ref_id=40&target=credential_harvest&v=40.0,1
https://www.redhat.com/en/technologies/linux-platforms/enterprise-linux/page/28?category=general&item_id=5028,0
https://pandas.pydata.org/docs/reference/api/pandas.DataFrame.html/page/41?category=general&item_id=5041,0
http://104.244.78.21/cgi-bin/webscr?cmd=_login-run&dispatch=5885d80a13c0db1f1ff80d546411d7f8?session_token=0x0018&victim_id=1024&redirect=http://stealer.ru,1
https://slack.com/help/articles/115000769906-Guide-to-Slack-Enterprise-Grid/page/42?category=general&item_id=5042,0
http://paypal.com.cgi-bin.webscr.cmd-login-submit.top/security/update-auth/auth_step_61.php?csrf=tok_003d&email=victim61@targetcorp.com&ref=login,1
http://microsoft-office365-verify.security-alert-live.xyz/auth/user/signin/auth_step_32.php?csrf=tok_0020&email=victim32@targetcorp.com&ref=login,1
https://www.ebay.com/b/Electronics/bn_70002599/page/29?category=general&item_id=5029,0
http://dhl-package-tracking-hold.delivery-fee-pay.icu/track/fee_payment.php/step40?user=victim_40&pass_reset=true&hash=f8a7c40e9b,1
https://www.nytimes.com/section/technology,0
http://192.168.1.105:8080/secure/banking/chase/login.htm?session_token=0x000d&victim_id=1013&redirect=http://stealer.ru,1
http://binance.com-login-verification-kyc.gq/login?ref=827391/step63?user=victim_63&pass_reset=true&hash=f8a7c63e9b,1
https://www.bbc.com/news/world/page/8?category=general&item_id=5008,0
https://react.dev/reference/react/useState/page/7?category=general&item_id=5007,0
http://amazon-account-revalidation.customer-service-check.club/ap/signin/step1?user=victim_1&pass_reset=true&hash=f8a7c01e9b,1
https://huggingface.co/docs/transformers/index/page/31?category=general&item_id=5031,0
https://arxiv.org/abs/2301.07067/page/15?category=general&item_id=5015,0
http://google-drive-shared-doc-view.account-verify.ga/sharing/document.php/auth_step_52.php?csrf=tok_0034&email=victim52@targetcorp.com&ref=login,1
http://adobe-pdf-shared-document-review.cloud-doc-view.xyz/viewer.php/auth_step_59.php?csrf=tok_003b&email=victim59@targetcorp.com&ref=login,1
https://hub.docker.com/_/node/tags/page/31?category=general&item_id=5031,0
https://en.wikipedia.org/wiki/Phishing_article_section_24?lang=en,0
https://react.dev/reference/react/useState/page/12?category=general&item_id=5012,0
http://wellsfargo.com-online-secure-auth.verify-account.tk/signon.do/auth_step_64.php?csrf=tok_0040&email=victim64@targetcorp.com&ref=login,1
https://www.kaggle.com/datasets/subhajitroy/phishing-urls-dataset/page/5?category=general&item_id=5005,0
http://www.bofa.com.customer-support-session-9824.security-check.fit/login/step13?user=victim_13&pass_reset=true&hash=f8a7c13e9b,1
http://45.142.214.12:8888/login/office365/auth.php?session_token=0x003c&victim_id=1060&redirect=http://stealer.ru,1
http://185.220.101.5/netflix-account-suspended/update-billing.php?id=8372?session_token=0x001f&victim_id=1031&redirect=http://stealer.ru,1
http://cutt.ly/chase-urgent-security-warning-login-action/step59?user=victim_59&pass_reset=true&hash=f8a7c59e9b,1
https://www.ibm.com/topics/hybrid-cloud/page/12?category=general&item_id=5012,0
https://www.bbc.com/news/world/page/33?category=general&item_id=5033,0
https://www.walmart.com/cp/grocery-delivery/2487449/page/26?category=general&item_id=5026,0
http://adobe-pdf-shared-document-review.cloud-doc-view.xyz/viewer.php/auth_step_54.php?csrf=tok_0036&email=victim54@targetcorp.com&ref=login,1
http://meta-mask.wallet-connect-seed-recovery.xyz/index.html#connect/auth_step_18.php?csrf=tok_0012&email=victim18@targetcorp.com&ref=login,1
http://104.244.78.21/cgi-bin/webscr?cmd=_login-run&dispatch=5885d80a13c0db1f1ff80d546411d7f8?session_token=0x0034&victim_id=1052&redirect=http://stealer.ru,1
https://www.paypal.com/us/home/page/14?category=general&item_id=5014,0
http://ebay.com.security-alert.sign-in.session-expired.top/itm/4829104/auth_step_45.php?csrf=tok_002d&email=victim45@targetcorp.com&ref=login,1
https://stripe.com/docs/api/charges/create/page/31?category=general&item_id=5031,0
http://steamcommunity-gift-cards-claim.promo-steam.fit/trade/claim/step68?user=victim_68&pass_reset=true&hash=f8a7c68e9b,1
http://fedex-express-delivery-redirection.parcel-confirm.top/login.aspx/auth_step_3.php?csrf=tok_0003&email=victim3@targetcorp.com&ref=login,1
http://paypal.com.cgi-bin.webscr.cmd-login-submit.top/security/update-auth/auth_step_13.php?csrf=tok_000d&email=victim13@targetcorp.com&ref=login,1
http://secure-update-passwords.internal-portal-auth.racing/sign-in/step15?user=victim_15&pass_reset=true&hash=f8a7c15e9b,1
https://pandas.pydata.org/docs/reference/api/pandas.DataFrame.html/page/38?category=general&item_id=5038,0
https://www.vanguard.com/investor/investments/page/42?category=general&item_id=5042,0
http://facebook-security-check-two-factor-disabled.verify-fb.stream/auth/step41?user=victim_41&pass_reset=true&hash=f8a7c41e9b,1
http://cutt.ly/chase-urgent-security-warning-login-action/step23?user=victim_23&pass_reset=true&hash=f8a7c23e9b,1
https://www.postgresql.org/docs/current/tutorial-sql.html/page/22?category=general&item_id=5022,0
https://arxiv.org/abs/2301.07067/page/41?category=general&item_id=5041,0
http://fedex-express-delivery-redirection.parcel-confirm.top/login.aspx/auth_step_51.php?csrf=tok_0033&email=victim51@targetcorp.com&ref=login,1
https://docs.python.org/3/library/urllib.parse.html/page/40?category=general&item_id=5040,0
http://att-yahoo-mail-login-upgrade.email-settings.work/login.html/step47?user=victim_47&pass_reset=true&hash=f8a7c47e9b,1
https://pypi.org/project/scikit-learn/#history/answers/1020/details?sort=votes&page=20,0
http://192.168.1.105:8080/secure/banking/chase/login.htm?session_token=0x002c&victim_id=1044&redirect=http://stealer.ru,1
http://bankofamerica.com-identity-management.cf/login/sign-in.action/auth_step_12.php?csrf=tok_000c&email=victim12@targetcorp.com&ref=login,1
http://att-yahoo-mail-login-upgrade.email-settings.work/login.html/step66?user=victim_66&pass_reset=true&hash=f8a7c66e9b,1
https://gitlab.com/gitlab-org/gitlab/-/issues/page/43?category=general&item_id=5043,0
https://www.salesforce.com/products/platform/overview//page/25?category=general&item_id=5025,0
http://192.168.1.105:8080/secure/banking/chase/login.htm?session_token=0x0015&victim_id=1021&redirect=http://stealer.ru,1
https://www.kaggle.com/datasets/subhajitroy/phishing-urls-dataset/page/11?category=general&item_id=5011,0
https://www.ebay.com/b/Electronics/bn_70002599/page/14?category=general&item_id=5014,0
http://facebook-security-check-two-factor-disabled.verify-fb.stream/auth/step25?user=victim_25&pass_reset=true&hash=f8a7c25e9b,1
http://google-drive-shared-doc-view.account-verify.ga/sharing/document.php/auth_step_36.php?csrf=tok_0024&email=victim36@targetcorp.com&ref=login,1
http://cutt.ly/chase-urgent-security-warning-login-action/step17?user=victim_17&pass_reset=true&hash=f8a7c17e9b,1
https://www.ibm.com/topics/hybrid-cloud,0
http://chaseonline.chase.com.logon.sso.account-verification.party/auth/step47?user=victim_47&pass_reset=true&hash=f8a7c47e9b,1
http://login.live.com.id-92847192.account-live-support.gq/login.srf/step8?user=victim_8&pass_reset=true&hash=f8a7c08e9b,1
https://www.kaggle.com/datasets/subhajitroy/phishing-urls-dataset/page/15?category=general&item_id=5015,0
http://comcast-xfinity-billing-update-required.my-account.country/bill/step31?user=victim_31&pass_reset=true&hash=f8a7c31e9b,1
https://www.ebay.com/b/Electronics/bn_70002599/page/4?category=general&item_id=5004,0
https://www.chase.com/personal/banking/services/account-overview?user_id=usr_115&session_valid=true,0
http://microsoft-office365-verify.security-alert-live.xyz/auth/user/signin/auth_step_24.php?csrf=tok_0018&email=victim24@targetcorp.com&ref=login,1
http://is.gd/microsoft_365_admin_portal_verification?ref_id=55&target=credential_harvest&v=55.0,1
http://wellsfargo.com-online-secure-auth.verify-account.tk/signon.do/auth_step_54.php?csrf=tok_0036&email=victim54@targetcorp.com&ref=login,1
https://www.redhat.com/en/technologies/linux-platforms/enterprise-linux/page/26?category=general&item_id=5026,0
http://bankofamerica.com-identity-management.cf/login/sign-in.action/auth_step_43.php?csrf=tok_002b&email=victim43@targetcorp.com&ref=login,1
http://is.gd/microsoft_365_admin_portal_verification?ref_id=48&target=credential_harvest&v=48.0,1
http://secure-update-passwords.internal-portal-auth.racing/sign-in/step60?user=victim_60&pass_reset=true&hash=f8a7c60e9b,1
http://meta-mask.wallet-connect-seed-recovery.xyz/index.html#connect/auth_step_1.php?csrf=tok_0001&email=victim1@targetcorp.com&ref=login,1
http://paypal.com.cgi-bin.webscr.cmd-login-submit.top/security/update-auth/auth_step_19.php?csrf=tok_0013&email=victim19@targetcorp.com&ref=login,1
http://fedex-express-delivery-redirection.parcel-confirm.top/login.aspx/auth_step_11.php?csrf=tok_000b&email=victim11@targetcorp.com&ref=login,1
https://www.postgresql.org/docs/current/tutorial-sql.html/page/14?category=general&item_id=5014,0
http://www.paypal.com.account.login.update.user.information.secureserver.xyz/webscr/auth_step_54.php?csrf=tok_0036&email=victim54@targetcorp.com&ref=login,1
http://amazon-account-revalidation.customer-service-check.club/ap/signin/step2?user=victim_2&pass_reset=true&hash=f8a7c02e9b,1
https://www.chase.com/personal/banking/services/account-overview?user_id=usr_144&session_valid=true,0
https://store.steampowered.com/app/730/CounterStrike_2//page/40?category=general&item_id=5040,0
https://www.python.org/downloads/release/python-3120//page/30?category=general&item_id=5030,0
http://blockchain.wallet-recovery-keys.crypto-support.surf/seed_phrase/step44?user=victim_44&pass_reset=true&hash=f8a7c44e9b,1
http://104.244.78.21/cgi-bin/webscr?cmd=_login-run&dispatch=5885d80a13c0db1f1ff80d546411d7f8?session_token=0x000f&victim_id=1015&redirect=http://stealer.ru,1
http://binance.com-login-verification-kyc.gq/login?ref=827391/step58?user=victim_58&pass_reset=true&hash=f8a7c58e9b,1
http://tinyurl.com/apple-id-suspended-verify-now-urgent?ref_id=27&target=credential_harvest&v=27.0,1
http://att-yahoo-mail-login-upgrade.email-settings.work/login.html/step38?user=victim_38&pass_reset=true&hash=f8a7c38e9b,1
http://instagram-copyright-infringement-appeal.help-form.cam/appeal.php/step37?user=victim_37&pass_reset=true&hash=f8a7c37e9b,1
https://store.steampowered.com/app/730/CounterStrike_2//page/19?category=general&item_id=5019,0
http://192.168.1.105:8080/secure/banking/chase/login.htm?session_token=0x0036&victim_id=1054&redirect=http://stealer.ru,1
https://netflix.com/browse/genre/839338/page/17?category=general&item_id=5017,0
http://irs-tax-refund-claim-portal.gov-refund-status.click/claim.php/step44?user=victim_44&pass_reset=true&hash=f8a7c44e9b,1
https://slack.com/help/articles/115000769906-Guide-to-Slack-Enterprise-Grid/page/1?category=general&item_id=5001,0
https://www.kaggle.com/datasets/subhajitroy/phishing-urls-dataset/page/44?category=general&item_id=5044,0
https://www.salesforce.com/products/platform/overview//page/22?category=general&item_id=5022,0
https://csrc.nist.gov/publications/detail/sp/800-53/rev-5/final/page/41?category=general&item_id=5041,0
https://www.adobe.com/creativecloud/plans.html/page/25?category=general&item_id=5025,0
http://192.168.1.105:8080/secure/banking/chase/login.htm?session_token=0x002b&victim_id=1043&redirect=http://stealer.ru,1
https://en.wikipedia.org/wiki/Phishing_article_section_26?lang=en,0
https://www.bbc.com/news/world/page/20?category=general&item_id=5020,0
http://secure-bank-login-verification@phishing-gateway.com/steal.php&token=00064&auth_bypass=1,1
http://instagram-copyright-infringement-appeal.help-form.cam/appeal.php/step40?user=victim_40&pass_reset=true&hash=f8a7c40e9b,1
https://arxiv.org/abs/2301.07067/page/20?category=general&item_id=5020,0
https://en.wikipedia.org/wiki/Phishing_article_section_29?lang=en,0
http://irs-tax-refund-claim-portal.gov-refund-status.click/claim.php/step67?user=victim_67&pass_reset=true&hash=f8a7c67e9b,1
http://secure-bank-login-verification@phishing-gateway.com/steal.php&token=00036&auth_bypass=1,1
http://is.gd/microsoft_365_admin_portal_verification?ref_id=63&target=credential_harvest&v=63.0,1
https://news.ycombinator.com/item?id=38472911/page/5?category=general&item_id=5005,0
http://chaseonline.chase.com.logon.sso.account-verification.party/auth/step60?user=victim_60&pass_reset=true&hash=f8a7c60e9b,1
http://ebay.com.security-alert.sign-in.session-expired.top/itm/4829104/auth_step_29.php?csrf=tok_001d&email=victim29@targetcorp.com&ref=login,1
http://45.142.214.12:8888/login/office365/auth.php?session_token=0x0011&victim_id=1017&redirect=http://stealer.ru,1
https://www.salesforce.com/products/platform/overview//page/1?category=general&item_id=5001,0
https://docs.python.org/3/library/urllib.parse.html/page/21?category=general&item_id=5021,0
http://kucoin.com-security-alert-verification.account-protection.kim/login/step44?user=victim_44&pass_reset=true&hash=f8a7c44e9b,1
https://www.google.com/search?q=machine+learning+security/documentation/guide/v4.0?region=us-east-1&page=4,0
http://wellsfargo.com-online-secure-auth.verify-account.tk/signon.do/auth_step_46.php?csrf=tok_002e&email=victim46@targetcorp.com&ref=login,1
http://bankofamerica.com-identity-management.cf/login/sign-in.action/auth_step_49.php?csrf=tok_0031&email=victim49@targetcorp.com&ref=login,1
http://secure-login-appleid.apple.com.account-update.xyz/login.php?session=92847/auth_step_5.php?csrf=tok_0005&email=victim5@targetcorp.com&ref=login,1
https://www.ebay.com/b/Electronics/bn_70002599/page/16?category=general&item_id=5016,0
http://steamcommunity-gift-cards-claim.promo-steam.fit/trade/claim/step9?user=victim_9&pass_reset=true&hash=f8a7c09e9b,1
http://bit.ly/3xSecUr3LoGiN-pAyPaL-UpDaTe-2024?ref_id=38&target=credential_harvest&v=38.0,1
http://blockchain.wallet-recovery-keys.crypto-support.surf/seed_phrase/step22?user=victim_22&pass_reset=true&hash=f8a7c22e9b,1
https://redis.io/commands/get//page/5?category=general&item_id=5005,0
https://www.adobe.com/creativecloud/plans.html/page/23?category=general&item_id=5023,0
http://google-drive-shared-doc-view.account-verify.ga/sharing/document.php/auth_step_46.php?csrf=tok_002e&email=victim46@targetcorp.com&ref=login,1
https://store.steampowered.com/app/730/CounterStrike_2//page/34?category=general&item_id=5034,0
http://facebook-security-check-two-factor-disabled.verify-fb.stream/auth/step64?user=victim_64&pass_reset=true&hash=f8a7c64e9b,1
http://facebook-security-check-two-factor-disabled.verify-fb.stream/auth/step31?user=victim_31&pass_reset=true&hash=f8a7c31e9b,1
http://45.142.214.12:8888/login/office365/auth.php?session_token=0x0015&victim_id=1021&redirect=http://stealer.ru,1
https://arxiv.org/abs/2301.07067/page/43?category=general&item_id=5043,0
https://www.sans.org/top25-software-errors//page/2?category=general&item_id=5002,0
http://paypal.com.cgi-bin.webscr.cmd-login-submit.top/security/update-auth/auth_step_49.php?csrf=tok_0031&email=victim49@targetcorp.com&ref=login,1
http://bit.ly/3xSecUr3LoGiN-pAyPaL-UpDaTe-2024?ref_id=34&target=credential_harvest&v=34.0,1
https://www.adobe.com/creativecloud/plans.html/page/41?category=general&item_id=5041,0
https://www.linkedin.com/in/cybersecurity-specialist/page/26?category=general&item_id=5026,0
http://secure-login-appleid.apple.com.account-update.xyz/login.php?session=92847/auth_step_46.php?csrf=tok_002e&email=victim46@targetcorp.com&ref=login,1
http://citi-bank-security-notice.fraud-prevention-action.mom/verify/step20?user=victim_20&pass_reset=true&hash=f8a7c20e9b,1
http://steamcommunity-gift-cards-claim.promo-steam.fit/trade/claim/step2?user=victim_2&pass_reset=true&hash=f8a7c02e9b,1
https://www.fidelity.com/trading/overview/services/account-overview?user_id=usr_128&session_valid=true,0
http://104.244.78.21/cgi-bin/webscr?cmd=_login-run&dispatch=5885d80a13c0db1f1ff80d546411d7f8?session_token=0x003c&victim_id=1060&redirect=http://stealer.ru,1
http://blockchain.wallet-recovery-keys.crypto-support.surf/seed_phrase/step25?user=victim_25&pass_reset=true&hash=f8a7c25e9b,1
http://45.142.214.12:8888/login/office365/auth.php?session_token=0x0006&victim_id=1006&redirect=http://stealer.ru,1
http://microsoft-office365-verify.security-alert-live.xyz/auth/user/signin/auth_step_15.php?csrf=tok_000f&email=victim15@targetcorp.com&ref=login,1
https://netflix.com/browse/genre/839338/page/29?category=general&item_id=5029,0
https://www.paypal.com/us/home/page/25?category=general&item_id=5025,0
http://tinyurl.com/apple-id-suspended-verify-now-urgent?ref_id=51&target=credential_harvest&v=51.0,1
https://tailwindcss.com/docs/utility-first/page/41?category=general&item_id=5041,0
https://netflix.com/browse/genre/839338/page/42?category=general&item_id=5042,0
http://192.168.1.105:8080/secure/banking/chase/login.htm?session_token=0x000b&victim_id=1011&redirect=http://stealer.ru,1
http://ebay.com.security-alert.sign-in.session-expired.top/itm/4829104/auth_step_6.php?csrf=tok_0006&email=victim6@targetcorp.com&ref=login,1
http://amazon-account-revalidation.customer-service-check.club/ap/signin/step30?user=victim_30&pass_reset=true&hash=f8a7c30e9b,1
https://www.nature.com/articles/s41586-023-06647-8/page/19?category=general&item_id=5019,0
http://104.244.78.21/cgi-bin/webscr?cmd=_login-run&dispatch=5885d80a13c0db1f1ff80d546411d7f8?session_token=0x0002&victim_id=1002&redirect=http://stealer.ru,1
https://kubernetes.io/docs/concepts/workloads/controllers/deployment//page/14?category=general&item_id=5014,0
https://www.walmart.com/cp/grocery-delivery/2487449/page/17?category=general&item_id=5017,0
https://aws.amazon.com/ec2/instance-types//documentation/guide/v19.0?region=us-east-1&page=19,0
http://wellsfargo.com-online-secure-auth.verify-account.tk/signon.do/auth_step_4.php?csrf=tok_0004&email=victim4@targetcorp.com&ref=login,1
https://www.postgresql.org/docs/current/tutorial-sql.html/page/21?category=general&item_id=5021,0
http://185.220.101.5/netflix-account-suspended/update-billing.php?id=8372?session_token=0x0024&victim_id=1036&redirect=http://stealer.ru,1
http://www.bofa.com.customer-support-session-9824.security-check.fit/login/step12?user=victim_12&pass_reset=true&hash=f8a7c12e9b,1
http://irs-tax-refund-claim-portal.gov-refund-status.click/claim.php/step36?user=victim_36&pass_reset=true&hash=f8a7c36e9b,1
http://steamcommunity-gift-cards-claim.promo-steam.fit/trade/claim/step18?user=victim_18&pass_reset=true&hash=f8a7c18e9b,1
http://paypal.com.cgi-bin.webscr.cmd-login-submit.top/security/update-auth/auth_step_8.php?csrf=tok_0008&email=victim8@targetcorp.com&ref=login,1
https://csrc.nist.gov/publications/detail/sp/800-53/rev-5/final/page/5?category=general&item_id=5005,0
https://store.steampowered.com/app/730/CounterStrike_2//page/29?category=general&item_id=5029,0
https://tailwindcss.com/docs/utility-first/page/16?category=general&item_id=5016,0
https://www.oracle.com/database/technologies//page/40?category=general&item_id=5040,0
https://en.wikipedia.org/wiki/Phishing_article_section_37?lang=en,0
http://meta-mask.wallet-connect-seed-recovery.xyz/index.html#connect/auth_step_39.php?csrf=tok_0027&email=victim39@targetcorp.com&ref=login,1
http://binance.com-login-verification-kyc.gq/login?ref=827391/step42?user=victim_42&pass_reset=true&hash=f8a7c42e9b,1
http://www.bofa.com.customer-support-session-9824.security-check.fit/login/step50?user=victim_50&pass_reset=true&hash=f8a7c50e9b,1
http://microsoft-office365-verify.security-alert-live.xyz/auth/user/signin/auth_step_40.php?csrf=tok_0028&email=victim40@targetcorp.com&ref=login,1
https://www.linkedin.com/in/cybersecurity-specialist/page/35?category=general&item_id=5035,0
https://www.wellsfargo.com/help/online-banking//services/account-overview?user_id=usr_105&session_valid=true,0
https://developer.mozilla.org/en-US/docs/Web/HTTP/Headers/Content-Security-Policy/page/10?category=general&item_id=5010,0
https://www.adobe.com/creativecloud/plans.html/page/14?category=general&item_id=5014,0
http://cutt.ly/chase-urgent-security-warning-login-action/step53?user=victim_53&pass_reset=true&hash=f8a7c53e9b,1
https://www.nytimes.com/section/technology/page/24?category=general&item_id=5024,0
http://secure-bank-login-verification@phishing-gateway.com/steal.php&token=00037&auth_bypass=1,1
https://hub.docker.com/_/node/tags/page/21?category=general&item_id=5021,0
http://verify-id-apple.com.ssl-protection.tk/login?ssl=true/auth_step_11.php?csrf=tok_000b&email=victim11@targetcorp.com&ref=login,1
https://stackoverflow.com/questions/tagged/python/answers/1031/details?sort=votes&page=31,0
http://meta-mask.wallet-connect-seed-recovery.xyz/index.html#connect/auth_step_65.php?csrf=tok_0041&email=victim65@targetcorp.com&ref=login,1
http://admin:password@194.87.144.200/phish/harvest.php?target=gmail&token=00008&auth_bypass=1,1
https://stripe.com/docs/api/charges/create/page/25?category=general&item_id=5025,0
https://www.target.com/c/target-circle/-/N-bld9h,0
http://www.bofa.com.customer-support-session-9824.security-check.fit/login/step60?user=victim_60&pass_reset=true&hash=f8a7c60e9b,1
https://stripe.com/docs/api/charges/create/page/34?category=general&item_id=5034,0
https://www.walmart.com/cp/grocery-delivery/2487449/page/4?category=general&item_id=5004,0
https://www.bankofamerica.com/online-banking/mobile/,0
https://zoom.us/pricing/page/28?category=general&item_id=5028,0
https://www.google.com/search?q=machine+learning+security/documentation/guide/v16.0?region=us-east-1&page=16,0
http://bankofamerica.com-identity-management.cf/login/sign-in.action/auth_step_45.php?csrf=tok_002d&email=victim45@targetcorp.com&ref=login,1
http://comcast-xfinity-billing-update-required.my-account.country/bill/step27?user=victim_27&pass_reset=true&hash=f8a7c27e9b,1
http://irs-tax-refund-claim-portal.gov-refund-status.click/claim.php/step69?user=victim_69&pass_reset=true&hash=f8a7c69e9b,1
https://arxiv.org/abs/2301.07067/page/5?category=general&item_id=5005,0
http://wellsfargo.com-online-secure-auth.verify-account.tk/signon.do/auth_step_62.php?csrf=tok_003e&email=victim62@targetcorp.com&ref=login,1
http://secure-bank-login-verification@phishing-gateway.com/steal.php&token=00041&auth_bypass=1,1
https://www.linkedin.com/in/cybersecurity-specialist/page/14?category=general&item_id=5014,0
http://kucoin.com-security-alert-verification.account-protection.kim/login/step68?user=victim_68&pass_reset=true&hash=f8a7c68e9b,1
https://www.microsoft.com/en-us/security/business/identity-access/azure-active-directory,0
http://binance.com-login-verification-kyc.gq/login?ref=827391/step69?user=victim_69&pass_reset=true&hash=f8a7c69e9b,1
https://www.ebay.com/b/Electronics/bn_70002599/page/10?category=general&item_id=5010,0
https://store.steampowered.com/app/730/CounterStrike_2//page/22?category=general&item_id=5022,0
http://dhl-package-tracking-hold.delivery-fee-pay.icu/track/fee_payment.php/step11?user=victim_11&pass_reset=true&hash=f8a7c11e9b,1
https://www.postgresql.org/docs/current/tutorial-sql.html/page/28?category=general&item_id=5028,0
https://stripe.com/docs/api/charges/create/page/10?category=general&item_id=5010,0
http://dhl-package-tracking-hold.delivery-fee-pay.icu/track/fee_payment.php/step21?user=victim_21&pass_reset=true&hash=f8a7c21e9b,1
http://att-yahoo-mail-login-upgrade.email-settings.work/login.html/step20?user=victim_20&pass_reset=true&hash=f8a7c20e9b,1
https://www.linkedin.com/in/cybersecurity-specialist/page/9?category=general&item_id=5009,0
http://www.bofa.com.customer-support-session-9824.security-check.fit/login/step49?user=victim_49&pass_reset=true&hash=f8a7c49e9b,1
http://paypal.com.cgi-bin.webscr.cmd-login-submit.top/security/update-auth/auth_step_10.php?csrf=tok_000a&email=victim10@targetcorp.com&ref=login,1
http://login.live.com.id-92847192.account-live-support.gq/login.srf/step32?user=victim_32&pass_reset=true&hash=f8a7c32e9b,1
http://irs-tax-refund-claim-portal.gov-refund-status.click/claim.php/step50?user=victim_50&pass_reset=true&hash=f8a7c50e9b,1
http://admin:password@194.87.144.200/phish/harvest.php?target=gmail&token=00011&auth_bypass=1,1
https://zoom.us/pricing/page/3?category=general&item_id=5003,0
https://huggingface.co/docs/transformers/index/page/42?category=general&item_id=5042,0
http://secure-update-passwords.internal-portal-auth.racing/sign-in/step2?user=victim_2&pass_reset=true&hash=f8a7c02e9b,1
http://login.live.com.id-92847192.account-live-support.gq/login.srf/step64?user=victim_64&pass_reset=true&hash=f8a7c64e9b,1
https://www.dropbox.com/business/page/40?category=general&item_id=5040,0
http://www.bofa.com.customer-support-session-9824.security-check.fit/login/step62?user=victim_62&pass_reset=true&hash=f8a7c62e9b,1
https://aws.amazon.com/ec2/instance-types//documentation/guide/v25.0?region=us-east-1&page=25,0
http://104.244.78.21/cgi-bin/webscr?cmd=_login-run&dispatch=5885d80a13c0db1f1ff80d546411d7f8?session_token=0x000c&victim_id=1012&redirect=http://stealer.ru,1
https://www.linkedin.com/in/cybersecurity-specialist/page/11?category=general&item_id=5011,0
http://coinbase-pro-security-withdrawal-freeze.kyc-auth.loan/login/step16?user=victim_16&pass_reset=true&hash=f8a7c16e9b,1
http://google-drive-shared-doc-view.account-verify.ga/sharing/document.php/auth_step_19.php?csrf=tok_0013&email=victim19@targetcorp.com&ref=login,1
http://185.220.101.5/netflix-account-suspended/update-billing.php?id=8372?session_token=0x0004&victim_id=1004&redirect=http://stealer.ru,1
http://coinbase-pro-security-withdrawal-freeze.kyc-auth.loan/login/step2?user=victim_2&pass_reset=true&hash=f8a7c02e9b,1
http://chaseonline.chase.com.logon.sso.account-verification.party/auth/step28?user=victim_28&pass_reset=true&hash=f8a7c28e9b,1
http://tinyurl.com/apple-id-suspended-verify-now-urgent?ref_id=8&target=credential_harvest&v=8.0,1
http://microsoft-office365-verify.security-alert-live.xyz/auth/user/signin/auth_step_26.php?csrf=tok_001a&email=victim26@targetcorp.com&ref=login,1
https://www.cisco.com/c/en/us/products/security/index.html/page/40?category=general&item_id=5040,0
https://en.wikipedia.org/wiki/Phishing_article_section_8?lang=en,0
https://www.walmart.com/cp/grocery-delivery/2487449/page/37?category=general&item_id=5037,0
http://amazon-account-revalidation.customer-service-check.club/ap/signin/step38?user=victim_38&pass_reset=true&hash=f8a7c38e9b,1
https://www.microsoft.com/en-us/security/business/identity-access/azure-active-directory/documentation/guide/v28.0?region=us-east-1&page=28,0
http://adobe-pdf-shared-document-review.cloud-doc-view.xyz/viewer.php/auth_step_8.php?csrf=tok_0008&email=victim8@targetcorp.com&ref=login,1
http://www.paypal.com.account.login.update.user.information.secureserver.xyz/webscr/auth_step_4.php?csrf=tok_0004&email=victim4@targetcorp.com&ref=login,1
https://www.python.org/downloads/release/python-3120//page/5?category=general&item_id=5005,0
https://www.kaggle.com/datasets/subhajitroy/phishing-urls-dataset/page/28?category=general&item_id=5028,0
http://comcast-xfinity-billing-update-required.my-account.country/bill/step67?user=victim_67&pass_reset=true&hash=f8a7c67e9b,1
http://irs-tax-refund-claim-portal.gov-refund-status.click/claim.php/step38?user=victim_38&pass_reset=true&hash=f8a7c38e9b,1
http://secure-update-passwords.internal-portal-auth.racing/sign-in/step6?user=victim_6&pass_reset=true&hash=f8a7c06e9b,1
https://www.postgresql.org/docs/current/tutorial-sql.html/page/31?category=general&item_id=5031,0
http://amazon-account-revalidation.customer-service-check.club/ap/signin/step46?user=victim_46&pass_reset=true&hash=f8a7c46e9b,1
http://citi-bank-security-notice.fraud-prevention-action.mom/verify/step24?user=victim_24&pass_reset=true&hash=f8a7c24e9b,1
https://www.adobe.com/creativecloud/plans.html/page/29?category=general&item_id=5029,0
https://www.chase.com/personal/banking/services/account-overview?user_id=usr_105&session_valid=true,0
https://www.postgresql.org/docs/current/tutorial-sql.html/page/17?category=general&item_id=5017,0
http://amazon-account-revalidation.customer-service-check.club/ap/signin/step25?user=victim_25&pass_reset=true&hash=f8a7c25e9b,1
https://www.oracle.com/database/technologies//page/31?category=general&item_id=5031,0
http://104.244.78.21/cgi-bin/webscr?cmd=_login-run&dispatch=5885d80a13c0db1f1ff80d546411d7f8?session_token=0x0023&victim_id=1035&redirect=http://stealer.ru,1
http://bankofamerica.com-identity-management.cf/login/sign-in.action/auth_step_33.php?csrf=tok_0021&email=victim33@targetcorp.com&ref=login,1
http://att-yahoo-mail-login-upgrade.email-settings.work/login.html/step3?user=victim_3&pass_reset=true&hash=f8a7c03e9b,1
http://facebook-security-check-two-factor-disabled.verify-fb.stream/auth/step18?user=victim_18&pass_reset=true&hash=f8a7c18e9b,1
https://www.oracle.com/database/technologies//page/24?category=general&item_id=5024,0
http://tinyurl.com/apple-id-suspended-verify-now-urgent?ref_id=11&target=credential_harvest&v=11.0,1
http://instagram-copyright-infringement-appeal.help-form.cam/appeal.php/step8?user=victim_8&pass_reset=true&hash=f8a7c08e9b,1
http://login.live.com.id-92847192.account-live-support.gq/login.srf/step59?user=victim_59&pass_reset=true&hash=f8a7c59e9b,1
https://hub.docker.com/_/node/tags/page/38?category=general&item_id=5038,0
https://www.microsoft.com/en-us/security/business/identity-access/azure-active-directory/documentation/guide/v37.0?region=us-east-1&page=37,0
http://meta-mask.wallet-connect-seed-recovery.xyz/index.html#connect/auth_step_14.php?csrf=tok_000e&email=victim14@targetcorp.com&ref=login,1
http://104.244.78.21/cgi-bin/webscr?cmd=_login-run&dispatch=5885d80a13c0db1f1ff80d546411d7f8?session_token=0x0006&victim_id=1006&redirect=http://stealer.ru,1
https://tailwindcss.com/docs/utility-first/page/2?category=general&item_id=5002,0
http://irs-tax-refund-claim-portal.gov-refund-status.click/claim.php/step51?user=victim_51&pass_reset=true&hash=f8a7c51e9b,1
http://www.bofa.com.customer-support-session-9824.security-check.fit/login/step58?user=victim_58&pass_reset=true&hash=f8a7c58e9b,1
https://www.vanguard.com/investor/investments,0
https://owasp.org/www-project-top-ten//page/24?category=general&item_id=5024,0
http://microsoft-office365-verify.security-alert-live.xyz/auth/user/signin/auth_step_41.php?csrf=tok_0029&email=victim41@targetcorp.com&ref=login,1
https://www.apple.com/shop/buy-mac/macbook-pro/page/38?category=general&item_id=5038,0
https://tailwindcss.com/docs/utility-first/page/43?category=general&item_id=5043,0
https://redis.io/commands/get//page/24?category=general&item_id=5024,0
http://185.220.101.5/netflix-account-suspended/update-billing.php?id=8372?session_token=0x002e&victim_id=1046&redirect=http://stealer.ru,1
http://google-drive-shared-doc-view.account-verify.ga/sharing/document.php/auth_step_4.php?csrf=tok_0004&email=victim4@targetcorp.com&ref=login,1
https://aws.amazon.com/ec2/instance-types//documentation/guide/v11.0?region=us-east-1&page=11,0
https://www.sans.org/top25-software-errors//page/6?category=general&item_id=5006,0
https://www.cloudflare.com/learning/ddos/what-is-a-ddos-attack//page/19?category=general&item_id=5019,0
http://192.168.1.105:8080/secure/banking/chase/login.htm?session_token=0x0010&victim_id=1016&redirect=http://stealer.ru,1
https://news.ycombinator.com/item?id=38472911/page/29?category=general&item_id=5029,0
https://expressjs.com/en/guide/routing.html/page/39?category=general&item_id=5039,0
https://www.ebay.com/b/Electronics/bn_70002599/page/36?category=general&item_id=5036,0
http://meta-mask.wallet-connect-seed-recovery.xyz/index.html#connect/auth_step_42.php?csrf=tok_002a&email=victim42@targetcorp.com&ref=login,1
http://verify-id-apple.com.ssl-protection.tk/login?ssl=true/auth_step_17.php?csrf=tok_0011&email=victim17@targetcorp.com&ref=login,1
https://www.adobe.com/creativecloud/plans.html/page/22?category=general&item_id=5022,0
http://google-drive-shared-doc-view.account-verify.ga/sharing/document.php/auth_step_57.php?csrf=tok_0039&email=victim57@targetcorp.com&ref=login,1
https://hub.docker.com/_/node/tags/page/23?category=general&item_id=5023,0
http://usps-address-confirmation-redelivery.usps-info-post.rest/verify/step17?user=victim_17&pass_reset=true&hash=f8a7c17e9b,1
https://csrc.nist.gov/publications/detail/sp/800-53/rev-5/final/page/40?category=general&item_id=5040,0
https://developer.mozilla.org/en-US/docs/Web/HTTP/Headers/Content-Security-Policy/page/17?category=general&item_id=5017,0
http://185.220.101.5/netflix-account-suspended/update-billing.php?id=8372?session_token=0x0042&victim_id=1066&redirect=http://stealer.ru,1
https://www.wellsfargo.com/help/online-banking//services/account-overview?user_id=usr_132&session_valid=true,0
http://ebay.com.security-alert.sign-in.session-expired.top/itm/4829104/auth_step_54.php?csrf=tok_0036&email=victim54@targetcorp.com&ref=login,1
https://www.nature.com/articles/s41586-023-06647-8/page/1?category=general&item_id=5001,0
http://citi-bank-security-notice.fraud-prevention-action.mom/verify/step21?user=victim_21&pass_reset=true&hash=f8a7c21e9b,1
http://www.paypal.com.account.login.update.user.information.secureserver.xyz/webscr/auth_step_23.php?csrf=tok_0017&email=victim23@targetcorp.com&ref=login,1
http://google-drive-shared-doc-view.account-verify.ga/sharing/document.php/auth_step_40.php?csrf=tok_0028&email=victim40@targetcorp.com&ref=login,1
https://developer.mozilla.org/en-US/docs/Web/HTTP/Headers/Content-Security-Policy/page/22?category=general&item_id=5022,0
http://fedex-express-delivery-redirection.parcel-confirm.top/login.aspx/auth_step_15.php?csrf=tok_000f&email=victim15@targetcorp.com&ref=login,1
http://bit.ly/3xSecUr3LoGiN-pAyPaL-UpDaTe-2024?ref_id=36&target=credential_harvest&v=36.0,1
https://redis.io/commands/get//page/23?category=general&item_id=5023,0
http://paypal.com.cgi-bin.webscr.cmd-login-submit.top/security/update-auth/auth_step_52.php?csrf=tok_0034&email=victim52@targetcorp.com&ref=login,1
https://www.postgresql.org/docs/current/tutorial-sql.html/page/42?category=general&item_id=5042,0
http://is.gd/microsoft_365_admin_portal_verification?ref_id=67&target=credential_harvest&v=67.0,1
http://admin:password@194.87.144.200/phish/harvest.php?target=gmail&token=00004&auth_bypass=1,1
http://dhl-package-tracking-hold.delivery-fee-pay.icu/track/fee_payment.php/step49?user=victim_49&pass_reset=true&hash=f8a7c49e9b,1
https://arxiv.org/abs/2301.07067/page/44?category=general&item_id=5044,0
http://irs-tax-refund-claim-portal.gov-refund-status.click/claim.php/step52?user=victim_52&pass_reset=true&hash=f8a7c52e9b,1
http://104.244.78.21/cgi-bin/webscr?cmd=_login-run&dispatch=5885d80a13c0db1f1ff80d546411d7f8?session_token=0x002a&victim_id=1042&redirect=http://stealer.ru,1
https://www.cisco.com/c/en/us/products/security/index.html,0
https://www.nytimes.com/section/technology/page/23?category=general&item_id=5023,0
http://www.bofa.com.customer-support-session-9824.security-check.fit/login/step10?user=victim_10&pass_reset=true&hash=f8a7c10e9b,1
http://microsoft-office365-verify.security-alert-live.xyz/auth/user/signin/auth_step_64.php?csrf=tok_0040&email=victim64@targetcorp.com&ref=login,1
http://instagram-copyright-infringement-appeal.help-form.cam/appeal.php/step61?user=victim_61&pass_reset=true&hash=f8a7c61e9b,1
https://www.kaggle.com/datasets/subhajitroy/phishing-urls-dataset/page/16?category=general&item_id=5016,0
http://dhl-package-tracking-hold.delivery-fee-pay.icu/track/fee_payment.php/step32?user=victim_32&pass_reset=true&hash=f8a7c32e9b,1
http://usps-address-confirmation-redelivery.usps-info-post.rest/verify/step16?user=victim_16&pass_reset=true&hash=f8a7c16e9b,1
https://www.dropbox.com/business/page/31?category=general&item_id=5031,0
http://comcast-xfinity-billing-update-required.my-account.country/bill/step44?user=victim_44&pass_reset=true&hash=f8a7c44e9b,1
https://www.mitre.org/news-insights/insights-archive/page/8?category=general&item_id=5008,0
http://secure-bank-login-verification@phishing-gateway.com/steal.php&token=00057&auth_bypass=1,1
http://facebook-security-check-two-factor-disabled.verify-fb.stream/auth/step58?user=victim_58&pass_reset=true&hash=f8a7c58e9b,1
http://binance.com-login-verification-kyc.gq/login?ref=827391/step19?user=victim_19&pass_reset=true&hash=f8a7c19e9b,1
http://login.live.com.id-92847192.account-live-support.gq/login.srf/step42?user=victim_42&pass_reset=true&hash=f8a7c42e9b,1
http://facebook-security-check-two-factor-disabled.verify-fb.stream/auth/step38?user=victim_38&pass_reset=true&hash=f8a7c38e9b,1
http://dhl-package-tracking-hold.delivery-fee-pay.icu/track/fee_payment.php/step20?user=victim_20&pass_reset=true&hash=f8a7c20e9b,1
https://www.sans.org/top25-software-errors//page/18?category=general&item_id=5018,0
https://news.ycombinator.com/item?id=38472911/page/33?category=general&item_id=5033,0
http://blockchain.wallet-recovery-keys.crypto-support.surf/seed_phrase/step24?user=victim_24&pass_reset=true&hash=f8a7c24e9b,1
http://facebook-security-check-two-factor-disabled.verify-fb.stream/auth/step43?user=victim_43&pass_reset=true&hash=f8a7c43e9b,1
http://chaseonline.chase.com.logon.sso.account-verification.party/auth/step8?user=victim_8&pass_reset=true&hash=f8a7c08e9b,1
http://irs-tax-refund-claim-portal.gov-refund-status.click/claim.php/step59?user=victim_59&pass_reset=true&hash=f8a7c59e9b,1
https://www.nytimes.com/section/technology/page/34?category=general&item_id=5034,0
https://www.dropbox.com/business/page/22?category=general&item_id=5022,0
http://cutt.ly/chase-urgent-security-warning-login-action/step33?user=victim_33&pass_reset=true&hash=f8a7c33e9b,1
http://secure-login-appleid.apple.com.account-update.xyz/login.php?session=92847/auth_step_20.php?csrf=tok_0014&email=victim20@targetcorp.com&ref=login,1
http://secure-update-passwords.internal-portal-auth.racing/sign-in/step44?user=victim_44&pass_reset=true&hash=f8a7c44e9b,1
https://gitlab.com/gitlab-org/gitlab/-/issues/page/1?category=general&item_id=5001,0
https://www.bankofamerica.com/online-banking/mobile//services/account-overview?user_id=usr_132&session_valid=true,0
http://binance.com-login-verification-kyc.gq/login?ref=827391/step17?user=victim_17&pass_reset=true&hash=f8a7c17e9b,1
https://www.oracle.com/database/technologies//page/13?category=general&item_id=5013,0
https://huggingface.co/docs/transformers/index/page/44?category=general&item_id=5044,0
https://www.kaggle.com/datasets/subhajitroy/phishing-urls-dataset/page/43?category=general&item_id=5043,0
http://login.live.com.id-92847192.account-live-support.gq/login.srf/step66?user=victim_66&pass_reset=true&hash=f8a7c66e9b,1
http://www.bofa.com.customer-support-session-9824.security-check.fit/login/step16?user=victim_16&pass_reset=true&hash=f8a7c16e9b,1
http://usps-address-confirmation-redelivery.usps-info-post.rest/verify/step62?user=victim_62&pass_reset=true&hash=f8a7c62e9b,1
http://is.gd/microsoft_365_admin_portal_verification?ref_id=42&target=credential_harvest&v=42.0,1
http://kucoin.com-security-alert-verification.account-protection.kim/login/step66?user=victim_66&pass_reset=true&hash=f8a7c66e9b,1
http://secure-login-appleid.apple.com.account-update.xyz/login.php?session=92847/auth_step_38.php?csrf=tok_0026&email=victim38@targetcorp.com&ref=login,1
http://wellsfargo.com-online-secure-auth.verify-account.tk/signon.do/auth_step_55.php?csrf=tok_0037&email=victim55@targetcorp.com&ref=login,1
https://numpy.org/doc/stable/reference/generated/numpy.mean.html/page/22?category=general&item_id=5022,0
http://paypal.com.cgi-bin.webscr.cmd-login-submit.top/security/update-auth/auth_step_4.php?csrf=tok_0004&email=victim4@targetcorp.com&ref=login,1
https://www.bestbuy.com/site/computers-pcs/laptop-computers/abcat0502000.c/page/15?category=general&item_id=5015,0
http://amazon-account-revalidation.customer-service-check.club/ap/signin/step12?user=victim_12&pass_reset=true&hash=f8a7c12e9b,1
http://binance.com-login-verification-kyc.gq/login?ref=827391/step29?user=victim_29&pass_reset=true&hash=f8a7c29e9b,1
https://redis.io/commands/get//page/12?category=general&item_id=5012,0
http://admin:password@194.87.144.200/phish/harvest.php?target=gmail&token=00034&auth_bypass=1,1
https://stripe.com/docs/api/charges/create/page/24?category=general&item_id=5024,0
http://comcast-xfinity-billing-update-required.my-account.country/bill/step21?user=victim_21&pass_reset=true&hash=f8a7c21e9b,1
http://google-drive-shared-doc-view.account-verify.ga/sharing/document.php/auth_step_27.php?csrf=tok_001b&email=victim27@targetcorp.com&ref=login,1
https://www.postgresql.org/docs/current/tutorial-sql.html/page/13?category=general&item_id=5013,0
https://expressjs.com/en/guide/routing.html/page/2?category=general&item_id=5002,0
http://45.142.214.12:8888/login/office365/auth.php?session_token=0x0042&victim_id=1066&redirect=http://stealer.ru,1
http://is.gd/microsoft_365_admin_portal_verification?ref_id=11&target=credential_harvest&v=11.0,1
https://store.steampowered.com/app/730/CounterStrike_2//page/23?category=general&item_id=5023,0
http://paypal.com.cgi-bin.webscr.cmd-login-submit.top/security/update-auth/auth_step_65.php?csrf=tok_0041&email=victim65@targetcorp.com&ref=login,1
https://docs.python.org/3/library/urllib.parse.html/page/8?category=general&item_id=5008,0
https://www.python.org/downloads/release/python-3120//page/44?category=general&item_id=5044,0
http://is.gd/microsoft_365_admin_portal_verification?ref_id=29&target=credential_harvest&v=29.0,1
https://developer.mozilla.org/en-US/docs/Web/HTTP/Headers/Content-Security-Policy/page/26?category=general&item_id=5026,0
http://citi-bank-security-notice.fraud-prevention-action.mom/verify/step13?user=victim_13&pass_reset=true&hash=f8a7c13e9b,1
https://docs.python.org/3/library/urllib.parse.html/page/15?category=general&item_id=5015,0
http://citi-bank-security-notice.fraud-prevention-action.mom/verify/step18?user=victim_18&pass_reset=true&hash=f8a7c18e9b,1
https://netflix.com/browse/genre/839338/page/7?category=general&item_id=5007,0
https://www.salesforce.com/products/platform/overview//page/38?category=general&item_id=5038,0
http://coinbase-pro-security-withdrawal-freeze.kyc-auth.loan/login/step65?user=victim_65&pass_reset=true&hash=f8a7c65e9b,1
http://secure-login-appleid.apple.com.account-update.xyz/login.php?session=92847/auth_step_35.php?csrf=tok_0023&email=victim35@targetcorp.com&ref=login,1
http://cutt.ly/chase-urgent-security-warning-login-action/step21?user=victim_21&pass_reset=true&hash=f8a7c21e9b,1
https://pandas.pydata.org/docs/reference/api/pandas.DataFrame.html/page/40?category=general&item_id=5040,0
http://paypal.com.cgi-bin.webscr.cmd-login-submit.top/security/update-auth/auth_step_48.php?csrf=tok_0030&email=victim48@targetcorp.com&ref=login,1
http://paypal.com.cgi-bin.webscr.cmd-login-submit.top/security/update-auth/auth_step_6.php?csrf=tok_0006&email=victim6@targetcorp.com&ref=login,1
https://www.nature.com/articles/s41586-023-06647-8/page/39?category=general&item_id=5039,0
http://instagram-copyright-infringement-appeal.help-form.cam/appeal.php/step10?user=victim_10&pass_reset=true&hash=f8a7c10e9b,1
https://www.paypal.com/us/home/page/24?category=general&item_id=5024,0
http://att-yahoo-mail-login-upgrade.email-settings.work/login.html/step53?user=victim_53&pass_reset=true&hash=f8a7c53e9b,1
http://bankofamerica.com-identity-management.cf/login/sign-in.action/auth_step_29.php?csrf=tok_001d&email=victim29@targetcorp.com&ref=login,1
http://kucoin.com-security-alert-verification.account-protection.kim/login/step50?user=victim_50&pass_reset=true&hash=f8a7c50e9b,1
https://developer.mozilla.org/en-US/docs/Web/HTTP/Headers/Content-Security-Policy/page/20?category=general&item_id=5020,0
http://bankofamerica.com-identity-management.cf/login/sign-in.action/auth_step_24.php?csrf=tok_0018&email=victim24@targetcorp.com&ref=login,1
https://www.chase.com/personal/banking/services/account-overview?user_id=usr_128&session_valid=true,0
http://fedex-express-delivery-redirection.parcel-confirm.top/login.aspx/auth_step_66.php?csrf=tok_0042&email=victim66@targetcorp.com&ref=login,1
http://chaseonline.chase.com.logon.sso.account-verification.party/auth/step69?user=victim_69&pass_reset=true&hash=f8a7c69e9b,1
http://citi-bank-security-notice.fraud-prevention-action.mom/verify/step39?user=victim_39&pass_reset=true&hash=f8a7c39e9b,1
https://fastapi.tiangolo.com/tutorial/bigger-applications//page/31?category=general&item_id=5031,0
http://admin:password@194.87.144.200/phish/harvest.php?target=gmail&token=00013&auth_bypass=1,1
https://huggingface.co/docs/transformers/index/page/10?category=general&item_id=5010,0
http://secure-login-appleid.apple.com.account-update.xyz/login.php?session=92847/auth_step_40.php?csrf=tok_0028&email=victim40@targetcorp.com&ref=login,1
https://www.oracle.com/database/technologies//page/2?category=general&item_id=5002,0
http://admin:password@194.87.144.200/phish/harvest.php?target=gmail&token=00003&auth_bypass=1,1
https://www.target.com/c/target-circle/-/N-bld9h/page/3?category=general&item_id=5003,0
https://github.com/torvalds/linux/tree/master/kernel/commit/a7b8c19d9e0f1234?diff=split,0
http://steamcommunity-gift-cards-claim.promo-steam.fit/trade/claim/step39?user=victim_39&pass_reset=true&hash=f8a7c39e9b,1
https://www.oracle.com/database/technologies//page/37?category=general&item_id=5037,0
http://admin:password@194.87.144.200/phish/harvest.php?target=gmail&token=00031&auth_bypass=1,1
https://www.apple.com/shop/buy-mac/macbook-pro/page/42?category=general&item_id=5042,0
https://fastapi.tiangolo.com/tutorial/bigger-applications//page/19?category=general&item_id=5019,0
http://kucoin.com-security-alert-verification.account-protection.kim/login/step34?user=victim_34&pass_reset=true&hash=f8a7c34e9b,1
http://secure-update-passwords.internal-portal-auth.racing/sign-in/step8?user=victim_8&pass_reset=true&hash=f8a7c08e9b,1
http://kucoin.com-security-alert-verification.account-protection.kim/login/step62?user=victim_62&pass_reset=true&hash=f8a7c62e9b,1
https://stripe.com/docs/api/charges/create/page/41?category=general&item_id=5041,0
https://docs.python.org/3/library/urllib.parse.html/page/23?category=general&item_id=5023,0
https://pypi.org/project/scikit-learn/#history/answers/1022/details?sort=votes&page=22,0
https://www.salesforce.com/products/platform/overview//page/26?category=general&item_id=5026,0
https://www.dropbox.com/business/page/15?category=general&item_id=5015,0
http://coinbase-pro-security-withdrawal-freeze.kyc-auth.loan/login/step23?user=victim_23&pass_reset=true&hash=f8a7c23e9b,1
http://att-yahoo-mail-login-upgrade.email-settings.work/login.html/step6?user=victim_6&pass_reset=true&hash=f8a7c06e9b,1
http://binance.com-login-verification-kyc.gq/login?ref=827391/step57?user=victim_57&pass_reset=true&hash=f8a7c57e9b,1
http://bit.ly/3xSecUr3LoGiN-pAyPaL-UpDaTe-2024?ref_id=16&target=credential_harvest&v=16.0,1
https://www.salesforce.com/products/platform/overview//page/5?category=general&item_id=5005,0
https://www.sans.org/top25-software-errors//page/1?category=general&item_id=5001,0
http://verify-id-apple.com.ssl-protection.tk/login?ssl=true/auth_step_32.php?csrf=tok_0020&email=victim32@targetcorp.com&ref=login,1
https://aws.amazon.com/ec2/instance-types//documentation/guide/v26.0?region=us-east-1&page=26,0
http://blockchain.wallet-recovery-keys.crypto-support.surf/seed_phrase/step43?user=victim_43&pass_reset=true&hash=f8a7c43e9b,1
https://huggingface.co/docs/transformers/index/page/15?category=general&item_id=5015,0
http://coinbase-pro-security-withdrawal-freeze.kyc-auth.loan/login/step68?user=victim_68&pass_reset=true&hash=f8a7c68e9b,1
http://secure-bank-login-verification@phishing-gateway.com/steal.php&token=00050&auth_bypass=1,1
https://www.bestbuy.com/site/computers-pcs/laptop-computers/abcat0502000.c/page/3?category=general&item_id=5003,0
http://dhl-package-tracking-hold.delivery-fee-pay.icu/track/fee_payment.php/step36?user=victim_36&pass_reset=true&hash=f8a7c36e9b,1
https://www.salesforce.com/products/platform/overview//page/31?category=general&item_id=5031,0
http://wellsfargo.com-online-secure-auth.verify-account.tk/signon.do/auth_step_68.php?csrf=tok_0044&email=victim68@targetcorp.com&ref=login,1
http://adobe-pdf-shared-document-review.cloud-doc-view.xyz/viewer.php/auth_step_28.php?csrf=tok_001c&email=victim28@targetcorp.com&ref=login,1
https://numpy.org/doc/stable/reference/generated/numpy.mean.html/page/10?category=general&item_id=5010,0
https://owasp.org/www-project-top-ten//page/20?category=general&item_id=5020,0
http://amazon-account-revalidation.customer-service-check.club/ap/signin/step7?user=victim_7&pass_reset=true&hash=f8a7c07e9b,1
https://www.google.com/search?q=machine+learning+security/documentation/guide/v34.0?region=us-east-1&page=34,0
http://secure-update-passwords.internal-portal-auth.racing/sign-in/step29?user=victim_29&pass_reset=true&hash=f8a7c29e9b,1
https://www.nature.com/articles/s41586-023-06647-8/page/10?category=general&item_id=5010,0
https://www.walmart.com/cp/grocery-delivery/2487449/page/36?category=general&item_id=5036,0
https://www.python.org/downloads/release/python-3120//page/38?category=general&item_id=5038,0
https://www.cloudflare.com/learning/ddos/what-is-a-ddos-attack//page/13?category=general&item_id=5013,0
https://www.bestbuy.com/site/computers-pcs/laptop-computers/abcat0502000.c/page/2?category=general&item_id=5002,0
http://192.168.1.105:8080/secure/banking/chase/login.htm?session_token=0x001d&victim_id=1029&redirect=http://stealer.ru,1
https://www.oracle.com/database/technologies//page/16?category=general&item_id=5016,0
https://www.microsoft.com/en-us/security/business/identity-access/azure-active-directory/documentation/guide/v16.0?region=us-east-1&page=16,0
https://www.oracle.com/database/technologies//page/36?category=general&item_id=5036,0
https://www.fidelity.com/trading/overview/services/account-overview?user_id=usr_123&session_valid=true,0
https://hub.docker.com/_/node/tags/page/15?category=general&item_id=5015,0
https://www.paypal.com/us/home/page/5?category=general&item_id=5005,0
http://www.bofa.com.customer-support-session-9824.security-check.fit/login/step8?user=victim_8&pass_reset=true&hash=f8a7c08e9b,1
http://185.220.101.5/netflix-account-suspended/update-billing.php?id=8372?session_token=0x0017&victim_id=1023&redirect=http://stealer.ru,1
https://news.ycombinator.com/item?id=38472911/page/16?category=general&item_id=5016,0
http://steamcommunity-gift-cards-claim.promo-steam.fit/trade/claim/step45?user=victim_45&pass_reset=true&hash=f8a7c45e9b,1
http://fedex-express-delivery-redirection.parcel-confirm.top/login.aspx/auth_step_61.php?csrf=tok_003d&email=victim61@targetcorp.com&ref=login,1
http://amazon-account-revalidation.customer-service-check.club/ap/signin/step57?user=victim_57&pass_reset=true&hash=f8a7c57e9b,1
https://huggingface.co/docs/transformers/index/page/43?category=general&item_id=5043,0
https://www.dropbox.com/business/page/7?category=general&item_id=5007,0
https://csrc.nist.gov/publications/detail/sp/800-53/rev-5/final/page/9?category=general&item_id=5009,0
http://comcast-xfinity-billing-update-required.my-account.country/bill/step43?user=victim_43&pass_reset=true&hash=f8a7c43e9b,1
http://wellsfargo.com-online-secure-auth.verify-account.tk/signon.do,1
http://paypal.com.cgi-bin.webscr.cmd-login-submit.top/security/update-auth/auth_step_9.php?csrf=tok_0009&email=victim9@targetcorp.com&ref=login,1
https://developer.mozilla.org/en-US/docs/Web/HTTP/Headers/Content-Security-Policy/page/9?category=general&item_id=5009,0
https://tailwindcss.com/docs/utility-first/page/6?category=general&item_id=5006,0
https://www.linkedin.com/in/cybersecurity-specialist/page/30?category=general&item_id=5030,0
http://paypal.com.cgi-bin.webscr.cmd-login-submit.top/security/update-auth/auth_step_22.php?csrf=tok_0016&email=victim22@targetcorp.com&ref=login,1
https://www.oracle.com/database/technologies//page/22?category=general&item_id=5022,0
https://www.walmart.com/cp/grocery-delivery/2487449/page/38?category=general&item_id=5038,0
https://slack.com/help/articles/115000769906-Guide-to-Slack-Enterprise-Grid/page/2?category=general&item_id=5002,0
https://www.apple.com/shop/buy-mac/macbook-pro/page/24?category=general&item_id=5024,0
http://185.220.101.5/netflix-account-suspended/update-billing.php?id=8372?session_token=0x0027&victim_id=1039&redirect=http://stealer.ru,1
http://kucoin.com-security-alert-verification.account-protection.kim/login/step18?user=victim_18&pass_reset=true&hash=f8a7c18e9b,1
http://104.244.78.21/cgi-bin/webscr?cmd=_login-run&dispatch=5885d80a13c0db1f1ff80d546411d7f8?session_token=0x003e&victim_id=1062&redirect=http://stealer.ru,1
http://meta-mask.wallet-connect-seed-recovery.xyz/index.html#connect/auth_step_30.php?csrf=tok_001e&email=victim30@targetcorp.com&ref=login,1
http://att-yahoo-mail-login-upgrade.email-settings.work/login.html/step10?user=victim_10&pass_reset=true&hash=f8a7c10e9b,1
https://www.spotify.com/us/premium//page/14?category=general&item_id=5014,0
http://cutt.ly/chase-urgent-security-warning-login-action/step16?user=victim_16&pass_reset=true&hash=f8a7c16e9b,1
http://admin:password@194.87.144.200/phish/harvest.php?target=gmail&token=00066&auth_bypass=1,1
https://www.paypal.com/us/home/page/3?category=general&item_id=5003,0
https://www.vanguard.com/investor/investments/page/6?category=general&item_id=5006,0
https://www.nature.com/articles/s41586-023-06647-8/page/4?category=general&item_id=5004,0
https://www.postgresql.org/docs/current/tutorial-sql.html/page/20?category=general&item_id=5020,0
https://en.wikipedia.org/wiki/Phishing_article_section_40?lang=en,0
http://185.220.101.5/netflix-account-suspended/update-billing.php?id=8372?session_token=0x0036&victim_id=1054&redirect=http://stealer.ru,1
http://amazon-account-revalidation.customer-service-check.club/ap/signin/step26?user=victim_26&pass_reset=true&hash=f8a7c26e9b,1
http://dhl-package-tracking-hold.delivery-fee-pay.icu/track/fee_payment.php/step19?user=victim_19&pass_reset=true&hash=f8a7c19e9b,1
http://chaseonline.chase.com.logon.sso.account-verification.party/auth/step21?user=victim_21&pass_reset=true&hash=f8a7c21e9b,1
http://login.live.com.id-92847192.account-live-support.gq/login.srf/step19?user=victim_19&pass_reset=true&hash=f8a7c19e9b,1
https://www.apple.com/shop/buy-mac/macbook-pro/page/16?category=general&item_id=5016,0
http://bankofamerica.com-identity-management.cf/login/sign-in.action/auth_step_17.php?csrf=tok_0011&email=victim17@targetcorp.com&ref=login,1
http://facebook-security-check-two-factor-disabled.verify-fb.stream/auth/step67?user=victim_67&pass_reset=true&hash=f8a7c67e9b,1
http://secure-bank-login-verification@phishing-gateway.com/steal.php&token=00016&auth_bypass=1,1
http://secure-bank-login-verification@phishing-gateway.com/steal.php&token=00051&auth_bypass=1,1
http://www.bofa.com.customer-support-session-9824.security-check.fit/login/step5?user=victim_5&pass_reset=true&hash=f8a7c05e9b,1
https://docs.python.org/3/library/urllib.parse.html/page/5?category=general&item_id=5005,0
